company,location,total_laid_off,date,percentage_laid_off,industry,source,stage,funds_raised,country,date_added
#Paid,"Toronto, Non-U.S.",19.0,2023-01-27,0.17,Marketing,0,"Series B",21,Canada,1/28/2023
&Open,"Dublin, Non-U.S.",9.0,2022-11-17,0.09,Marketing,0,"Series A",35,Ireland,12/1/2022
0G,"SF Bay Area",,2026-05-05,0.25,Crypto,0,Unknown,0,"United States",5/7/2026
"100 Thieves","Los Angeles",12.0,2022-07-13,,Consumer,0,"Series C",120,"United States",7/18/2022
"100 Thieves","Los Angeles",,2023-01-10,,Retail,0,"Series C",120,"United States",1/12/2023
"10X Genomics","SF Bay Area",100.0,2022-08-04,0.08,Healthcare,0,Post-IPO,242,"United States",8/4/2022
123Milhas,"Belo Horizonte, Non-U.S.",,2023-08-29,,Travel,0,Unknown,0,Brazil,10/6/2023
"1K Kirana","Gurugram, Non-U.S.",600.0,2023-04-04,0.4,Retail,0,"Series B",0,India,4/4/2023
1stdibs,"New York City",70.0,2020-04-02,0.17,Retail,0,"Series D",253,"United States",4/8/2020
23andMe,"SF Bay Area",200.0,2024-11-11,0.4,Healthcare,0,Post-IPO,1100,"United States",11/12/2024
23andMe,"SF Bay Area",71.0,2023-08-08,0.11,Healthcare,0,Post-IPO,1100,"United States",8/8/2023
23andMe,"SF Bay Area",75.0,2023-06-09,0.09,Healthcare,0,Post-IPO,1100,"United States",6/9/2023
2TM,"Sao Paulo, Non-U.S.",100.0,2022-09-01,0.15,Crypto,0,Unknown,250,Brazil,9/2/2022
2TM,"Sao Paulo, Non-U.S.",90.0,2022-06-01,0.12,Crypto,0,Unknown,250,Brazil,6/2/2022
2U,"Washington D.C.",,2024-01-22,,Education,0,Post-IPO,426,"United States",1/23/2024
2U,"Washington D.C.",,2024-12-04,,Education,0,Post-IPO,426,"United States",12/7/2024
2U,"Washington D.C.",,2025-03-31,,Education,0,Post-IPO,426,"United States",4/1/2025
2U,"Washington D.C.",,2023-09-28,,Education,0,Post-IPO,426,"United States",9/29/2023
2U,"Washington D.C.",,2022-07-28,0.2,Education,0,Post-IPO,426,"United States",7/30/2022
54gene,"Washington D.C.",95.0,2022-08-29,0.3,Healthcare,0,"Series B",44,"United States",8/30/2022
"5B Solar","Sydney, Non-U.S.",,2022-06-03,0.25,Energy,0,"Series A",12,Australia,6/3/2022
6sense,"SF Bay Area",150.0,2022-10-12,0.1,Sales,0,"Series E",426,"United States",10/14/2022
7shifts,"Saskatoon, Non-U.S.",30.0,2023-09-15,0.07,Food,0,"Series C",131,Canada,9/21/2023
7Shifts,"Saskatoon, Non-U.S.",68.0,2024-01-11,0.19,Food,0,"Series C",131,Canada,1/18/2024
"80 Acres Farms",Cincinnati,,2023-01-18,0.1,Food,0,Unknown,275,"United States",1/19/2023
888,"Tel Aviv, Non-U.S.",,2024-01-11,,Consumer,0,Post-IPO,0,Israel,1/13/2024
8x8,"SF Bay Area",155.0,2023-01-18,0.07,Support,0,Post-IPO,253,"United States",1/18/2023
8x8,"SF Bay Area",200.0,2022-10-04,0.09,Support,0,Post-IPO,253,"United States",1/18/2023
91Trucks,"Gurugram, Non-U.S.",100.0,2026-06-22,0.7,Transportation,0,"Series A",5,India,6/23/2026
98point6,Seattle,,2024-04-23,,Healthcare,0,Acquired,299,"United States",4/25/2024
98point6,Seattle,,2022-07-21,0.1,Healthcare,0,"Series E",247,"United States",7/22/2022
99,"Sao Paulo, Non-U.S.",75.0,2022-09-20,0.02,Transportation,0,Acquired,244,Brazil,9/21/2022
Aakash,"New Delhi, Non-U.S.",80.0,2024-09-18,,Education,0,Acquired,0,India,9/21/2024
ABBYY,Nicosia,200.0,2024-10-01,,Data,0,Unknown,6,Cyprus,10/3/2024
ABL,"Los Angeles",,2024-09-03,,Aerospace,0,Unknown,479,"United States",9/4/2024
Abra,"SF Bay Area",12.0,2022-06-30,0.05,Crypto,0,"Series C",106,"United States",7/1/2022
Absci,Portland,30.0,2023-09-05,0.15,Healthcare,0,Post-IPO,238,"United States",9/7/2023
Absci,"Vancouver, Non-U.S.",40.0,2022-08-09,,Healthcare,0,Post-IPO,237,Canada,8/10/2022
"Absolute Software","Vancouver, Non-U.S.",40.0,2023-04-06,0.05,Security,0,Post-IPO,0,Canada,4/6/2023
Acast,"Stockholm, Non-U.S.",70.0,2022-09-15,0.15,Media,0,Post-IPO,126,Sweden,9/15/2022
Accolade,Seattle,,2023-03-03,,Healthcare,0,Post-IPO,458,"United States",3/7/2023
Acko,"Mumbai, Non-U.S.",45.0,2020-04-01,0.09,Finance,0,Unknown,143,India,4/8/2020
Acko,"Mumbai, Non-U.S.",60.0,2026-04-20,0.05,Finance,0,Unknown,143,India,4/20/2026
Acorns,Portland,50.0,2020-05-26,,Finance,0,Unknown,207,"United States",5/30/2020
Acronis,"Zurich, Non-U.S.",,2023-10-11,,Security,0,"Private Equity",658,Switzerland,10/12/2023
Actifio,Boston,54.0,2020-12-16,,Data,0,Acquired,352,"United States",12/17/2020
ActiveCampaign,Chicago,,2022-10-03,0.15,Marketing,0,"Series C",360,"United States",10/7/2022
ActiveFence,"New York City",22.0,2025-03-13,0.07,Security,0,"Series B",100,"United States",3/14/2025
Actyv.ai,"Bengaluru, Non-U.S.",,2023-08-02,0.6,Finance,0,Seed,12,India,8/3/2023
Acxiom,"Little Rock",,2023-04-11,,Marketing,0,Post-IPO,0,"United States",4/12/2023
Acxiom,"Little Rock",130.0,2025-03-19,0.03,Marketing,0,Post-IPO,0,"United States",3/21/2025
Ada,"Toronto, Non-U.S.",,2023-02-01,,Support,0,"Series C",190,Canada,2/3/2023
Ada,"Toronto, Non-U.S.",78.0,2022-09-20,0.16,Support,0,"Series C",190,Canada,9/21/2022
"Ada Health","Berlin, Non-U.S.",50.0,2022-10-17,,Healthcare,0,"Series B",189,Germany,10/26/2022
"Ada Support","Toronto, Non-U.S.",36.0,2020-04-24,0.23,Support,0,"Series B",60,Canada,4/24/2020
"Adaptive Biotechnologies",Seattle,100.0,2022-03-08,0.12,Healthcare,0,Post-IPO,406,"United States",5/29/2022
Adara,"SF Bay Area",,2020-03-31,,Travel,0,"Series C",67,"United States",4/6/2020
Adda247,"Gurugram, Non-U.S.",200.0,2026-05-10,0.2,Education,0,"Series B",61,India,5/11/2026
Adda247,"Gurugram, Non-U.S.",300.0,2023-10-14,,Education,0,"Series B",61,India,10/15/2023
Addepar,"SF Bay Area",20.0,2023-01-18,0.03,Finance,0,"Series F",491,"United States",1/18/2023
Addi,"Bogota, Non-U.S.",,2022-06-14,,Finance,0,"Series C",376,Colombia,6/15/2022
Adjust,"Berlin, Non-U.S.",304.0,2024-11-22,,Marketing,0,Acquired,256,Germany,11/24/2024
Adobe,"SF Bay Area",100.0,2022-12-06,,Marketing,0,Post-IPO,2,"United States",12/7/2022
ADP,"Jersey City",76.0,2026-06-26,,HR,0,Post-IPO,0,"United States",6/30/2026
AdRoll,"Salt Lake City",210.0,2020-03-31,0.3,Marketing,0,"Series C",89,"United States",4/1/2020
Advata,Seattle,32.0,2022-10-28,0.21,Healthcare,0,,0,"United States",10/31/2022
"Advisor Credit Exchange",Philadelphia,,2025-01-14,1.0,Finance,0,Unknown,31,"United States",1/15/2025
Adwerx,Durham,40.0,2022-07-07,,Marketing,0,Unknown,20,"United States",7/8/2022
AEye,"SF Bay Area",46.0,2023-03-28,0.33,Transportation,0,Post-IPO,314,"United States",3/29/2023
Affirm,Pittsburgh,60.0,2024-02-21,,Finance,0,Post-IPO,1500,"United States",2/22/2024
Affirm,"SF Bay Area",,2022-11-03,0.01,Finance,0,Post-IPO,1500,"United States",11/4/2022
Affirm,"SF Bay Area",500.0,2023-02-08,0.19,Finance,0,Post-IPO,1500,"United States",2/8/2023
Afterverse,"Brasilia, Non-U.S.",60.0,2022-06-03,0.2,Consumer,0,Unknown,0,Brazil,1/21/2023
AgentSync,Denver,67.0,2023-07-19,0.24,Finance,0,"Series B",111,"United States",7/26/2023
"Agility Robotics",Portland,,2024-04-04,,Other,0,"Series B",179,"United States",4/5/2024
Agoda,"Singapore, Non-U.S.",1500.0,2020-05-18,0.25,Travel,0,Acquired,0,Singapore,5/19/2020
Ahead,"SF Bay Area",44.0,2022-04-14,1.0,Healthcare,0,Unknown,9,"United States",4/15/2022
"AI Fleet",Austin,,2025-11-13,,Transportation,0,"Series B",56,"United States",11/14/2025
"AI21 Labs","Tel Aviv, Non-U.S.",110.0,2026-05-18,0.61,AI,0,"Series D",626,Israel,5/20/2026
Air,"New York City",,2020-09-16,0.16,Marketing,0,"Series A",18,"United States",9/21/2020
Airbnb,"SF Bay Area",1900.0,2020-05-05,0.25,Travel,0,"Private Equity",5400,"United States",5/5/2020
Airbnb,"SF Bay Area",30.0,2023-03-03,,Travel,0,Post-IPO,6400,"United States",3/4/2023
Airbyte,"SF Bay Area",,2023-03-31,,Data,0,"Series B",181,"United States",4/12/2023
Airlift,"Lahore, Non-U.S.",,2022-05-25,0.31,Logistics,0,"Series B",109,Pakistan,5/25/2022
Airlift,"Lahore, Non-U.S.",,2022-07-12,1.0,Logistics,0,"Series B",109,Pakistan,7/13/2022
AirMap,"Los Angeles",,2020-04-30,,Aerospace,0,Unknown,75,"United States",5/2/2020
Airmeet,"Bengaluru, Non-U.S.",,2024-03-19,0.2,Marketing,0,"Series B",50,India,3/20/2024
Airmeet,"Bengaluru, Non-U.S.",75.0,2023-05-25,0.3,Marketing,0,"Series B",50,India,5/26/2023
AirSlate,Boston,170.0,2025-10-23,,Other,0,"Series B",181,"United States",7/11/2026
Airtable,"SF Bay Area",237.0,2023-09-14,0.27,Product,0,"Series F",1400,"United States",9/14/2023
Airtable,"SF Bay Area",254.0,2022-12-08,0.2,Product,0,"Series F",1400,"United States",12/8/2022
Airtame,"Copenhagen, Non-U.S.",15.0,2022-06-15,,Consumer,0,Unknown,7,Denmark,6/16/2022
Airtasker,"Sydney, Non-U.S.",,2022-07-04,,Consumer,0,"Series C",26,Australia,7/4/2022
Airtasker,"Sydney, Non-U.S.",45.0,2023-04-27,0.2,Retail,0,"Series C",26,Australia,4/28/2023
Airthings,"Oslo, Non-U.S.",,2024-10-24,,Hardware,0,Unknown,0,Norway,10/26/2024
Airtime,"New York City",25.0,2025-06-04,0.43,Consumer,0,"Series B",33,"United States",6/5/2025
Airtime,"New York City",30.0,2022-05-23,0.2,Consumer,0,"Series B",33,"United States",8/17/2022
"Airy Rooms","Jakarta, Non-U.S.",,2020-04-22,0.7000000000000001,Travel,0,Unknown,0,Indonesia,5/10/2020
"Airy Rooms","Jakarta, Non-U.S.",,2020-05-07,1.0,Travel,0,Unknown,0,Indonesia,6/4/2020
Aiven,"Helsinki, Non-U.S.",,2023-01-18,0.2,Infrastructure,0,"Series D",420,Finland,1/18/2023
Ajaib,"Jakarta, Non-U.S.",67.0,2022-11-28,0.08,Finance,0,Unknown,245,Indonesia,11/30/2022
Akamai,Boston,250.0,2024-11-07,0.02,Security,0,Post-IPO,35,"United States",11/8/2024
Akamai,Boston,290.0,2023-05-09,0.03,Security,0,Post-IPO,35,"United States",5/10/2023
Akerna,Denver,,2022-05-27,,Logistics,0,Unknown,46,"United States",6/11/2022
Akerna,Denver,,2020-09-02,,Logistics,0,Post-IPO,0,"United States",9/4/2020
"Akili Interactive",Boston,,2024-04-30,0.46,Healthcare,0,Post-IPO,271,"United States",5/2/2024
"Akili Labs",Boston,,2023-09-13,0.4,Healthcare,0,Post-IPO,301,"United States",9/14/2023
"Akili Labs",Boston,46.0,2023-01-12,0.3,Healthcare,0,Post-IPO,301,"United States",1/14/2023
Akseleran,"Jakarta, Non-U.S.",60.0,2023-07-27,,Finance,0,"Series A",9,Indonesia,7/29/2023
Akudo,"Bengaluru, Non-U.S.",,2023-09-20,1.0,Finance,0,Seed,4,India,12/4/2023
Akulaku,"Jakarta, Non-U.S.",100.0,2020-04-15,,Finance,0,"Series D",160,Indonesia,4/20/2020
Alarum,"Tel Aviv, Non-U.S.",,2026-07-12,,Security,0,Post-IPO,34,Israel,7/13/2026
AlayaCare,Montreal,80.0,2022-08-16,0.14,Healthcare,0,"Series D",293,Canada,8/17/2022
Albert,"Los Angeles",20.0,2022-06-10,0.08,Finance,0,"Series C",175,"United States",6/11/2022
Alegion,Austin,,2020-04-03,,Data,0,"Series A",16,"United States",4/9/2020
"Aleph Alpha","Frankfurt, Non-U.S.",50.0,2026-01-14,0.16,AI,0,"Series B",534,Germany,1/19/2026
"Aleph Farms","Tel Aviv, Non-U.S.",10.0,2026-06-02,,Food,0,Unknown,119,Israel,6/3/2026
"Aleph Farms","Tel Aviv, Non-U.S.",30.0,2024-06-05,0.3,Food,0,Unknown,119,Israel,6/5/2024
Alerzo,"Ibadan, Non-U.S.",,2022-09-02,,Retail,0,"Series B",16,Nigeria,3/7/2023
Alerzo,"Ibadan, Non-U.S.",100.0,2023-11-21,,Retail,0,"Series B",16,Nigeria,11/22/2023
Alerzo,"Ibadan, Non-U.S.",400.0,2023-03-06,,Retail,0,"Series B",16,Nigeria,3/7/2023
"Algorand Foundation","Singapore, Non-U.S.",,2026-03-18,0.25,Crypto,0,Unknown,0,Singapore,7/6/2026
"ALI Technologies","Tokyo, Non-U.S.",,2024-01-16,1.0,Transportation,0,Unknown,0,Japan,1/20/2024
"Alibaba Cloud","Hangzhou, Non-U.S.",,2023-05-24,0.07,Data,0,Subsidiary,0,China,5/24/2023
Alice,"Sao Paulo, Non-U.S.",113.0,2022-12-09,0.16,Healthcare,0,"Series C",174,Brazil,12/11/2022
Alice,"Sao Paulo, Non-U.S.",63.0,2022-07-11,,Healthcare,0,"Series C",174,Brazil,7/13/2022
"AliExpress Russia","Moscow, Non-U.S.",400.0,2022-05-14,0.4,Retail,0,Acquired,60,Russia,5/14/2022
Allbirds,"SF Bay Area",23.0,2022-07-28,,Retail,0,Post-IPO,202,"United States",7/30/2022
Alle,"Bengaluru, Non-U.S.",,2026-01-13,1.0,Retail,0,Seed,3,India,6/9/2026
AllyO,"SF Bay Area",,2020-04-03,,HR,0,"Series B",64,"United States",4/14/2020
Alma,"New York City",,2024-10-02,0.09,Healthcare,0,"Series D",220,"United States",10/3/2024
Almanac,"SF Bay Area",,2022-08-13,,Other,0,"Series A",45,"United States",8/17/2022
AlphaSense,"New York City",150.0,2024-11-27,0.08,Other,0,"Series F",1400,"United States",11/28/2024
Alteryx,"Los Angeles",320.0,2023-04-27,0.11,Data,0,Post-IPO,613,"United States",4/28/2023
"Alto Pharmacy","SF Bay Area",,2022-07-14,,Healthcare,0,"Series E",560,"United States",7/18/2022
"Alto Pharmacy","SF Bay Area",47.0,2020-09-29,0.06,Healthcare,0,"Series D",356,"United States",10/7/2020
Altruist,"SF Bay Area",37.0,2025-01-07,0.1,Finance,0,"Series E",449,"United States",1/8/2025
Altruist,"SF Bay Area",50.0,2025-10-23,0.15,Finance,0,"Series E",449,"United States",10/25/2025
Alza,"New York City",,2025-01-13,1.0,Finance,0,Seed,7,"United States",1/15/2025
Amazon,"Port St. Lucie",1110.0,2026-07-22,,Retail,0,Post-IPO,8100,"United States",7/24/2026
Amazon,Seattle,,2024-01-10,,Retail,0,Post-IPO,108,"United States",1/10/2024
Amazon,Seattle,,2025-01-29,,Retail,0,Post-IPO,8100,"United States",2/2/2025
Amazon,Seattle,,2023-11-17,,Retail,0,Post-IPO,108,"United States",11/17/2023
Amazon,Seattle,,2023-11-08,,Retail,0,Post-IPO,108,"United States",11/9/2023
Amazon,Seattle,,2024-04-03,,Retail,0,Post-IPO,108,"United States",4/3/2024
Amazon,Seattle,,2025-07-17,,Retail,0,Post-IPO,8100,"United States",7/18/2025
Amazon,Seattle,,2026-07-22,,Retail,0,Post-IPO,8100,"United States",7/24/2026
Amazon,Seattle,100.0,2026-03-04,,Retail,0,Post-IPO,8100,"United States",3/17/2026
Amazon,Seattle,100.0,2025-05-14,,Retail,0,Post-IPO,8100,"United States",5/16/2025
Amazon,Seattle,10000.0,2022-11-16,0.03,Retail,0,Post-IPO,108,"United States",11/16/2022
Amazon,Seattle,14000.0,2025-10-27,0.01,Retail,0,Post-IPO,8100,"United States",10/28/2025
Amazon,Seattle,150.0,2022-10-28,,Retail,0,Post-IPO,108,"United States",1/11/2023
Amazon,Seattle,16000.0,2026-01-28,,Retail,0,Post-IPO,8100,"United States",1/28/2026
Amazon,Seattle,180.0,2023-11-13,,Retail,0,Post-IPO,108,"United States",11/13/2023
Amazon,Seattle,30.0,2024-01-18,,Retail,0,Post-IPO,108,"United States",1/19/2024
Amazon,Seattle,400.0,2024-02-06,,Retail,0,Post-IPO,108,"United States",2/7/2024
Amazon,Seattle,57.0,2026-07-06,,Retail,0,Post-IPO,8100,"United States",7/9/2026
Amazon,Seattle,80.0,2023-07-13,,Retail,0,Post-IPO,108,"United States",7/14/2023
Amazon,Seattle,8000.0,2023-01-04,0.02,Retail,0,Post-IPO,108,"United States",1/5/2023
Amazon,Seattle,84.0,2025-12-15,,Retail,0,Post-IPO,8100,"United States",12/19/2025
Amazon,Seattle,9000.0,2023-03-20,,Retail,0,Post-IPO,108,"United States",3/20/2023
"Amber Group","Hong Kong, Non-U.S.",,2022-09-09,0.1,Crypto,0,"Series B",328,"Hong Kong",9/11/2022
"Ambev Tech","Blumenau, Non-U.S.",50.0,2023-03-02,,Food,0,Acquired,0,Brazil,3/4/2023
AMD,"SF Bay Area",1000.0,2024-11-13,0.04,Hardware,0,Post-IPO,0,"United States",11/13/2024
Amdocs,"St. Louis",,2025-08-12,,Support,0,Post-IPO,0,"United States",8/18/2025
Amdocs,"St. Louis",,2026-05-28,0.07,Support,0,Post-IPO,0,"United States",6/12/2026
Amdocs,"St. Louis",2000.0,2023-07-06,0.06,Support,0,Post-IPO,0,"United States",1/6/2023
Amdocs,"St. Louis",700.0,2023-01-02,0.03,Support,0,Post-IPO,0,"United States",7/7/2023
"American Robotics",Boston,50.0,2023-01-17,0.65,Other,0,Acquired,92,"United States",1/20/2023
Amicole,"New York City",,2025-07-17,1.0,Retail,0,Seed,5,"United States",7/18/2025
Amobee,"SF Bay Area",,2022-11-09,,Marketing,0,Acquired,72,"United States",11/13/2022
Amount,Chicago,,2022-06-27,0.18,Finance,0,Unknown,283,"United States",6/27/2022
Amount,Chicago,130.0,2023-02-27,0.25,Finance,0,Unknown,283,"United States",3/3/2023
Amperity,Seattle,,2026-06-25,,Marketing,0,"Series D",187,"United States",6/26/2026
Amperity,Seattle,,2024-09-12,0.13,Marketing,0,"Series D",187,"United States",9/13/2024
Amperity,Seattle,13.0,2022-08-20,0.03,Marketing,0,"Series D",187,"United States",8/22/2022
Amperity,Seattle,20.0,2024-01-25,,Marketing,0,"Series D",187,"United States",1/27/2024
Amplero,Seattle,17.0,2020-03-29,1.0,Marketing,0,"Series B",25,"United States",4/1/2020
Amplitude,"SF Bay Area",99.0,2023-04-05,0.13,Data,0,Post-IPO,311,"United States",4/5/2023
Anagram,"Los Angeles",17.0,2020-04-03,,Healthcare,0,"Series A",14,"United States",4/5/2020
"Analog Devices","SF Bay Area",111.0,2023-12-13,,Manufacturing,0,Post-IPO,0,"United States",12/22/2023
Anaplan,"SF Bay Area",300.0,2023-06-21,,Other,0,Acquired,300,"United States",6/24/2023
Anar,"Mumbai, Non-U.S.",,2023-11-25,1.0,Marketing,0,Seed,6,India,11/27/2023
Ancestry,Lehi,81.0,2024-03-14,0.06,Consumer,0,Post-IPO,33,"United States",4/18/2024
"Anchorage Digital","SF Bay Area",75.0,2023-03-14,0.2,Crypto,0,"Series D",487,"United States",3/15/2023
Andela,"New York City",135.0,2020-05-05,0.1,Recruiting,0,"Series D",181,"United States",5/6/2020
Andgo,"Saskatoon, Non-U.S.",9.0,2023-09-29,,HR,0,"Series A",5,Canada,9/29/2023
AngelList,"SF Bay Area",20.0,2020-03-31,,Recruiting,0,"Series B",26,"United States",4/6/2020
Angi,Indianapolis,350.0,2026-01-07,,Consumer,0,Post-IPO,180,"United States",1/13/2026
Ankorstore,"Paris, Non-U.S.",,2023-03-06,,Retail,0,"Series C",365,France,3/8/2023
Anodot,"Tel Aviv, Non-U.S.",15.0,2022-07-06,0.2,Data,0,"Series C",64,Israel,5/8/2023
Anodot,"Tel Aviv, Non-U.S.",35.0,2022-07-06,0.27,Data,0,"Series C",64,Israel,7/6/2022
"ANS Commerce","Gurugram, Non-U.S.",,2025-03-02,1.0,Retail,0,Acquired,2,India,3/3/2025
AnswerLab,"SF Bay Area",,2023-03-30,0.17,Marketing,0,Unknown,0,"United States",3/31/2023
"Antidote Health","Tel Aviv, Non-U.S.",23.0,2022-10-23,0.38,Healthcare,0,Unknown,36,Israel,10/24/2022
Anyline,"Vienna, Non-U.S.",,2023-03-29,0.25,Other,0,"Series B",37,Austria,3/31/2023
Anyvision,"Tel Aviv, Non-U.S.",,2020-03-19,,Security,0,"Series A",74,Israel,3/30/2020
Anywell,"Tel Aviv, Non-U.S.",11.0,2022-08-14,,"Real Estate",0,"Series A",15,Israel,8/14/2022
"Apartment List","SF Bay Area",29.0,2022-08-31,0.1,"Real Estate",0,"Series D",169,"United States",9/1/2022
"Apeel Sciences","Santa Barbara",,2022-07-11,,Food,0,"Series E",640,"United States",7/14/2022
ApnaMart,"Bengaluru, Non-U.S.",35.0,2026-05-06,0.1,Food,0,"Series B",40,India,5/6/2026
Apollo,"SF Bay Area",,2022-12-15,0.15,Product,0,"Series D",183,"United States",12/15/2022
"Apollo Insurance","Vancouver, Non-U.S.",,2022-11-15,0.25,Finance,0,"Series B",11,Canada,11/20/2022
"App Annie","SF Bay Area",80.0,2020-04-28,0.18,Data,0,Unknown,156,"United States",4/28/2020
Appcues,Boston,,2023-03-08,0.15,Data,0,"Series B",52,"United States",3/11/2023
AppFolio,"Santa Barbara",149.0,2023-08-17,0.09,"Real Estate",0,Post-IPO,30,"United States",8/18/2023
AppFolio,"Santa Barbara",62.0,2023-05-22,,"Real Estate",0,Post-IPO,30,"United States",5/24/2023
AppGate,Miami,130.0,2022-07-21,0.22,Security,0,Post-IPO,0,"United States",7/28/2022
Appgate,Miami,34.0,2023-02-01,0.08,Security,0,Post-IPO,0,"United States",2/26/2023
AppHarvest,Lexington,,2023-07-24,1.0,Food,0,Post-IPO,692,"United States",7/27/2023
Apple,"SF Bay Area",,2024-11-24,,Hardware,0,Post-IPO,1200,"United States",11/27/2025
Apple,"SF Bay Area",100.0,2024-08-27,,Hardware,0,Post-IPO,1200,"United States",8/28/2024
Apple,"SF Bay Area",614.0,2024-04-04,,Hardware,0,Post-IPO,1200,"United States",4/5/2024
Apple,"SF Bay Area",,2023-04-03,,Retail,0,Post-IPO,6200,"United States",4/5/2023
Apple,"SF Bay Area",,2024-02-27,,Transportation,0,Post-IPO,1200,"United States",2/27/2024
"Applied Material","SF Bay Area",1400.0,2025-10-23,0.04,Manufacturing,0,Post-IPO,2100,"United States",10/25/2025
AppLovin,"SF Bay Area",120.0,2024-11-13,,Marketing,0,Post-IPO,1600,"United States",11/16/2024
AppLovin,"SF Bay Area",300.0,2022-06-27,0.12,Marketing,0,Post-IPO,1600,"United States",6/28/2022
AppLovin,"SF Bay Area",58.0,2024-10-15,,Marketing,0,Post-IPO,1600,"United States",4/19/2025
AppLovin,"SF Bay Area",61.0,2024-08-15,,Marketing,0,Post-IPO,1600,"United States",9/2/2024
AppLovin,"SF Bay Area",65.0,2024-10-03,,Marketing,0,Post-IPO,1600,"United States",4/19/2025
AppLovin,"SF Bay Area",89.0,2025-01-15,,Marketing,0,Post-IPO,1600,"United States",4/19/2025
AppLovin,"SF Bay Area",97.0,2025-04-16,,Marketing,0,Post-IPO,1600,"United States",4/19/2025
ApplyBoard,"Waterloo, Non-U.S.",,2024-09-19,0.04,Education,0,"Series D",483,Canada,9/21/2024
ApplyBoard,"Waterloo, Non-U.S.",90.0,2022-11-28,0.06,Education,0,"Series D",483,Canada,11/30/2022
AppsFlyer,"SF Bay Area",100.0,2025-02-04,0.07,Data,0,Unknown,293,"United States",2/4/2025
Appsmith,"SF Bay Area",35.0,2023-09-22,0.25,Hardware,0,"Series B",51,"United States",9/24/2023
Aptiv,"Krakow, Non-U.S.",250.0,2024-02-20,,Transportation,0,Post-IPO,8,Poland,2/21/2024
Aqgromalin,"Chennai, Non-U.S.",80.0,2022-06-20,0.3,Food,0,Unknown,12,India,6/21/2022
"Aqua Security",Boston,,2025-01-07,,Security,0,"Series E",325,"United States",1/8/2025
"Aqua Security",Boston,50.0,2024-07-17,0.1,Security,0,"Series E",325,"United States",7/18/2024
"Aqua Security",Boston,65.0,2022-12-05,0.1,Security,0,"Series E",265,"United States",12/6/2022
"Aqua Security","Tel Aviv, Non-U.S.",20.0,2025-12-01,,Security,0,"Series E",325,"United States",12/2/2025
"Aqua Security","Tel Aviv, Non-U.S.",24.0,2020-04-01,0.09,Security,0,"Series C",100,Israel,4/4/2020
Arc,"SF Bay Area",13.0,2022-07-20,,HR,0,Seed,1,"United States",7/21/2022
"Arch Oncology",Brisbane,,2023-01-13,1.0,Healthcare,0,"Series C",155,"United States",1/14/2023
"Arch Oncology","St. Louis",,2023-02-22,,Healthcare,0,"Series C",155,"United States",2/23/2023
Archipelago,"SF Bay Area",40.0,2023-08-01,0.3,"Real Estate",0,"Series B",57,"United States",8/1/2023
"Arctic Wolf",Minneapolis,250.0,2026-05-06,0.1,Security,0,Unknown,899,"United States",5/7/2026
Arete,Miami,,2022-07-22,,Security,0,Unknown,0,"United States",7/22/2022
"Argo AI","Munich, Non-U.S.",100.0,2020-06-29,,Transportation,0,Unknown,3600,Germany,6/29/2020
"Argo AI",Pittsburgh,150.0,2022-07-07,0.05,Transportation,0,Unknown,3600,"United States",7/8/2022
"Argo AI",Pittsburgh,173.0,2022-10-26,,Transportation,0,Unknown,3600,"United States",10/26/2022
"Argo AI","SF Bay Area",259.0,2022-11-01,,Transportation,0,Unknown,3600,"United States",1/5/2023
Argyle,"New York City",20.0,2022-08-26,0.07,Finance,0,"Series B",78,"United States",8/26/2022
Arive,"Munich, Non-U.S.",,2023-07-24,,Retail,0,Unknown,37,Germany,7/26/2023
"Arkane Studios",Austin,96.0,2024-05-08,1.0,Consumer,0,Unknown,0,"United States",5/10/2024
"Arm Holdings","Shanghai, Non-U.S.",70.0,2023-12-18,,Hardware,0,Post-IPO,0,China,12/19/2023
Armis,"SF Bay Area",25.0,2022-12-08,0.04,Security,0,"Private Equity",537,"United States",12/11/2022
Arrival,"London, Non-U.S.",,2022-10-20,,Transportation,0,Post-IPO,629,"United Kingdom",10/22/2022
Arrival,"London, Non-U.S.",,2023-10-05,0.25,Transportation,0,Post-IPO,629,"United Kingdom",10/11/2023
Arrival,"London, Non-U.S.",,2022-07-13,0.3,Transportation,0,Post-IPO,629,"United Kingdom",7/14/2022
Arrival,"London, Non-U.S.",,2025-03-10,1.0,Transportation,0,Post-IPO,629,"United Kingdom",3/12/2025
Arrival,"London, Non-U.S.",800.0,2023-01-30,0.5,Transportation,0,Post-IPO,629,"United Kingdom",1/31/2023
"Arrive Logistics",Austin,75.0,2020-04-03,0.07,Logistics,0,"Series B",35,"United States",4/5/2020
Article,"Vancouver, Non-U.S.",216.0,2022-08-04,0.17,Retail,0,"Series B",0,Canada,8/4/2022
Articulate,"New York City",38.0,2023-02-02,,Education,0,"Series A",1500,"United States",2/3/2023
Artifact,"SF Bay Area",,2024-01-12,1.0,Media,0,Unknown,0,"United States",1/13/2024
Artlist,"Tel Aviv, Non-U.S.",200.0,2026-06-16,0.4,Media,0,Unknown,48,Israel,6/16/2026
Artnight,"Berlin, Non-U.S.",26.0,2022-08-31,0.36,Retail,0,Unknown,0,Germany,9/1/2022
Artsy,"New York City",35.0,2023-06-29,0.15,Retail,0,"Series D",100,"United States",6/30/2023
Asana,"SF Bay Area",100.0,2025-02-04,,Other,0,Post-IPO,453,"United States",2/5/2025
Asana,"SF Bay Area",180.0,2022-11-15,0.09,Other,0,Post-IPO,453,"United States",11/15/2022
AskNicely,Portland,,2020-04-07,,Support,0,"Series A",15,"United States",4/9/2020
ASML,"Veldhoven, Non-U.S.",1700.0,2026-01-28,,Hardware,0,Post-IPO,0,Netherlands,2/3/2026
Aspiration,"Los Angeles",170.0,2023-03-24,,Finance,0,Unknown,250,"United States",3/29/2023
Aspire,"SF Bay Area",23.0,2022-07-15,,Marketing,0,"Series A",27,"United States",7/15/2022
Assurance,Seattle,112.0,2024-05-01,1.0,Finance,0,Acquired,0,"United States",5/2/2024
Assure,"Salt Lake City",,2022-11-23,1.0,Finance,0,Seed,2,"United States",11/25/2022
Astra,"Bengaluru, Non-U.S.",106.0,2025-07-28,1.0,Sales,0,Unknown,0,India,8/5/2025
Astra,"SF Bay Area",,2022-11-08,0.16,Aerospace,0,Post-IPO,300,"United States",11/9/2022
Astra,"SF Bay Area",,2023-08-04,0.25,Aerospace,0,Post-IPO,300,"United States",8/5/2023
Astra,"SF Bay Area",40.0,2020-04-05,0.25,Aerospace,0,Unknown,100,"United States",4/5/2020
"Astrate Medical",Philadelphia,,2024-02-05,1.0,Healthcare,0,"Series A",13,"United States",2/6/2024
Astronomer,Cincinnati,100.0,2023-04-13,0.4,Data,0,"Series C",282,"United States",4/15/2023
Astronomer,Cincinnati,76.0,2023-01-04,0.2,Data,0,"Series C",282,"United States",1/6/2023
At-Bay,"SF Bay Area",27.0,2023-09-12,0.09,Security,0,Unknown,296,"United States",9/6/2023
At-Bay,"Tel Aviv, Non-U.S.",25.0,2026-03-04,,Security,0,Unknown,296,"United States",3/7/2026
Atera,"Tel Aviv, Non-U.S.",20.0,2024-11-03,0.06,Other,0,"Series B",102,Israel,11/4/2024
Athennian,"Calgary, Non-U.S.",30.0,2023-07-05,,Legal,0,"Series B",47,Canada,8/17/2023
"Atlanta Tech Village",Atlanta,,2020-04-02,0.5,"Real Estate",0,Unknown,0,"United States",4/4/2020
Atlas,Chicago,150.0,2023-08-23,0.3,HR,0,"Series B",220,"United States",8/24/2023
"Atlas Obscura","New York City",15.0,2020-06-18,,Media,0,"Series B",32,"United States",6/23/2020
Atlassian,"Sydney, Non-U.S.",150.0,2025-07-30,,Other,0,Post-IPO,210,Australia,7/30/2025
Atlassian,"Sydney, Non-U.S.",1600.0,2026-03-11,0.1,Other,0,Post-IPO,210,Australia,3/11/2026
Atlassian,"Sydney, Non-U.S.",200.0,2025-09-10,,Other,0,Post-IPO,210,Australia,9/18/2025
Atlassian,"Sydney, Non-U.S.",500.0,2023-03-06,0.05,Other,0,Post-IPO,210,Australia,3/7/2023
Atmosphere,Austin,,2023-12-07,,Other,0,"Series D",214,"United States",12/7/2023
Atmosphere,Austin,100.0,2024-05-15,,Other,0,"Series D",214,"United States",5/17/2024
AtoB,"SF Bay Area",32.0,2022-10-19,0.3,Finance,0,"Series B",177,"United States",10/19/2022
Atome,"Singapore, Non-U.S.",,2022-10-06,,Finance,0,Unknown,645,Singapore,11/27/2022
Atsu,Seattle,6.0,2020-04-10,1.0,Infrastructure,0,Unknown,1,"United States",4/17/2020
Attentive,"New York City",,2023-01-05,0.15,Marketing,0,"Series E",863,"United States",1/6/2023
AU10TIX,"Tel Aviv, Non-U.S.",19.0,2023-01-31,0.09,Security,0,Unknown,80,Israel,2/7/2023
Auctane,Austin,,2024-02-20,,Retail,0,Unknown,0,"United States",3/12/2024
Audible,"New York City",100.0,2024-01-11,0.05,Media,0,Acquired,14,"United States",1/12/2024
AudioCodes,"Tel Aviv, Non-U.S.",80.0,2023-05-09,0.06,Other,0,Post-IPO,91,Israel,5/9/2023
AudioCodes,"Tel Aviv, Non-U.S.",80.0,2023-07-13,0.06,Other,0,Post-IPO,91,Israel,7/17/2023
Augury,"New York City",20.0,2023-01-04,0.05,Manufacturing,0,"Series E",274,"United States",1/9/2023
Augury,"New York City",60.0,2025-07-10,0.18,Manufacturing,0,"Series E",274,"United States",12/8/2025
Augury,"New York City",70.0,2023-08-02,0.18,Manufacturing,0,"Series E",274,"United States",8/3/2023
Aura,Boston,70.0,2022-06-23,0.09,Security,0,"Series F",500,"United States",6/25/2022
"Aura Financial","SF Bay Area",,2020-04-14,,Finance,0,Unknown,584,"United States",5/10/2020
"Aura Financial","SF Bay Area",,2021-01-11,1.0,Finance,0,Unknown,584,"United States",1/28/2021
Aurora,Pittsburgh,,2024-01-24,0.03,Transportation,0,Post-IPO,3700,"United States",1/25/2024
"Aurora Labs","Tel Aviv, Non-U.S.",45.0,2025-01-27,0.6,Transportation,0,"Series C",97,Israel,12/8/2025
"Aurora Solar","SF Bay Area",111.0,2024-01-30,0.2,Energy,0,"Series D",523,"United States",1/30/2024
"Aurora Solar","SF Bay Area",58.0,2025-01-16,,Energy,0,"Series D",523,"United States",1/17/2025
Autobooks,Detroit,,2022-12-10,,Finance,0,"Series C",97,"United States",12/11/2022
Autodesk,"SF Bay Area",1000.0,2026-01-22,0.07,Other,0,Post-IPO,0,"United States",1/23/2026
Autodesk,"SF Bay Area",1350.0,2025-02-27,0.09,Other,0,Post-IPO,0,"United States",2/28/2025
Autodesk,"SF Bay Area",250.0,2023-02-02,0.02,Other,0,Post-IPO,0,"United States",2/3/2023
Autograph,"Los Angeles",,2022-12-16,,Crypto,0,"Series B",205,"United States",12/19/2022
Autograph,"Los Angeles",30.0,2023-05-04,0.33,Crypto,0,"Series B",205,"United States",5/5/2023
Automatic,"SF Bay Area",,2020-05-01,1.0,Transportation,0,Acquired,24,"United States",5/1/2020
"Automation Anywhere","SF Bay Area",260.0,2020-04-27,0.1,Other,0,"Series B",840,"United States",4/27/2020
Automattic,"SF Bay Area",281.0,2025-04-02,0.16,Other,0,"Series E",986,"United States",4/2/2025
Automox,Boulder,,2022-06-13,,Infrastructure,0,"Series C",152,"United States",6/14/2022
Automox,Boulder,,2022-04-18,0.11,Infrastructure,0,"Series C",152,"United States",5/9/2022
"Ava Labs","New York City",,2023-11-06,0.12,Crypto,0,Unknown,640,"United States",11/7/2023
Avalara,Seattle,,2023-01-20,,Finance,0,Acquired,341,"United States",1/21/2023
"Avantage Entertainment",Minneapolis,5.0,2020-04-03,0.2,Media,0,Unknown,0,"United States",4/4/2020
AvantStay,"Los Angeles",144.0,2022-11-09,0.22,Travel,0,"Private Equity",686,"United States",11/11/2022
AvantStay,"Los Angeles",37.0,2023-06-20,,Travel,0,"Private Equity",686,"United States",12/22/2023
AvantStay,"Los Angeles",80.0,2022-06-29,,Travel,0,Unknown,811,"United States",6/30/2022
Avast,Phoenix,,2022-11-10,0.25,Security,0,Unknown,0,"United States",11/17/2022
Avaya,Durham,,2023-01-17,,Other,0,Post-IPO,700,"United States",8/1/2023
Avaya,Durham,,2024-11-06,,Other,0,Post-IPO,700,"United States",11/8/2024
Avaya,Durham,180.0,2024-08-01,0.03,Other,0,Post-IPO,700,"United States",11/8/2024
Avidbots,"Kitchener, Non-U.S.",50.0,2023-03-14,0.14,Hardware,0,"Series C",106,Canada,3/17/2023
Avo,"Tel Aviv, Non-U.S.",500.0,2022-05-01,0.67,Food,0,"Series B",45,Israel,5/2/2022
Avocargo,"Berlin, Non-U.S.",16.0,2023-04-06,1.0,Transportation,0,Seed,0,Germany,4/8/2023
Aware,Columbus,,2023-01-06,,Security,0,"Series C",88,"United States",1/6/2023
Aware,Columbus,,2023-08-03,,Security,0,"Series C",88,"United States",8/6/2023
Away,"New York City",,2024-02-14,0.25,Retail,0,"Series D",181,"United States",2/14/2024
Away,"New York City",22.0,2023-05-31,0.08,Retail,0,"Series D",181,"United States",8/15/2023
Away,"New York City",60.0,2020-04-07,0.1,Retail,0,"Series D",181,"United States",4/7/2020
Awok,"Dubai, Non-U.S.",,2020-09-02,1.0,Retail,0,"Series A",30,"United Arab Emirates",9/2/2020
"Axios Media","Washington D.C.",50.0,2024-08-06,0.1,Media,0,Acquired,57,"United States",8/6/2024
Axonius,"New York City",100.0,2025-11-06,0.11,Security,0,"Series E",865,"United States",11/7/2025
Axonius,"New York City",40.0,2026-02-15,0.04,Security,0,"Series E",865,"United States",2/18/2026
Aya,"Toronto, Non-U.S.",5.0,2020-11-19,0.25,Finance,0,Seed,3,Canada,11/19/2020
Ayoconnect,"Jakarta, Non-U.S.",,2023-08-03,0.1,Finance,0,"Series B",43,Indonesia,8/5/2023
Azibo,Reno,,2023-06-05,,Finance,0,"Series A",19,"United States",6/6/2023
B8ta,"SF Bay Area",250.0,2020-03-26,0.5,Retail,0,"Series C",88,"United States",3/29/2020
Babylon,"London, Non-U.S.",100.0,2022-07-12,,Healthcare,0,Post-IPO,1100,"United Kingdom",7/25/2022
"Babylon Health","London, Non-U.S.",94.0,2023-08-09,,Healthcare,0,Post-IPO,1200,"United Kingdom",8/11/2023
"Back Market","Paris, Non-U.S.",93.0,2022-12-23,0.13,Retail,0,"Series E",1000,France,12/27/2022
Bakkt,Atlanta,,2022-12-08,0.15,Crypto,0,Post-IPO,932,"United States",12/11/2022
Bakkt,Atlanta,28.0,2024-05-03,,Crypto,0,Post-IPO,932,"United States",5/4/2024
"Bally's Interactive",Providence,,2023-01-18,0.15,Consumer,0,Post-IPO,946,"United States",1/21/2023
Balto,"St. Louis",30.0,2022-06-22,,Sales,0,"Series B",51,"United States",6/23/2022
Balto,"St. Louis",35.0,2022-12-12,,Sales,0,"Series B",51,"United States",12/13/2022
"Bamboo Health",Louisville,52.0,2022-07-01,,Healthcare,0,Unknown,0,"United States",7/21/2022
Bandcamp,"SF Bay Area",58.0,2023-10-16,0.5,Other,0,Acquired,0,"United States",10/17/2023
Banxa,"Melbourne, Non-U.S.",70.0,2022-06-27,0.3,Crypto,0,Post-IPO,13,Australia,6/28/2022
Baraja,"Sydney, Non-U.S.",,2023-02-08,0.75,Transportation,0,Unknown,63,Australia,2/8/2023
Bardee,"Melbourne, Non-U.S.",30.0,2023-08-03,,Food,0,Seed,5,Australia,8/3/2023
Bark,"New York City",,2023-07-13,0.08,Retail,0,Post-IPO,282,"United States",7/26/2023
Bark,"New York City",126.0,2023-02-09,0.12,Retail,0,Post-IPO,0,"United States",2/10/2023
"Basis Technologies",Chicago,40.0,2023-02-21,0.04,Marketing,0,"Series B",52,"United States",6/20/2023
Baton,"SF Bay Area",16.0,2022-06-29,0.25,Transportation,0,"Series A",13,"United States",6/30/2022
Bcredi,"Curitiba, Non-U.S.",,2020-03-27,,Finance,0,"Series A",0,Brazil,4/25/2020
Beam,"Bristol, Non-U.S.",200.0,2025-05-01,1.0,Other,0,Unknown,0,"United Kingdom",5/3/2025
"Beam Benefits",Columbus,31.0,2023-02-08,0.08,Healthcare,0,"Series E",168,"United States",2/17/2023
"Beam Benefits",Columbus,74.0,2024-01-10,,Healthcare,0,"Series E",168,"United States",1/10/2024
Beamery,"London, Non-U.S.",,2023-01-10,0.12,HR,0,"Series D",223,"United Kingdom",1/11/2023
Beamery,"London, Non-U.S.",,2023-11-16,0.25,HR,0,"Series D",223,"United Kingdom",11/16/2023
Beat,"Athens, Non-U.S.",,2022-11-08,,Transportation,0,"Series B",6,Greece,11/11/2022
BeepKart,"Bengaluru, Non-U.S.",130.0,2024-10-08,0.4,Retail,0,"Series A",19,India,10/9/2024
BeepKart,"Bengaluru, Non-U.S.",150.0,2025-08-23,1.0,Retail,0,"Series A",19,India,8/23/2025
BeeTech,"Sao Paulo, Non-U.S.",30.0,2020-04-10,,Finance,0,"Series B",14,Brazil,4/29/2020
"Believer Meats","Jerusalem, Non-U.S.",,2025-12-11,,Food,0,"Series B",389,Israel,12/12/2025
"Belora Paris","Gurugram, Non-U.S.",,2023-10-18,1.0,Retail,0,Seed,0,India,12/4/2023
Bench,"SF Bay Area",,2025-05-01,,Finance,0,Acquired,109,"United States",5/3/2025
Bench,"Vancouver, Non-U.S.",450.0,2024-12-27,1.0,Finance,0,"Series C",109,Canada,12/28/2024
Bench,"Vancouver, Non-U.S.",47.0,2020-03-27,0.1,Finance,0,"Series B",49,Canada,6/23/2020
Benchling,"SF Bay Area",74.0,2023-04-21,0.09,Other,0,"Series F",411,"United States",4/22/2023
BenchSci,"Toronto, Non-U.S.",68.0,2026-05-28,0.3,Healthcare,0,"Series D",164,Canada,7/24/2026
BenchSci,"Toronto, Non-U.S.",70.0,2024-01-08,0.17,Healthcare,0,"Series D",164,Canada,1/8/2024
BenchSci,"Toronto, Non-U.S.",83.0,2025-08-12,0.23,Healthcare,0,"Series D",164,Canada,8/23/2025
Benevity,"Calgary, Non-U.S.",137.0,2023-01-18,0.14,Other,0,Unknown,69,Canada,1/18/2023
BenevolentAI,"London, Non-U.S.",180.0,2023-05-25,,Healthcare,0,"Private Equity",292,"United Kingdom",5/26/2023
"Benitago Group","New York City",,2022-11-04,0.14,Retail,0,"Series A",380,"United States",11/5/2022
BeReal,"Paris, Non-U.S.",,2024-06-25,,Consumer,0,Acquired,0,France,6/26/2024
"Berkeley Lights","SF Bay Area",,2022-08-09,0.12,Healthcare,0,Post-IPO,272,"United States",8/9/2022
"Berlin Brands Group","Berlin, Non-U.S.",100.0,2022-06-10,0.1,Retail,0,Unknown,1000,Germany,6/21/2022
Bestow,Dallas,41.0,2022-06-24,0.14,Finance,0,"Series C",137,"United States",6/27/2022
"Better Collective","Copenhagen, Non-U.S.",300.0,2024-11-14,,Other,0,Unknown,0,Denmark,2/18/2025
"Better Therapeutics","SF Bay Area",,2023-03-27,0.35,Healthcare,0,Post-IPO,143,"United States",4/1/2023
Better.com,"New York City",,2022-04-19,,"Real Estate",0,Unknown,905,"United States",4/19/2022
Better.com,"New York City",,2023-06-07,,"Real Estate",0,Unknown,905,"United States",6/9/2023
Better.com,"New York City",,2022-08-26,,"Real Estate",0,Unknown,905,"United States",8/30/2022
Better.com,"New York City",,2023-09-06,,"Real Estate",0,Unknown,905,"United States",9/24/2023
Better.com,"New York City",3000.0,2022-03-08,0.33,"Real Estate",0,Unknown,905,"United States",3/9/2022
Better.com,"New York City",900.0,2021-12-01,0.09,"Real Estate",0,Unknown,905,"United States",12/1/2021
BetterCloud,"New York City",,2020-05-13,,Security,0,"Series E",111,"United States",5/14/2020
Betterfly,"Santiago, Non-U.S.",,2023-01-18,0.3,Healthcare,0,"Series C",204,Chile,1/20/2023
Betterfly,"Santiago, Non-U.S.",30.0,2022-08-11,,Healthcare,0,"Series C",204,Chile,8/12/2022
Betterment,"New York City",28.0,2023-02-15,,Finance,0,"Series F",435,"United States",2/16/2023
BetterUp,"SF Bay Area",100.0,2023-08-02,0.16,HR,0,"Series E",567,"United States",8/4/2023
Bevi,Boston,30.0,2020-03-27,0.2,Food,0,"Series C",60,"United States",3/28/2020
"Beyond Meat","Los Angeles",200.0,2022-10-14,0.19,Food,0,Post-IPO,122,"United States",10/14/2022
"Beyond Meat","Los Angeles",40.0,2022-08-03,0.04,Food,0,Post-IPO,122,"United States",8/4/2022
"Beyond Meat","Los Angeles",65.0,2023-11-02,0.08,Food,0,Post-IPO,122,"United States",11/7/2023
BeyondMinds,"Tel Aviv, Non-U.S.",65.0,2022-05-23,1.0,Data,0,"Series A",16,Israel,5/23/2022
BharatAgri,"Mumbai, Non-U.S.",37.0,2025-11-13,1.0,Food,0,"Series A",21,India,12/9/2025
BharatAgri,"Mumbai, Non-U.S.",40.0,2023-01-15,0.43,Food,0,"Series A",21,India,1/16/2023
"Big Cabal Media","Lagos, Non-U.S.",,2023-08-04,0.19,Media,0,Seed,3,Nigeria,8/5/2023
"Big Fish Games",Seattle,250.0,2020-09-01,,Media,0,Acquired,95,"United States",9/2/2020
BigBear.ai,Baltimore,,2022-09-08,0.07,Data,0,Post-IPO,200,"United States",9/9/2022
BigCommerce,Austin,,2024-11-08,,Retail,0,Post-IPO,224,"United States",11/9/2024
BigCommerce,Austin,,2023-11-08,0.07,Retail,0,Post-IPO,224,"United States",11/10/2023
BigCommerce,Austin,180.0,2022-12-15,0.13,Retail,0,Post-IPO,224,"United States",12/15/2022
BigID,"New York City",,2026-05-26,0.2,Security,0,"Series E",306,"United States",5/26/2026
BigPanda,"SF Bay Area",40.0,2023-04-24,0.13,Infrastructure,0,"Series E",337,"United States",4/25/2023
Bikayi,"Bengaluru, Non-U.S.",,2022-07-28,,Retail,0,"Series A",12,India,7/29/2022
Bilibili,"Shanghai, Non-U.S.",,2022-12-27,0.3,Media,0,Post-IPO,3700,China,12/30/2022
Bill.com,"SF Bay Area",,2025-10-15,0.06,Finance,0,Post-IPO,280,"United States",10/15/2025
Bill.com,"SF Bay Area",,2023-12-05,0.15,Finance,0,Post-IPO,280,"United States",12/5/2023
Bill.com,"SF Bay Area",709.0,2026-05-07,0.3,Finance,0,Post-IPO,280,"United States",5/7/2026
BillGO,"Fort Collins",80.0,2024-02-05,,Finance,0,"Series B",119,"United States",2/6/2024
"Billion Hearts","Bengaluru, Non-U.S.",,2026-07-07,1.0,Consumer,0,Seed,5,India,7/8/2026
Binance,"Cayman Islands",1000.0,2023-07-14,,Crypto,0,Unknown,0,"Cayman Islands",7/14/2023
Binance.US,"SF Bay Area",,2023-06-15,,Crypto,0,Subsidiary,0,"United States",6/16/2023
Binance.US,"SF Bay Area",100.0,2023-09-12,0.33,Crypto,0,Subsidiary,0,"United States",9/13/2023
Biofourmis,Boston,120.0,2023-08-31,,Healthcare,0,"Series D",464,"United States",9/1/2023
BioMarin,"SF Bay Area",120.0,2022-10-07,0.04,Healthcare,0,Post-IPO,585,"United States",11/19/2022
BionicHIVE,"Sderot, Non-U.S.",,2024-12-22,1.0,Hardware,0,Unknown,0,Israel,12/28/2024
Bird,"Los Angeles",,2023-10-04,,Transportation,0,Post-IPO,916,"United States",10/4/2023
Bird,"Los Angeles",138.0,2022-06-07,0.23,Transportation,0,Post-IPO,783,"United States",6/7/2022
Bird,"Los Angeles",406.0,2020-03-27,0.3,Transportation,0,"Series D",623,"United States",3/28/2020
"Bishop Fox",Phoenix,50.0,2023-05-02,0.13,Security,0,"Series B",146,"United States",5/3/2023
Bitfarms,"Quebec, Non-U.S.",,2020-04-06,,Crypto,0,Post-IPO,25,Canada,4/8/2020
Bitfront,"SF Bay Area",,2022-11-29,1.0,Crypto,0,Unknown,0,"United States",11/30/2022
BitGo,"SF Bay Area",,2020-04-17,0.12,Crypto,0,"Series B",69,"United States",4/30/2020
BitGo,"SF Bay Area",90.0,2026-06-25,0.15,Crypto,0,Unknown,171,"United States",6/26/2026
BitMEX,Non-U.S.,,2022-11-02,0.3,Crypto,0,Seed,0,Seychelles,11/3/2022
BitMEX,Non-U.S.,75.0,2022-04-04,0.25,Crypto,0,Seed,0,Seychelles,4/5/2022
BitOasis,"Dubai, Non-U.S.",9.0,2022-06-19,0.05,Crypto,0,"Series B",30,"United Arab Emirates",6/21/2022
Bitpanda,"Vienna, Non-U.S.",270.0,2022-06-24,0.27,Crypto,0,"Series C",546,Austria,6/24/2022
Bitrise,"Budapest, Non-U.S.",,2022-09-14,0.14,Infrastructure,0,"Series C",83,Hungary,9/15/2022
BitSight,"Tel Aviv, Non-U.S.",40.0,2023-02-26,,Security,0,Unknown,401,Israel,2/27/2023
Bitso,"Mexico City, Non-U.S.",100.0,2022-11-29,,Crypto,0,"Series C",378,Mexico,11/30/2022
Bitso,"Mexico City, Non-U.S.",80.0,2022-05-26,0.11,Crypto,0,"Series C",378,Mexico,5/27/2022
BitTitan,Seattle,70.0,2021-11-18,0.27,Data,0,Acquired,46,"United States",11/20/2021
BitTorrent,"SF Bay Area",92.0,2023-01-20,,Infrastructure,0,Acquired,0,"United States",2/7/2023
Bittrex,Seattle,80.0,2023-02-02,,Crypto,0,Unknown,0,"United States",2/3/2023
Bitwise,"SF Bay Area",900.0,2023-06-14,1.0,Crypto,0,"Series B",84,"United States",6/16/2023
Bizongo,"Mumbai, Non-U.S.",140.0,2020-07-10,,Logistics,0,"Series C",70,India,7/13/2020
Bizongo,"Mumbai, Non-U.S.",50.0,2023-10-05,,Retail,0,"Series E",315,India,10/6/2023
Bizpay,"Sydney, Non-U.S.",,2022-05-04,0.3,Finance,0,Unknown,45,Australia,5/12/2022
Bizzabo,"New York City",100.0,2022-12-01,0.37,Marketing,0,"Series E",194,"United States",12/3/2022
Bizzabo,"New York City",120.0,2022-07-05,0.3,Marketing,0,"Series E",194,"United States",7/6/2022
"Black Shark","Shenzen, Non-U.S.",900.0,2023-01-13,,Hardware,0,Unknown,0,China,1/23/2023
Blackbaud,Charleston,500.0,2023-02-14,0.14,Other,0,Post-IPO,0,"United States",2/15/2023
BlackBuck,"Bengaluru, Non-U.S.",200.0,2020-04-17,,Logistics,0,"Series D",293,India,4/19/2020
BlackLine,"Los Angeles",95.0,2022-12-08,0.05,Finance,0,"Private Equity",220,"United States",12/11/2022
BlackLine,"Los Angeles",95.0,2023-08-23,0.05,Finance,0,Post-IPO,220,"United States",8/24/2023
"Bleacher Report","London, Non-U.S.",20.0,2020-09-11,,Media,0,Acquired,41,"United Kingdom",9/12/2020
Blend,"SF Bay Area",100.0,2022-11-10,0.06,Finance,0,Post-IPO,665,"United States",12/9/2022
Blend,"SF Bay Area",150.0,2023-08-09,0.19,Finance,0,Post-IPO,665,"United States",8/11/2023
Blend,"SF Bay Area",200.0,2022-04-19,0.1,Finance,0,Post-IPO,665,"United States",4/20/2022
Blend,"SF Bay Area",220.0,2022-08-15,0.12,Finance,0,Post-IPO,665,"United States",8/16/2022
Blend,"SF Bay Area",340.0,2023-01-10,0.28,Finance,0,Post-IPO,665,"United States",1/10/2023
"Blink Charging",Baltimore,,2025-05-19,0.2,Other,0,Post-IPO,110,"United States",5/22/2025
Blip,"Bengaluru, Non-U.S.",,2025-07-12,1.0,Retail,0,Unknown,0,India,7/15/2025
BlissClub,"Bengaluru, Non-U.S.",21.0,2024-02-09,0.18,Retail,0,"Series A",20,India,2/10/2024
Block,"SF Bay Area",,2023-10-04,,Finance,0,Post-IPO,150,"United States",10/4/2023
Block,"SF Bay Area",1000.0,2024-01-30,0.1,Finance,0,Post-IPO,150,"United States",1/30/2024
Block,"SF Bay Area",4000.0,2026-02-26,0.4,Finance,0,Post-IPO,150,"United States",2/26/2026
Block,"SF Bay Area",931.0,2025-03-25,0.08,Finance,0,Post-IPO,150,"United States",3/26/2025
Blockchain.com,"London, Non-U.S.",110.0,2023-01-12,0.28,Crypto,0,"Series D",490,"United Kingdom",1/12/2023
Blockchain.com,"London, Non-U.S.",150.0,2022-07-21,0.25,Crypto,0,"Series D",490,"United Kingdom",7/21/2022
BlockFi,"New York City",,2022-11-28,1.0,Crypto,0,"Series E",1000,"United States",11/30/2022
BlockFi,"New York City",250.0,2022-06-13,0.2,Crypto,0,"Series E",1000,"United States",6/13/2022
BloomTech,"SF Bay Area",88.0,2022-12-01,0.5,Education,0,Unknown,0,"United States",12/1/2022
"Blue Apron","New York City",,2022-12-08,0.1,Food,0,Post-IPO,352,"United States",12/8/2022
"Blue Apron","New York City",,2023-07-19,0.2,Food,0,Post-IPO,422,"United States",8/9/2023
"Blue Nile",Seattle,119.0,2023-03-28,,Retail,0,Acquired,62,"United States",3/29/2023
"Blue Origin",Seattle,,2023-09-06,,Aerospace,0,Unknown,167,"United States",9/8/2023
"Blue Origin",Seattle,1000.0,2025-02-13,0.1,Aerospace,0,Unknown,167,"United States",2/15/2025
"Blue Origin",Seattle,40.0,2023-10-09,,Aerospace,0,Unknown,167,"United States",10/9/2023
Blueboard,"SF Bay Area",,2024-03-15,1.0,HR,0,"Series A",16,"United States",3/17/2024
Blueground,"New York City",130.0,2020-03-27,0.25,"Real Estate",0,"Series B",77,"United States",3/30/2020
Bluelearn,"Bengaluru, Non-U.S.",,2024-07-22,1.0,Education,0,Seed,4,India,7/22/2024
Bluepad,"Bengaluru, Non-U.S.",,2023-04-13,1.0,Media,0,Seed,0,India,4/14/2023
BlueStacks,"SF Bay Area",60.0,2022-07-20,,Other,0,"Series C",48,"United States",7/20/2022
Bluevine,"Tel Aviv, Non-U.S.",,2024-06-20,,Finance,0,Unknown,769,Israel,6/23/2024
Bluevine,"Tel Aviv, Non-U.S.",100.0,2024-12-10,0.18,Finance,0,Unknown,769,Israel,12/11/2024
"Blume Global","SF Bay Area",30.0,2020-03-30,0.1,Logistics,0,Unknown,0,"United States",4/1/2020
Bluprint,Denver,137.0,2020-05-26,1.0,Education,0,Acquired,108,"United States",5/27/2020
"BM Technologies",Philadelphia,,2023-01-30,0.25,Finance,0,Post-IPO,0,"United States",2/1/2023
"Bobble AI","New Delhi, Non-U.S.",50.0,2025-09-04,,Consumer,0,Unknown,59,India,9/8/2025
Bolt,"Lagos, Non-U.S.",17.0,2023-02-21,,Transportation,0,"Series F",0,Nigeria,2/22/2023
Bolt,"SF Bay Area",,2023-12-14,0.29,Finance,0,"Series E",1300,"United States",12/14/2023
Bolt,"SF Bay Area",,2026-04-05,0.33,Finance,0,"Series E",1300,"United States",4/7/2026
Bolt,"SF Bay Area",240.0,2022-05-25,0.27,Finance,0,"Series E",1300,"United States",5/25/2022
Bolt,"SF Bay Area",50.0,2023-01-24,0.1,Finance,0,"Series E",1300,"United States",1/25/2023
Bolt.Earth,"Bengaluru, Non-U.S.",,2023-12-29,0.2,Energy,0,"Series B",24,India,1/2/2024
Bolt.Earth,"Bengaluru, Non-U.S.",70.0,2024-04-06,0.4,Energy,0,"Series B",24,India,4/8/2024
Bond,"SF Bay Area",,2022-06-07,,Finance,0,"Series A",42,"United States",6/10/2022
Bonsai,"Toronto, Non-U.S.",29.0,2022-04-26,0.34,Retail,0,"Series A",27,Canada,6/21/2022
Bonsai,"Toronto, Non-U.S.",30.0,2022-06-20,0.55,Retail,0,"Series A",27,Canada,6/21/2022
Bonterra,Austin,,2023-09-11,,Other,0,Unknown,0,"United States",9/21/2023
Bonterra,Austin,140.0,2023-01-13,0.1,Other,0,Unknown,0,"United States",1/17/2023
Bonusly,Boulder,,2023-03-16,,HR,0,"Series B",31,"United States",3/17/2023
Bonusly,Boulder,,2023-03-09,,HR,0,"Series B",31,"United States",3/10/2023
BookClub,"Salt Lake City",12.0,2022-05-31,0.25,Education,0,"Series A",26,"United States",6/6/2022
"Booking Holdings",Norwalk,60.0,2024-12-04,,Travel,0,Post-IPO,2800,"United States",12/7/2024
Booking.com,"Amsterdam, Non-U.S.",4375.0,2020-07-30,0.25,Travel,0,Acquired,0,Netherlands,8/4/2020
Booking.com,"Grand Rapids",,2024-11-08,,Travel,0,Acquired,0,"United States",11/10/2024
Booking.com,"Grand Rapids",226.0,2022-11-01,,Travel,0,Acquired,0,"United States",11/3/2022
BookMyShow,"Mumbai, Non-U.S.",270.0,2020-05-28,0.18,Consumer,0,Unknown,224,India,5/28/2020
Booksy,"SF Bay Area",200.0,2020-04-01,,Consumer,0,"Series B",48,"United States",4/7/2020
Booktopia,"Sydney, Non-U.S.",,2022-06-28,,Retail,0,"Series A",23,Australia,6/29/2022
Booktopia,"Sydney, Non-U.S.",30.0,2023-01-23,,Retail,0,"Series A",23,Australia,1/23/2023
Boost,"New York City",15.0,2023-04-04,0.2,Finance,0,"Series B",37,"United States",4/5/2023
"Boosted Commerce","Los Angeles",,2022-07-22,0.05,Retail,0,"Series B",137,"United States",7/26/2022
Boozt,"Malmo, Non-U.S.",,2025-01-13,0.1,Retail,0,Post-IPO,56,Sweden,2/2/2025
Boozt,"Malmo, Non-U.S.",70.0,2022-06-09,0.05,Retail,0,Post-IPO,56,Sweden,7/25/2022
Borrowell,"Toronto, Non-U.S.",15.0,2020-04-06,0.2,Finance,0,"Series B",72,Canada,4/6/2020
"Bossa Nova","SF Bay Area",,2020-11-02,0.5,Retail,0,Unknown,102,"United States",11/5/2020
"Bossa Nova","SF Bay Area",61.0,2020-06-29,,Retail,0,Unknown,102,"United States",6/30/2020
Bounce,"Bengaluru, Non-U.S.",120.0,2020-03-19,,Transportation,0,"Series D",214,India,3/28/2020
Bounce,"Bengaluru, Non-U.S.",130.0,2020-06-29,0.22,Transportation,0,"Series D",214,India,6/30/2020
Bounce,"Bengaluru, Non-U.S.",200.0,2021-02-22,0.4,Transportation,0,"Series D",214,India,2/22/2021
Bounce,"Bengaluru, Non-U.S.",40.0,2023-01-06,0.05,Transportation,0,"Series D",214,India,1/9/2023
BounceX,"New York City",77.0,2020-04-06,0.2,Marketing,0,"Series B",75,"United States",4/6/2020
"Bowery Farming","New York City",,2023-11-10,,Food,0,Unknown,626,"United States",1/2/2024
"Bowery Farming","New York City",,2024-11-01,1.0,Food,0,Unknown,626,"United States",11/2/2024
Boxed,"New York City",32.0,2023-03-15,0.25,Retail,0,Post-IPO,365,"United States",3/17/2023
Braid,"SF Bay Area",,2023-10-09,1.0,Finance,0,Unknown,0,"United States",10/10/2023
Brainbase,"Los Angeles",,2022-07-28,,Sales,0,"Series A",12,"United States",11/17/2022
Brainly,"Krakow, Non-U.S.",,2023-05-24,0.3,Education,0,"Series D",148,Poland,5/24/2023
Brainly,"Krakow, Non-U.S.",25.0,2022-11-06,,Education,0,"Series D",148,Poland,11/7/2022
Branch,Columbus,186.0,2023-06-08,,Finance,0,"Series C",229,"United States",6/9/2023
Branch,Columbus,85.0,2024-01-09,,Finance,0,"Series C",229,"United States",1/10/2024
Branch,"New York City",3.0,2020-06-11,0.27,Retail,0,Seed,2,"United States",6/11/2020
"Branch Metrics","SF Bay Area",100.0,2020-04-07,0.2,Marketing,0,"Series E",367,"United States",4/9/2020
Branch.io,"SF Bay Area",100.0,2024-08-09,,Marketing,0,"Series F",667,"United States",8/9/2024
Brave,"SF Bay Area",,2023-10-06,0.09,Consumer,0,"Series B",42,"United States",10/7/2023
Brave,"SF Bay Area",27.0,2024-08-28,0.14,Consumer,0,"Series B",42,"United States",8/28/2024
"Brave Care",Portland,,2024-12-31,1.0,Healthcare,0,"Series B",43,"United States",1/4/2025
"Brave Care",Portland,40.0,2022-09-06,0.33,Healthcare,0,"Series B",42,"United States",9/8/2022
Breadfast,"Cairo, Non-U.S.",58.0,2026-05-12,,Food,0,"Series C",89,Egypt,5/13/2026
Breathe,"New Delhi, Non-U.S.",50.0,2022-06-14,0.33,Healthcare,0,"Series A",6,India,6/16/2022
Breather,"Montreal, Non-U.S.",120.0,2020-12-16,0.8,"Real Estate",0,"Series D",131,Canada,12/17/2020
Brex,"SF Bay Area",136.0,2022-10-11,0.11,Finance,0,"Series D",1500,"United States",10/11/2022
Brex,"SF Bay Area",282.0,2024-01-23,0.2,Finance,0,"Series D",1500,"United States",1/23/2024
Brex,"SF Bay Area",62.0,2020-05-29,0.15,Finance,0,"Series C",732,"United States",5/29/2020
"Bridge Connector",Nashville,154.0,2020-11-17,1.0,Healthcare,0,"Series B",45,"United States",11/19/2020
Bridgit,"Waterloo, Non-U.S.",13.0,2022-12-06,0.13,Construction,0,"Series B",36,Canada,12/19/2022
"Bright Machines","SF Bay Area",30.0,2022-06-28,0.08,Data,0,Unknown,250,Israel,6/29/2022
"Bright Money","Bengaluru, Non-U.S.",100.0,2022-07-15,0.5,Finance,0,"Series A",31,India,7/22/2022
Brightcove,Boston,198.0,2025-03-19,0.33,Marketing,0,Acquired,145,"United States",3/21/2025
Brightcove,Boston,70.0,2023-05-03,0.1,Marketing,0,Post-IPO,145,"United States",5/4/2023
Brighte,"Sydney, Non-U.S.",30.0,2022-06-20,0.15,Energy,0,"Series C",145,Australia,6/21/2022
Brighte,"Sydney, Non-U.S.",58.0,2022-09-09,,Energy,0,"Series C",145,Australia,10/7/2022
Brightline,"SF Bay Area",,2022-11-01,0.2,Healthcare,0,"Series C",212,"United States",11/1/2022
Brightline,"SF Bay Area",,2023-05-03,0.2,Healthcare,0,"Series C",212,"United States",5/3/2023
Brilliant,"SF Bay Area",,2024-05-08,1.0,Hardware,0,"Series B",64,"United States",5/9/2024
Bringg,"Tel Aviv, Non-U.S.",10.0,2020-04-21,0.1,Logistics,0,"Series D",84,Israel,4/23/2020
Britishvolt,"London, Non-U.S.",206.0,2023-01-17,1.0,Transportation,0,Unknown,2400,"United Kingdom",1/18/2023
Briza,"Toronto, Non-U.S.",26.0,2022-12-20,0.4,Finance,0,"Series A",10,Canada,12/20/2022
Broadcom,"SF Bay Area",247.0,2025-10-17,,Hardware,0,Post-IPO,0,"United States",11/11/2025
Brodmann17,"Tel Aviv, Non-U.S.",,2022-12-09,1.0,Other,0,"Series A",25,Israel,12/11/2022
Bryter,"Berlin, Non-U.S.",100.0,2022-07-13,0.3,Product,0,"Series B",89,Germany,7/14/2022
Buenbit,"Buenos Aires, Non-U.S.",80.0,2022-05-23,0.45,Crypto,0,"Series A",11,Argentina,5/25/2022
Builder,"Los Angeles",39.0,2020-06-04,0.14,Product,0,"Series A",29,"United States",6/4/2020
Builder.ai,"London, Non-U.S.",,2025-05-20,1.0,AI,0,"Series D",445,"United Kingdom",5/22/2025
Buildertrend,Omaha,,2023-11-17,0.16,Construction,0,Unknown,0,"United States",11/18/2023
"Built In",Chicago,28.0,2020-04-10,,Recruiting,0,"Series C",29,"United States",5/14/2020
"Built In",Chicago,50.0,2022-10-05,0.25,Recruiting,0,"Series C",29,"United States",10/5/2022
"Built Technologies",Nashville,,2023-07-11,,Construction,0,Unknown,313,"United States",7/13/2023
"Built Technologies copy",Nashville,,2023-02-03,0.08,Construction,0,Unknown,313,"United States",7/13/2023
Bukalapak,"Jakarta, Non-U.S.",,2023-08-09,,Retail,0,Post-IPO,925,Indonesia,8/9/2023
Bullhorn,Boston,100.0,2020-04-30,,Sales,0,Acquired,32,"United States",5/2/2020
Bullhorn,Boston,140.0,2023-10-19,0.09,Sales,0,Acquired,32,"United States",10/20/2023
Bullish,"Hong Kong, Non-U.S.",30.0,2022-07-05,0.08,Crypto,0,Unknown,300,"Hong Kong",7/15/2022
Bumble,Austin,240.0,2025-06-25,0.3,Consumer,0,Post-IPO,313,"United States",6/25/2025
Bumble,Austin,350.0,2024-02-27,0.3,Consumer,0,Post-IPO,313,"United States",2/27/2024
"Bundle Africa","Lagos, Non-U.S.",,2023-07-21,1.0,Crypto,0,Seed,1,Nigeria,7/22/2023
Bungalow,"SF Bay Area",70.0,2022-06-22,,"Real Estate",0,"Series C",171,"United States",6/23/2022
Bungie,Seattle,100.0,2023-10-30,0.08,Consumer,0,Acquired,100,"United States",6/27/2026
Bungie,Seattle,220.0,2024-07-31,0.17,Consumer,0,Acquired,100,"United States",8/1/2024
Bungie,Seattle,292.0,2026-06-25,,Consumer,0,Acquired,100,"United States",6/27/2026
Bunnii,"New York City",,2023-06-06,1.0,Healthcare,0,Unknown,0,"United States",6/6/2023
BusBud,"Montreal, Non-U.S.",23.0,2020-04-06,0.32,Transportation,0,"Series B",21,Canada,4/28/2020
Buser,"Sao Paulo, Non-U.S.",160.0,2022-12-08,0.3,Transportation,0,"Series C",138,Brazil,12/11/2022
"Business Insider","New York City",,2024-01-25,0.08,Media,0,Acquired,56,"United States",1/26/2024
"Business Insider","New York City",,2025-05-29,0.2,Media,0,Acquired,56,"United States",6/1/2025
"Bustle Digital Group","New York City",,2023-02-01,0.08,Media,0,"Series E",80,"United States",2/3/2023
"Bustle Digital Group","New York City",19.0,2020-04-03,,Media,0,"Series E",80,"United States",9/21/2022
"Bustle Digital Group","New York City",24.0,2020-04-03,0.08,Media,0,"Series E",80,"United States",4/3/2020
"Butler Hospitality","New York City",1000.0,2022-07-08,1.0,Food,0,"Series B",50,"United States",7/8/2022
"Butterfly Network",Boston,,2023-01-04,0.25,Healthcare,0,Post-IPO,530,"United States",1/18/2023
"Butterfly Network","New Haven",,2022-08-02,0.1,Healthcare,0,Post-IPO,530,"United States",8/4/2022
"Butterfly Network copy",Boston,,2023-07-11,0.25,Healthcare,0,Post-IPO,530,"United States",7/17/2023
Button,"New York City",48.0,2020-04-08,0.35000000000000003,Marketing,0,"Series C",64,"United States",4/10/2020
BUX,"Amsterdam, Non-U.S.",,2023-01-22,,Finance,0,"Series C",115,Netherlands,1/23/2023
"Buy.com / Rakuten","SF Bay Area",87.0,2020-07-30,1.0,Retail,0,Acquired,42,"United States",7/31/2020
Buzzer,"New York City",,2023-06-30,1.0,Consumer,0,"Series A",24,"United States",7/1/2023
Buzzer,"New York City",,2023-05-09,,Media,0,Unknown,32,"United States",5/9/2023
Buzzer,"New York City",,2022-06-20,0.2,Media,0,Unknown,32,"United States",6/22/2022
BuzzFeed,"New York City",,2024-02-21,0.16,Media,0,Post-IPO,696,"United States",2/23/2024
BuzzFeed,"New York City",180.0,2022-12-06,0.12,Media,0,Post-IPO,696,"United States",12/6/2022
BuzzFeed,"New York City",180.0,2023-04-20,0.15,Media,0,Post-IPO,696,"United States",4/20/2023
BVAccel,"San Diego",25.0,2020-04-08,0.25,Marketing,0,Unknown,0,"United States",4/12/2020
Bybit,"Singapore, Non-U.S.",,2022-06-20,,Crypto,0,Unknown,0,Singapore,12/4/2022
Bybit,"Singapore, Non-U.S.",,2022-12-03,0.3,Crypto,0,Unknown,0,Singapore,12/4/2022
Bybit,"Singapore, Non-U.S.",600.0,2022-06-20,0.3,Crypto,0,Unknown,0,Singapore,6/22/2022
Byju's,"Bengaluru, Non-U.S.",1000.0,2023-06-07,,Education,0,"Private Equity",5500,India,6/9/2023
Byju's,"Bengaluru, Non-U.S.",1500.0,2023-02-02,,Education,0,"Private Equity",5500,India,2/2/2023
Byju's,"Bengaluru, Non-U.S.",2500.0,2022-10-12,0.05,Education,0,"Private Equity",5500,India,10/12/2022
Byju's,"Bengaluru, Non-U.S.",500.0,2024-04-02,0.03,Education,0,"Private Equity",5500,India,4/2/2024
Bytedance,"Jakarta, Non-U.S.",450.0,2024-06-12,,Consumer,0,Unknown,9400,Indonesia,6/12/2024
Bytedance,"Jakarta, Non-U.S.",500.0,2024-10-11,,Consumer,0,Unknown,9400,Indonesia,10/11/2024
Bytedance,"Mumbai, Non-U.S.",1800.0,2021-01-27,,Consumer,0,Unknown,7400,India,1/28/2021
Bytedance,"Shanghai, Non-U.S.",,2023-01-03,0.1,Consumer,0,Unknown,9400,China,1/4/2023
Bytedance,"Shanghai, Non-U.S.",1000.0,2023-11-27,,Consumer,0,Unknown,9400,China,11/27/2023
Bytedance,"Shanghai, Non-U.S.",150.0,2022-06-17,,Consumer,0,Unknown,9400,China,6/17/2022
Bytedance,"Shanghai, Non-U.S.",1800.0,2021-08-05,,Consumer,0,Unknown,9400,China,8/5/2021
Byton,"SF Bay Area",,2020-06-27,,Transportation,0,"Series C",1200,"United States",6/29/2020
C2FO,"Kansas City",16.0,2024-06-18,,Finance,0,"Series H",537,"United States",6/19/2024
C2FO,"Kansas City",20.0,2022-12-09,0.02,Finance,0,"Series H",537,"United States",12/11/2022
C2FO,"Kansas City",80.0,2023-10-16,0.03,Finance,0,"Series H",537,"United States",10/20/2023
C3.ai,"SF Bay Area",,2023-11-20,,AI,0,"Series F",228,"United States",11/21/2023
C3.ai,"SF Bay Area",280.0,2026-02-25,0.26,AI,0,"Series F",228,"United States",2/26/2026
"C6 Bank","Sao Paulo, Non-U.S.",,2023-02-06,,Finance,0,Unknown,2300,Brazil,2/8/2023
"C6 Bank","Sao Paulo, Non-U.S.",60.0,2020-04-06,0.06,Finance,0,Unknown,0,Brazil,4/6/2020
Cabify,"Madrid, Non-U.S.",29.0,2024-05-02,,Transportation,0,Unknown,601,Spain,5/9/2024
Cabin,"SF Bay Area",,2020-03-23,0.2,Travel,0,Seed,3,"United States",3/28/2020
Cadre,"New York City",28.0,2020-05-11,0.25,"Real Estate",0,"Series C",133,"United States",5/11/2020
"Cake Bikes","Stockholm, Non-U.S.",,2024-02-02,1.0,Transportation,0,Unknown,74,Sweden,2/3/2024
"Cake Group","Singapore, Non-U.S.",50.0,2023-11-14,0.3,Crypto,0,Unknown,0,Singapore,11/15/2023
Calendly,Atlanta,60.0,2023-07-26,0.1,Other,0,"Series B",351,"United States",7/27/2023
Calendly,Atlanta,70.0,2024-12-11,0.13,Other,0,"Series B",351,"United States",12/13/2024
Calibrate,"New York City",,2023-04-14,0.18,Healthcare,0,"Series B",127,"United States",4/15/2023
Calibrate,"New York City",156.0,2022-07-08,0.24,Healthcare,0,"Series B",127,"United States",7/18/2022
Caliva,"SF Bay Area",20.0,2020-03-30,,Retail,0,"Series A",75,"United States",5/29/2020
Caliva,"SF Bay Area",54.0,2023-08-08,,Retail,0,"Series B",75,"United States",8/9/2023
"Callisto Media","SF Bay Area",,2022-10-25,0.35000000000000003,Media,0,"Series D",0,"United States",10/26/2022
"Callisto Media","SF Bay Area",140.0,2022-07-21,0.35000000000000003,Media,0,"Series D",0,"United States",7/21/2022
Calm,"SF Bay Area",90.0,2022-08-11,0.2,Healthcare,0,"Series C",218,"United States",8/12/2022
Cambricon,"Beijing, Non-U.S.",,2023-07-31,,Hardware,0,"Series B",200,China,8/1/2023
Cameo,Chicago,80.0,2022-11-09,,Consumer,0,Unknown,165,"United States",11/9/2022
Cameo,Chicago,80.0,2023-07-18,,Consumer,0,Unknown,165,"United States",7/18/2023
Cameo,Chicago,87.0,2022-05-04,0.25,Consumer,0,Unknown,165,"United States",5/4/2022
"Camp K12","Gurugram, Non-U.S.",,2023-01-23,0.7000000000000001,Education,0,"Series A",16,India,1/23/2023
Cana,"SF Bay Area",,2023-05-13,1.0,Food,0,Unknown,30,"United States",5/14/2023
"Candidate Labs","SF Bay Area",,2022-09-21,,HR,0,Seed,5,"United States",10/4/2022
"Candor Technology",Atlanta,,2023-03-17,,"Real Estate",0,Unknown,23,"United States",3/17/2023
"Candy Digital","New York City",30.0,2023-06-29,,Crypto,0,"Series A",138,"United States",6/30/2023
"Candy Digital","New York City",33.0,2022-11-28,0.33,Crypto,0,"Series A",100,"United States",11/29/2022
Canoo,"Los Angeles",20.0,2024-12-11,,Transportation,0,Post-IPO,300,"United States",12/13/2024
Canoo,"Los Angeles",58.0,2022-07-01,0.06,Transportation,0,Post-IPO,300,"United States",7/1/2022
Canva,"Sydney, Non-U.S.",10.0,2025-04-02,,Consumer,0,Unknown,2500,Australia,4/2/2025
Capillary,"Bengaluru, Non-U.S.",,2020-04-02,,Retail,0,"Private Equity",102,India,4/12/2020
"Capital One","Washington D.C.",1100.0,2023-01-19,,Finance,0,Post-IPO,0,"United States",1/20/2023
Capiter,"Cairo, Non-U.S.",,2022-09-09,,Finance,0,"Series A",33,Egypt,9/13/2022
Capitolis,"New York City",,2022-11-18,0.25,Finance,0,"Series D",281,"United States",12/15/2022
Capitolis,"New York City",37.0,2022-11-17,0.25,Finance,0,"Series D",281,"United States",11/18/2022
Capsule,"New York City",,2022-07-19,0.13,Healthcare,0,"Series D",570,"United States",7/20/2022
"Captain Fresh","Bengaluru, Non-U.S.",120.0,2023-01-15,,Food,0,"Series C",126,India,1/16/2023
Captiv8,"SF Bay Area",8.0,2023-08-24,0.03,Marketing,0,Unknown,4,"United States",8/25/2023
CaptivateIQ,"SF Bay Area",31.0,2022-11-15,0.1,Sales,0,"Series C",164,"United States",11/17/2022
CapWay,Atlanta,,2024-10-17,1.0,Finance,0,Unknown,0,"United States",10/18/2024
Carbon,"SF Bay Area",,2022-10-26,,Hardware,0,"Series E",683,"United States",1/4/2023
"Carbon Health","SF Bay Area",114.0,2023-10-09,0.05,Healthcare,0,"Series D",522,"United States",10/25/2023
"Carbon Health","SF Bay Area",200.0,2023-01-06,,Healthcare,0,"Series D",522,"United States",1/7/2023
"Carbon Health","SF Bay Area",250.0,2022-06-02,0.08,Healthcare,0,"Series D",522,"United States",6/2/2022
"Carbon Health","SF Bay Area",56.0,2024-02-23,,Healthcare,0,"Series D",522,"United States",2/24/2024
CarDekho,"Gurugram, Non-U.S.",,2022-08-03,,Transportation,0,"Series E",497,India,8/4/2022
CarDekho,"Gurugram, Non-U.S.",200.0,2020-05-25,,Transportation,0,"Series D",247,India,5/26/2020
Cardlytics,Atlanta,51.0,2022-11-14,,Marketing,0,Post-IPO,212,"United States",11/15/2022
Care.com,Boston,81.0,2020-04-30,,Consumer,0,Acquired,156,"United States",5/1/2020
Care/of,"New York City",143.0,2024-06-15,1.0,Healthcare,0,Acquired,83,"United States",6/19/2024
Careem,"Dubai, Non-U.S.",,2026-05-05,,Transportation,0,Acquired,771,"United Arab Emirates",5/7/2026
Careem,"Dubai, Non-U.S.",536.0,2020-05-04,0.31,Transportation,0,Acquired,771,"United Arab Emirates",5/4/2020
"Career Karma","SF Bay Area",22.0,2023-01-12,,Education,0,"Series B",51,"United States",1/12/2023
"Career Karma","SF Bay Area",60.0,2022-07-28,0.33,Education,0,"Series B",51,"United States",7/29/2022
CareerArc,"Los Angeles",,2023-01-06,,HR,0,"Private Equity",30,"United States",1/9/2023
"CareerBuilder + Monster",Chicago,200.0,2024-10-10,0.15,Recruiting,0,Acquired,0,"United States",10/11/2024
CareRev,"Los Angeles",,2023-01-25,,Healthcare,0,"Series A",51,"United States",2/1/2023
CareRev,"Los Angeles",100.0,2023-06-15,0.33,Healthcare,0,"Series A",51,"United States",6/16/2023
CarGurus,Boston,130.0,2020-04-16,0.13,Transportation,0,Post-IPO,1,"United States",4/16/2020
Caribou,"Washington D.C.",,2022-12-12,,Finance,0,"Series C",189,"United States",1/12/2023
Carousell,"Singapore, Non-U.S.",110.0,2022-12-01,0.1,Retail,0,"Private Equity",372,Singapore,12/3/2022
Carousell,"Singapore, Non-U.S.",76.0,2024-12-06,0.07,Retail,0,Unknown,375,Singapore,12/7/2024
Cars.com,Chicago,,2026-04-09,0.11,Transportation,0,Acquired,0,"United States",4/17/2026
Cars24,"Gurugram, Non-U.S.",120.0,2025-05-27,,Transportation,0,"Series G",1300,India,5/28/2025
Cars24,"Gurugram, Non-U.S.",200.0,2025-04-26,,Transportation,0,"Series G",1300,India,4/29/2025
Cars24,"Gurugram, Non-U.S.",600.0,2022-05-19,0.06,Transportation,0,"Series G",1300,India,5/19/2022
Cars24,"Jakarta, Non-U.S.",100.0,2023-05-03,,Transportation,0,"Series G",1300,Indonesia,5/7/2023
Carsome,"Kuala Lumpur, Non-U.S.",,2022-09-30,0.1,Transportation,0,"Series E",607,Malaysia,9/30/2022
Cart.com,Austin,,2023-01-10,,Retail,0,Unknown,383,"United States",1/11/2023
Cart.com,Austin,25.0,2023-01-10,0.04,Retail,0,Unknown,383,"United States",11/16/2023
Carta,"SF Bay Area",161.0,2020-04-15,0.16,Finance,0,"Series E",447,"United States",4/15/2020
Carta,"SF Bay Area",,2023-11-09,,HR,0,"Series G",1100,"United States",11/10/2023
Carta,"SF Bay Area",,2023-01-11,0.1,HR,0,"Series G",1100,"United States",1/11/2023
CarTrawler,"Dublin, Non-U.S.",40.0,2024-09-19,0.1,Transportation,0,Acquired,0,Ireland,9/21/2024
Carvana,Phoenix,,2023-01-13,,Transportation,0,Post-IPO,1600,"United States",1/14/2023
Carvana,Phoenix,1500.0,2022-11-18,0.08,Transportation,0,Post-IPO,1600,"United States",11/18/2022
Carvana,Phoenix,2500.0,2022-05-10,0.12,Transportation,0,Post-IPO,1600,"United States",5/10/2022
Carwow,"London, Non-U.S.",70.0,2022-11-25,0.2,Transportation,0,Unknown,157,"United Kingdom",11/29/2022
Casavo,"Milan, Non-U.S.",,2023-02-13,0.3,"Real Estate",0,Unknown,708,Italy,2/13/2023
"Cashfree Payments",Bengaluru,100.0,2023-01-12,,Finance,0,"Series B",41,India,1/12/2023
Casper,"New York City",,2021-09-14,,Retail,0,Post-IPO,339,"United States",9/15/2021
Casper,"New York City",78.0,2020-04-21,0.21,Retail,0,Post-IPO,339,"United States",4/21/2020
"Castlight Health","SF Bay Area",,2020-05-04,0.13,Healthcare,0,Post-IPO,184,"United States",5/10/2020
Catalant,Boston,30.0,2020-03-30,,Other,0,"Series E",110,"United States",3/31/2020
Catalyst,"New York City",,2022-07-21,,Support,0,"Series B",45,"United States",8/4/2022
Catch,"New York City",,2023-03-07,1.0,Finance,0,"Series A",18,"United States",3/7/2023
Catch.com.au,"Melbourne, Non-U.S.",100.0,2023-02-06,,Retail,0,Acquired,80,Australia,2/14/2023
"Catena Media","Sliema, Non-U.S.",29.0,2024-10-23,,Marketing,0,Unknown,0,Malta,11/4/2024
Cazoo,"London, Non-U.S.",,2023-01-18,,Transportation,0,Post-IPO,2000,"United Kingdom",1/19/2023
Cazoo,"London, Non-U.S.",750.0,2022-06-07,0.15,Transportation,0,Post-IPO,2000,"United Kingdom",6/7/2022
Cedar,"New York City",,2022-07-07,0.24,Healthcare,0,"Series D",351,"United States",7/7/2022
Cellebrite,"Tel Aviv, Non-U.S.",20.0,2025-12-03,0.01,Other,0,Post-IPO,410,Israel,12/8/2025
Cellulant,"Nairobi, Non-U.S.",,2023-08-23,0.2,Finance,0,"Series C",54,Kenya,8/24/2023
Celsius,"New York City",150.0,2022-07-03,0.25,Crypto,0,"Series B",864,"United States",7/4/2022
Center,Seattle,8.0,2024-09-07,0.04,Finance,0,"Series C",102,"United States",10/1/2024
Centr,"Sydney, Non-U.S.",22.0,2023-07-13,,Fitness,0,Unknown,0,Australia,7/13/2023
"Century Therapeutics",Philadelphia,,2023-01-09,,Healthcare,0,Post-IPO,560,"United States",1/20/2023
Cerebral,"SF Bay Area",,2022-05-31,,Healthcare,0,"Series C",462,"United States",6/3/2022
Cerebral,"SF Bay Area",285.0,2023-02-27,0.15,Healthcare,0,"Series C",462,"United States",2/27/2023
Cerebral,"SF Bay Area",400.0,2022-10-24,0.2,Healthcare,0,"Series C",462,"United States",10/24/2022
Cerner,"Kansas City",,2023-06-15,,Healthcare,0,Acquired,0,"United States",6/19/2023
Cerner,"Kansas City",3000.0,2023-05-16,0.11,Healthcare,0,Acquired,0,"United States",5/17/2023
Certinia,"SF Bay Area",,2024-01-11,,Other,0,Unknown,194,"United States",1/13/2024
Chainalysis,"New York City",150.0,2023-10-02,0.15,Crypto,0,"Series F",536,"United States",10/4/2023
Chainalysis,"New York City",44.0,2023-02-01,0.05,Crypto,0,"Series F",536,"United States",2/2/2023
"Change Invest","Amsterdam, Non-U.S.",,2022-11-27,0.24,Finance,0,Unknown,22,Netherlands,1/23/2023
Change.org,"SF Bay Area",,2022-07-28,0.19,Other,0,"Series D",72,"United States",7/29/2022
Character.ai,"SF Bay Area",6.0,2024-08-29,0.05,AI,0,"Series A",150,"United States",9/1/2024
Chargebee,"SF Bay Area",100.0,2023-09-11,0.1,Finance,0,"Series H",468,"United States",9/11/2023
Chargebee,"SF Bay Area",142.0,2022-11-02,0.1,Finance,0,"Series H",468,"United States",11/3/2022
ChargePoint,"SF Bay Area",,2023-09-08,0.1,Manufacturing,0,Unknown,1400,"United States",9/8/2023
ChargePoint,"SF Bay Area",,2024-01-10,0.12,Manufacturing,0,Unknown,1400,"United States",1/12/2024
ChargePoint,"SF Bay Area",250.0,2024-09-04,0.15,Manufacturing,0,Unknown,1400,"United States",9/6/2024
Checkmarx,"Tel Aviv, Non-U.S.",,2020-05-18,,Security,0,Acquired,92,Israel,5/23/2020
Checkmarx,"Tel Aviv, Non-U.S.",100.0,2022-11-02,0.1,Security,0,"Series C",92,Israel,11/2/2022
Checkout.com,"London, Non-U.S.",,2023-04-03,,Finance,0,"Series D",1800,"United Kingdom",5/24/2023
Checkout.com,"London, Non-U.S.",100.0,2022-09-13,0.05,Finance,0,"Series D",1800,"United Kingdom",9/14/2022
Checkout.com,"London, Non-U.S.",80.0,2023-12-18,,Finance,0,"Series D",1800,"United Kingdom",12/19/2023
Checkr,"SF Bay Area",382.0,2024-04-09,0.32,HR,0,"Series D",679,"United States",4/9/2024
Checkr,"SF Bay Area",64.0,2020-07-23,0.12,HR,0,"Series D",309,"United States",7/24/2020
Cheddar,"New York City",,2020-04-24,,Media,0,Acquired,54,"United States",4/30/2020
Cheetah,"SF Bay Area",,2020-10-25,,Food,0,"Series B",67,"United States",11/4/2020
Chef,Seattle,,2020-10-08,,Infrastructure,0,Acquired,105,"United States",10/16/2020
Chegg,"SF Bay Area",248.0,2025-05-12,0.22,Education,0,Post-IPO,227,"United States",5/12/2025
Chegg,"SF Bay Area",319.0,2024-11-12,0.21,Education,0,Post-IPO,227,"United States",11/13/2024
Chegg,"SF Bay Area",388.0,2025-10-27,0.45,Education,0,Post-IPO,227,"United States",10/28/2025
Chegg,"SF Bay Area",441.0,2024-06-17,0.23,Education,0,Post-IPO,227,"United States",6/19/2024
Chegg,"SF Bay Area",80.0,2023-06-12,0.04,Education,0,Post-IPO,227,"United States",6/14/2023
Chessable,"London, Non-U.S.",29.0,2022-07-04,,Consumer,0,Acquired,0,"United Kingdom",7/13/2022
Chewy,Miami,200.0,2023-11-14,,Retail,0,Post-IPO,451,"United States",11/15/2023
"Chia Network","SF Bay Area",26.0,2023-10-02,0.37,Crypto,0,"Series D",70,"United States",10/4/2023
Chief,"New York City",,2024-01-11,,HR,0,"Series B",140,"United States",1/16/2024
Chief,"New York City",,2024-10-20,,HR,0,"Series B",140,"United States",10/23/2024
Chief,"New York City",43.0,2023-04-27,0.14,Other,0,"Series B",140,"United States",4/27/2023
"Chili Piper","New York City",58.0,2022-11-17,,Sales,0,"Series B",54,"United States",11/17/2022
Chime,"SF Bay Area",156.0,2022-11-02,0.12,Finance,0,"Series G",2300,"United States",11/2/2022
Chingari,"Bengaluru, Non-U.S.",,2023-08-24,0.5,Media,0,Unknown,88,India,8/24/2023
Chingari,"Bengaluru, Non-U.S.",48.0,2023-06-19,0.2,Media,0,Unknown,88,India,6/20/2023
Chipax,"Santiago, Non-U.S.",,2022-11-11,,Finance,0,Seed,2,Chile,12/14/2022
"Chipper Cash","SF Bay Area",100.0,2023-02-17,0.33,Finance,0,"Series C",302,"United States",2/20/2023
"Chipper Cash","SF Bay Area",15.0,2023-12-11,0.33,Finance,0,"Series C",302,"United States",12/11/2023
"Chipper Cash","SF Bay Area",20.0,2024-03-15,,Finance,0,"Series C",302,"United States",3/17/2024
"Chipper Cash","SF Bay Area",50.0,2022-12-06,0.125,Finance,0,"Series C",302,"United States",12/7/2022
Chope,"Singapore, Non-U.S.",65.0,2022-12-20,0.24,Food,0,"Series E",50,Singapore,12/28/2022
ChowNow,"Los Angeles",100.0,2022-07-13,0.2,Food,0,"Series C",64,"United States",7/13/2022
ChowNow,"Los Angeles",40.0,2022-12-14,0.1,Food,0,"Series C",64,"United States",12/15/2022
ChowNow,"Los Angeles",60.0,2024-03-28,0.2,Food,0,"Series C",64,"United States",3/28/2024
Chrono24,"Karlsruhe, Non-U.S.",110.0,2025-01-16,0.24,Retail,0,"Series C",205,Germany,1/17/2025
Chrono24,"Karlsruhe, Non-U.S.",65.0,2023-01-30,0.13,Retail,0,"Series C",205,Germany,1/31/2023
Chrono24,"Karlsruhe, Non-U.S.",80.0,2022-12-08,,Retail,0,"Series C",205,Germany,1/15/2023
Cimpress,"Paris, Non-U.S.",500.0,2023-03-23,,Retail,0,Post-IPO,300,France,4/11/2023
Cin7,"Auckland, Non-U.S.",,2023-04-04,,Retail,0,"Private Equity",0,"New Zealand",4/5/2023
Cint,"Stockholm, Non-U.S.",,2024-07-01,,Data,0,Post-IPO,17,Sweden,7/3/2024
Cint,"Stockholm, Non-U.S.",,2024-12-12,0.12,Data,0,Post-IPO,17,Sweden,2/8/2025
CipherTrace,"SF Bay Area",,2020-04-09,,Crypto,0,Unknown,18,"United States",4/30/2020
Circ,"Berlin, Non-U.S.",100.0,2020-06-02,,Transportation,0,Acquired,55,Germany,6/3/2020
Circle,Boston,,2023-07-12,,Crypto,0,"Private Equity",1100,"United States",7/13/2023
Circle,Boston,50.0,2024-12-05,0.06,Crypto,0,"Private Equity",1100,"United States",12/7/2024
CircleCI,"SF Bay Area",,2023-08-17,,Product,0,"Series F",315,"United States",8/18/2023
CircleCI,"SF Bay Area",,2022-12-07,0.17,Product,0,"Series F",315,"United States",12/7/2022
CircleCI,"SF Bay Area",100.0,2024-01-31,,Product,0,"Series F",315,"United States",2/1/2024
Circles.Life,"Singapore, Non-U.S.",,2023-07-06,,Marketing,0,Unknown,50,Singapore,7/7/2023
CircleUp,"SF Bay Area",,2022-07-13,,Finance,0,"Series C",53,"United States",7/26/2022
"Circulo Health",Columbus,,2022-06-16,0.5,Healthcare,0,"Series A",50,"United States",6/17/2022
"Circus Kitchens","Hamburg, Non-U.S.",35.0,2023-05-25,,Food,0,Seed,12,Germany,5/26/2023
Cisco,"SF Bay Area",221.0,2025-08-19,,Infrastructure,0,Post-IPO,2,"United States",8/23/2025
Cisco,"SF Bay Area",350.0,2023-09-17,,Infrastructure,0,Post-IPO,2,"United States",9/20/2023
Cisco,"SF Bay Area",4000.0,2026-05-13,0.05,Infrastructure,0,Post-IPO,2,"United States",5/13/2026
Cisco,"SF Bay Area",4100.0,2022-11-16,0.05,Infrastructure,0,Post-IPO,2,"United States",11/17/2022
Cisco,"SF Bay Area",4250.0,2024-02-14,0.05,Infrastructure,0,Post-IPO,2,"United States",2/14/2024
Cisco,"SF Bay Area",5600.0,2024-08-09,0.07,Infrastructure,0,Post-IPO,2,"United States",8/9/2024
Citizen,"New York City",33.0,2023-01-11,,Consumer,0,"Series C",133,"United States",1/12/2023
"Citrine Informatics","SF Bay Area",22.0,2023-01-20,0.27,Data,0,"Series C",64,"United States",1/21/2023
Citrix,Miami,,2023-01-10,0.15,Infrastructure,0,Acquired,20,"United States",1/11/2023
Citrix,Miami,1000.0,2024-01-10,0.12,Infrastructure,0,Acquired,20,"United States",1/11/2024
"Cityblock Health","New York City",155.0,2023-06-08,0.12,Healthcare,0,"Series D",891,"United States",6/8/2023
CityMall,"Gurugram, Non-U.S.",191.0,2022-06-19,0.3,Retail,0,"Series C",112,India,6/19/2022
CityMall,"Gurugram, Non-U.S.",90.0,2023-10-16,,Retail,0,"Series C",112,India,10/17/2023
Claravine,"Salt Lake City",,2020-03-31,,Marketing,0,Seed,4,"United States",4/7/2020
Clari,"SF Bay Area",20.0,2023-02-06,,Sales,0,"Series F",496,"United States",2/7/2023
Clari,"SF Bay Area",45.0,2022-08-31,,Sales,0,"Series F",496,"United States",9/2/2022
Clari,"SF Bay Area",76.0,2026-02-12,,Sales,0,Acquired,496,"United States",2/18/2026
"Clarify Health","SF Bay Area",15.0,2022-07-22,0.05,Healthcare,0,"Series D",328,"United States",7/22/2022
Classkick,Chicago,,2022-08-01,,Education,0,Seed,1,"United States",8/10/2022
ClassPass,"New York City",154.0,2020-04-02,0.22,Fitness,0,"Series E",549,"United States",4/2/2020
Clear,"Bengaluru, Non-U.S.",145.0,2025-08-01,0.16,Finance,0,"Series C",140,India,8/5/2025
Clear,"Bengaluru, Non-U.S.",190.0,2022-09-16,0.2,Finance,0,"Series C",140,India,9/17/2022
"Clear Capital",Reno,250.0,2023-01-25,0.25,"Real Estate",0,Unknown,0,"United States",1/26/2023
"Clear Capital",Reno,378.0,2022-10-14,0.27,"Real Estate",0,Unknown,0,"United States",10/15/2022
Clearbanc,"Toronto, Non-U.S.",17.0,2020-04-13,0.08,Finance,0,"Series B",119,Canada,4/13/2020
Clearbit,"SF Bay Area",,2020-04-22,,Data,0,"Series A",17,"United States",4/25/2020
Clearbit,"SF Bay Area",,2023-05-18,,Sales,0,"Series A",17,"United States",5/18/2023
Clearco,"Dublin, Non-U.S.",,2022-06-06,,Finance,0,"Series C",681,Ireland,8/5/2022
Clearco,"Toronto, Non-U.S.",125.0,2022-07-29,0.25,Finance,0,"Series C",681,Canada,7/29/2022
ClearCo,"Toronto, Non-U.S.",50.0,2023-01-16,0.3,Finance,0,"Series C",698,Canada,1/16/2023
Clearco,"Toronto, Non-U.S.",60.0,2022-06-06,,Finance,0,"Series C",681,Canada,8/30/2022
Clearcover,Chicago,,2023-09-01,0.28,Finance,0,"Series D",304,"United States",9/1/2023
Clearcover,Chicago,81.0,2023-04-17,0.15,Finance,0,"Series D",304,"United States",4/25/2023
ClearPay,"Manchester, Non-U.S.",,2023-06-27,,Finance,0,Acquired,85,"United Kingdom",7/6/2023
"Clever Real Estate","St. Louis",,2022-10-19,,"Real Estate",0,"Series B",13,"United States",10/20/2022
"Clever Real Estate","St. Louis",,2020-03-25,,"Real Estate",0,"Series A",5,"United States",4/8/2020
CleverTap,"Mumbai, Non-U.S.",60.0,2020-04-16,0.2,Marketing,0,"Series C",76,India,4/21/2020
ClickUp,"San Diego",,2026-05-21,0.22,Other,0,"Series C",537,"United States",5/21/2026
ClickUp,"San Diego",60.0,2022-05-23,0.07,Other,0,"Series C",537,"United States",5/25/2022
ClickUp,"San Diego",90.0,2023-06-28,0.1,Other,0,"Series C",537,"United States",7/4/2023
Climeworks,"Zurich, Non-U.S.",106.0,2025-05-21,0.22,Energy,0,"Private Equity",734,Switzerland,5/22/2025
Clinc,"Ann Arbor",40.0,2020-04-09,0.32,Support,0,"Series B",59,"United States",4/2/2020
Clockwork,Dallas,,2023-08-28,1.0,Crypto,8,Seed,4,"United States",8/28/2023
"Cloud Software Group","SF Bay Area",,2025-01-07,,Other,0,Unknown,0,"United States",1/12/2025
Cloudera,"SF Bay Area",,2020-05-05,,Infrastructure,0,Post-IPO,1000,"United States",5/7/2020
CloudFactory,"Nairobi, Non-U.S.",,2022-11-09,0.12,Data,0,"Private Equity",78,Kenya,11/20/2022
Cloudflare,"SF Bay Area",1100.0,2026-05-07,0.2,Security,0,Post-IPO,332,"United States",5/7/2026
Cloudflare,"SF Bay Area",40.0,2024-01-11,,Security,0,Post-IPO,332,"United States",2/2/2024
Cloudinary,"SF Bay Area",40.0,2022-11-14,0.08,Media,0,Unknown,100,"United States",11/17/2022
CloudKitchens,"Los Angeles",,2022-11-03,,"Real Estate",0,Unknown,1300,"United States",11/4/2022
CloudKitchens,"Los Angeles",,2023-11-08,,"Real Estate",0,Unknown,1300,"United States",11/9/2023
CloudTrucks,"SF Bay Area",,2023-06-01,,Logistics,0,"Series B",141,"United States",6/2/2023
Clubhouse,"SF Bay Area",,2022-06-03,,Consumer,0,"Series C",110,"United States",6/4/2022
Clubhouse,"SF Bay Area",,2023-04-27,0.5,Consumer,0,"Series C",110,"United States",4/27/2023
Clue,"Berlin, Non-U.S.",31.0,2023-01-18,0.31,Healthcare,0,Unknown,47,Germany,1/18/2023
Clumio,"SF Bay Area",,2021-03-01,,Data,0,"Series C",186,"United States",3/4/2021
Clutch,"Toronto, Non-U.S.",150.0,2023-01-17,,Transportation,0,Unknown,253,Canada,1/18/2023
Clutch,"Toronto, Non-U.S.",76.0,2022-06-29,0.22,Transportation,0,"Series B",153,Canada,6/30/2022
Clutter,"Los Angeles",,2020-03-25,0.3,Consumer,0,"Series D",296,"United States",3/30/2020
Clyde,"New York City",22.0,2022-04-25,,Marketing,0,"Series B",58,"United States",5/11/2022
CNET,"SF Bay Area",12.0,2023-03-02,0.1,Media,0,Acquired,20,"United States",3/4/2023
CoachHub,"Berlin, Non-U.S.",,2023-01-24,0.1,HR,0,"Series C",332,Germany,1/24/2023
CoachHub,"Berlin, Non-U.S.",,2023-06-01,0.1,HR,0,"Series C",332,Germany,6/4/2023
Coda,"SF Bay Area",,2023-01-18,,Other,0,"Series D",240,"United States",2/16/2023
Code42,Minneapolis,25.0,2020-04-09,0.05,Data,0,"Series B",138,"United States",9/8/2020
Code42,Minneapolis,,2023-07-17,,Security,0,Unknown,137,"United States",7/17/2023
Code42,Minneapolis,,2022-11-07,0.15,Security,0,Unknown,137,"United States",11/8/2022
Codecademy,"New York City",,2026-02-19,,Education,0,Acquired,87,"United States",3/17/2026
CodeClan,"Edinburgh, Non-U.S.",57.0,2023-08-04,1.0,Education,0,Seed,0,"United Kingdom",8/8/2023
CodeCombat,"SF Bay Area",8.0,2020-10-23,,Education,0,"Series A",8,"United States",10/23/2020
CodeParrot,"Bengaluru, Non-U.S.",,2025-07-17,1.0,Product,0,Seed,0,India,7/18/2025
CodeSee,"SF Bay Area",,2024-02-15,1.0,Data,0,Seed,10,"United States",2/15/2024
Codexis,"SF Bay Area",,2022-11-29,0.18,Healthcare,0,Post-IPO,162,"United States",11/30/2022
"Coding Dojo",Seattle,7.0,2020-04-02,0.07,Education,0,Unknown,2,"United States",4/12/2020
Cogito,Boston,24.0,2020-04-06,0.14,Support,0,"Series C",92,"United States",4/6/2020
Cogito,"New Delhi, Non-U.S.",177.0,2023-04-29,,Data,0,Unknown,0,India,5/1/2023
Cognyte,"Tel Aviv, Non-U.S.",100.0,2022-12-02,0.05,Security,0,Unknown,0,Israel,12/4/2022
Cohere,"Toronto, Non-U.S.",20.0,2024-07-23,0.05,AI,0,"Series D",935,Canada,7/24/2024
Coherent,"SF Bay Area",108.0,2023-03-16,,Manufacturing,0,Post-IPO,0,"United States",3/17/2023
Coherent,"SF Bay Area",196.0,2023-06-06,,Manufacturing,0,Post-IPO,0,"United States",6/8/2023
Cohesity,"SF Bay Area",,2020-04-30,,Data,0,"Series E",660,"United States",5/1/2020
Cohesity,"SF Bay Area",,2023-06-08,,Data,0,"Series E",805,"United States",6/9/2023
"Coho AI","Tel Aviv, Non-U.S.",,2025-04-06,1.0,Sales,0,Seed,8,Israel,4/16/2025
Coinbase,"SF Bay Area",1100.0,2022-06-14,0.18,Crypto,0,Post-IPO,549,"United States",6/14/2022
Coinbase,"SF Bay Area",60.0,2022-11-10,,Crypto,0,Post-IPO,549,"United States",11/10/2022
Coinbase,"SF Bay Area",700.0,2026-05-05,0.14,Crypto,0,Post-IPO,549,"United States",5/5/2026
Coinbase,"SF Bay Area",950.0,2023-01-10,0.2,Crypto,0,Post-IPO,549,"United States",1/10/2023
CoinDCX,Mumbai,80.0,2023-01-11,,Crypto,0,"Series D",244,India,1/12/2023
CoinDCX,"Mumbai, Non-U.S.",,2023-08-22,0.12,Crypto,0,"Series D",247,India,8/23/2023
CoinDesk,"New York City",,2023-08-14,,Crypto,0,Acquired,0,"United States",8/15/2023
CoinFLEX,"Victoria, Non-U.S.",,2022-07-29,,Crypto,0,Unknown,11,Seychelles,7/29/2022
CoinJar,"Melbourne, Non-U.S.",10.0,2022-11-29,0.2,Crypto,0,Unknown,1,Australia,11/30/2022
Coinsquare,"Toronto, Non-U.S.",30.0,2022-07-27,0.24,Crypto,0,Unknown,98,Canada,7/30/2022
CoinSwitch,"Bengaluru, Non-U.S.",44.0,2023-08-28,,Crypto,0,"Series C",301,India,8/28/2023
CoinTracker,"SF Bay Area",19.0,2023-01-28,,Crypto,0,"Series A",101,"United States",1/28/2023
CoLab,"Sydney, Non-U.S.",,2023-04-18,1.0,Food,0,Seed,3,Australia,4/20/2023
Collage.com,Detroit,,2022-10-09,1.0,Retail,0,Acquired,0,"United States",4/3/2023
"Collective Health","SF Bay Area",54.0,2023-02-13,,Healthcare,0,"Series F",719,"United States",2/15/2023
Collibra,"Brussels, Non-U.S.",,2022-10-19,,Data,0,"Series G",596,Belgium,11/3/2022
"Color Health","SF Bay Area",300.0,2023-03-01,,Healthcare,0,"Series E",482,"United States",3/3/2023
Colossus,Boston,97.0,2022-05-04,,Energy,0,"Series A",41,"United States",5/12/2022
CommentSold,Huntsville,,2022-06-29,,Retail,0,Unknown,0,"United States",7/6/2022
CommerceHub,Albany,371.0,2023-02-14,0.31,Retail,0,Acquired,0,"United States",2/15/2023
Commercetools,"Munich, Non-U.S.",,2025-02-26,0.1,Retail,0,"Series C",119,Germany,2/28/2025
CommonBond,"New York City",,2022-09-09,1.0,Finance,0,"Series D",125,"United States",9/11/2022
CommonBond,"New York City",22.0,2022-05-13,,Finance,0,"Series D",130,"United States",5/25/2022
Community,"Los Angeles",40.0,2022-06-21,0.3,Marketing,0,Unknown,40,"United States",6/22/2022
"Community Gaming","New York City",17.0,2023-04-14,0.17,Crypto,0,"Series A",18,"United States",4/17/2023
Commure,"SF Bay Area",,2023-11-09,,Healthcare,0,Unknown,1900,"United States",12/20/2023
CompanyCam,Lincoln,,2026-06-26,,Recruiting,0,"Series C",38,"United States",6/27/2026
Comparis,"Zurich, Non-U.S.",,2023-03-02,0.1,Finance,0,Unknown,0,Switzerland,3/8/2023
Compass,"New York City",,2023-01-05,,"Real Estate",0,Post-IPO,1600,"United States",1/5/2023
Compass,"New York City",271.0,2022-09-20,,"Real Estate",0,Post-IPO,1600,"United States",9/21/2022
Compass,"New York City",375.0,2020-03-23,0.15,"Real Estate",0,"Series G",1600,"United States",3/28/2020
Compass,"New York City",450.0,2022-06-14,0.1,"Real Estate",0,Post-IPO,1600,"United States",6/14/2022
Compete,"Tel Aviv",11.0,2022-09-12,0.28,HR,0,"Series A",17,Israel,9/13/2022
ComplYant,"Los Angeles",,2024-04-29,1.0,Finance,0,Seed,6,"United States",4/30/2024
Confluent,"SF Bay Area",221.0,2023-01-26,0.08,Data,0,Post-IPO,455,"United States",1/26/2023
Conga,Denver,,2020-06-15,0.11,Data,0,Acquired,117,"United States",6/23/2020
Connected,"Toronto, Non-U.S.",17.0,2020-04-08,0.1,Product,0,Unknown,0,Canada,4/11/2020
ConnectedH,"Gurugram, Non-U.S.",,2023-08-02,1.0,Healthcare,0,Seed,2,India,8/3/2023
ConnectRN,Boston,,2023-07-06,,Healthcare,0,Unknown,160,"United States",7/6/2023
ConnectWise,"Tampa Bay",,2024-04-17,,Other,0,Acquired,1,"United States",4/18/2024
ConsenSys,"New York City",100.0,2023-01-10,0.11,Crypto,0,"Series D",726,"United States",1/10/2023
ConsenSys,"New York City",163.0,2024-10-29,0.2,Crypto,0,"Series D",726,"United States",10/30/2024
ConsenSys,"New York City",47.0,2025-07-22,0.07,Crypto,0,"Series D",726,"United States",7/22/2025
ConsenSys,"New York City",91.0,2020-04-20,0.14,Crypto,0,Unknown,10,"United States",4/21/2020
Consider.co,"SF Bay Area",13.0,2020-03-26,1.0,Other,0,Seed,5,"United States",3/28/2020
ContaAzul,"Joinville, Non-U.S.",140.0,2020-04-17,0.35000000000000003,Education,0,"Series D",37,Brazil,4/27/2020
Contentful,"Berlin, Non-U.S.",,2023-12-05,,Marketing,0,"Series F",350,Germany,12/7/2023
ContraFect,"New York City",16.0,2022-08-15,0.37,Healthcare,0,Post-IPO,380,"United States",8/16/2022
Convene,"New York City",,2022-12-10,,"Real Estate",0,Unknown,281,"United States",12/13/2022
Convene,"New York City",150.0,2020-03-23,0.18,"Real Estate",0,"Series D",280,"United States",3/28/2020
Convoy,Atlanta,,2023-02-16,,Logistics,0,"Series E",1100,"United States",2/16/2023
Convoy,Seattle,,2022-10-25,,Logistics,0,"Series E",1100,"United States",10/25/2022
Convoy,Seattle,,2020-04-23,0.01,Logistics,0,"Series D",665,"United States",4/30/2020
Convoy,Seattle,30.0,2023-06-26,0.05,Logistics,0,"Series E",1100,"United States",6/27/2023
Convoy,Seattle,500.0,2023-10-19,1.0,Logistics,0,"Series E",1100,"United States",10/19/2023
Convoy,Seattle,90.0,2022-06-09,0.07,Logistics,0,"Series E",1100,"United States",6/10/2022
Cookpad,"Tokyo, Non-U.S.",80.0,2023-03-10,,Consumer,0,Unknown,0,Japan,3/15/2023
Copia,"Nairobi, Non-U.S.",1060.0,2024-06-06,,Retail,0,"Series C",103,Kenya,6/10/2024
Copia,"Nairobi, Non-U.S.",350.0,2023-07-26,0.25,Retail,0,"Series C",103,Kenya,7/26/2023
Copper,"London, Non-U.S.",,2023-03-22,0.15,Crypto,0,"Series C",281,"United Kingdom",7/5/2023
Copper,"SF Bay Area",35.0,2020-04-02,,Marketing,0,"Series C",102,"United States",4/7/2020
"Core Scientific",Austin,,2022-08-12,0.1,Crypto,0,Post-IPO,169,"United States",8/12/2022
Cornershop,"Santiago, Non-U.S.",200.0,2024-04-10,,Food,0,Acquired,32,Chile,4/12/2024
Cornershop,"Santiago, Non-U.S.",250.0,2023-05-11,0.11,Food,0,Acquired,31,Chile,5/12/2023
CoRover,"Bengaluru, Non-U.S.",,2024-04-03,,AI,0,Unknown,0,India,4/4/2024
CorroHealth,"Kochi, Non-U.S.",800.0,2026-07-03,,Healthcare,0,"Private Equity",376,India,7/6/2026
"Corvus Insurance",Boston,,2023-01-24,0.14,Finance,0,"Series C",160,"United States",1/25/2023
CoSchedule,Bismarck,,2023-01-13,,Marketing,0,Unknown,2,"United States",1/14/2023
Cosuno,"Berlin, Non-U.S.",,2022-07-14,,Construction,0,"Series B",45,Germany,7/16/2022
"Coterie Insurance",Cincinnati,30.0,2022-05-25,0.2,Finance,0,"Series B",70,"United States",5/27/2022
Coupa,"SF Bay Area",,2023-05-30,,Finance,0,Acquired,219,"United States",6/1/2023
"Course Hero","SF Bay Area",,2023-12-05,0.25,Education,0,"Series C",477,"United States",12/8/2023
"Course Hero","SF Bay Area",42.0,2023-03-16,0.15,Education,0,"Series C",477,"United States",3/16/2023
Coursera,"SF Bay Area",,2022-11-09,,Education,0,Post-IPO,458,"United States",11/10/2022
Coursera,"SF Bay Area",,2026-07-06,,Education,0,Acquired,458,"United States",7/8/2026
Coursera,"SF Bay Area",150.0,2024-10-25,0.1,Education,0,Post-IPO,458,"United States",10/31/2024
Cova,"Lagos, Non-U.S.",,2024-01-25,1.0,Finance,0,Unknown,0,Nigeria,1/26/2024
CoverMyMeds,Columbus,800.0,2023-03-29,,Healthcare,0,Acquired,5,"United States",3/29/2023
Covrzy,"Bengaluru, Non-U.S.",,2026-03-31,1.0,Finance,0,Seed,0,India,4/4/2026
Cowbell,"SF Bay Area",28.0,2023-09-29,0.12,Finance,0,"Series B",123,"United States",10/2/2023
Crayon,Boston,20.0,2020-04-01,0.2,Marketing,0,"Series A",16,"United States",4/7/2020
CreateMe,"SF Bay Area",,2023-01-06,,Manufacturing,0,Unknown,0,"United States",1/9/2023
"Credit Karma","SF Bay Area",117.0,2026-05-30,,Finance,0,Acquired,868,"United States",6/3/2026
"Credit Sesame","SF Bay Area",22.0,2020-06-03,0.14,Finance,0,"Series F",120,"United States",6/4/2020
Creditas,"Sao Paulo, Non-U.S.",,2020-04-08,0.06,Finance,0,"Series D",314,Brazil,4/12/2020
Crehana,"Lima, Non-U.S.",,2022-06-15,,Education,0,"Series B",93,Peru,6/22/2022
Crejo.Fun,"Bengaluru, Non-U.S.",170.0,2022-06-30,1.0,Education,0,Seed,3,India,7/1/2022
Criteo,"Paris, Non-U.S.",,2023-02-21,,Marketing,0,Post-IPO,61,France,2/21/2023
Criteo,"Paris, Non-U.S.",140.0,2024-04-12,0.04,Marketing,0,Post-IPO,61,France,4/12/2024
Crossbeam,Philadelphia,17.0,2023-03-30,0.15,Sales,0,"Series C",116,"United States",6/1/2023
CrowdRiff,"Toronto, Non-U.S.",,2020-04-16,,Marketing,0,"Series A",11,Canada,4/27/2020
CrowdStreet,Portland,24.0,2020-06-01,0.22,"Real Estate",0,"Series C",24,"United States",6/2/2020
CrowdStrike,"SF Bay Area",500.0,2025-05-07,0.05,Security,0,Post-IPO,1200,"United States",5/7/2025
Cruise,"SF Bay Area",1000.0,2025-02-04,0.5,Transportation,0,Acquired,15000,"United States",2/4/2025
Cruise,"SF Bay Area",150.0,2020-05-14,0.08,Transportation,0,Acquired,5300,"United States",5/14/2020
Cruise,"SF Bay Area",900.0,2023-12-14,0.24,Transportation,0,Acquired,15000,"United States",12/14/2023
Crunchbase,"SF Bay Area",,2023-07-06,,Sales,0,"Series D",106,"United States",7/8/2023
Crunchyroll,"Tokyo, Non-U.S.",,2025-08-12,,Media,0,Acquired,26,Japan,8/18/2025
Crunchyroll,"Tokyo, Non-U.S.",85.0,2023-02-21,,Media,0,Unknown,26,Japan,2/22/2023
Crypto.com,"Singapore, Non-U.S.",,2022-08-16,,Crypto,0,Unknown,156,Singapore,8/16/2022
Crypto.com,"Singapore, Non-U.S.",,2026-03-19,0.12,Crypto,0,Unknown,0,Singapore,3/22/2026
Crypto.com,"Singapore, Non-U.S.",,2023-01-12,0.2,Crypto,0,Unknown,0,Singapore,1/13/2023
Crypto.com,"Singapore, Non-U.S.",2000.0,2022-10-06,0.3,Crypto,0,Unknown,156,Singapore,10/7/2022
Crypto.com,"Singapore, Non-U.S.",260.0,2022-06-10,0.05,Crypto,0,Unknown,156,Singapore,6/11/2022
"CS Disco",Austin,,2023-05-11,0.08,Legal,0,Post-IPO,233,"United States",5/12/2023
"CS Disco",Austin,62.0,2023-01-19,0.09,Legal,0,Post-IPO,233,"United States",1/21/2023
CTO.ai,"Vancouver, Non-U.S.",30.0,2020-03-20,0.5,Infrastructure,0,Seed,7,Canada,4/2/2020
Cue,"San Diego",170.0,2022-06-27,,Healthcare,0,Post-IPO,999,"United States",6/27/2022
Cue,"San Diego",388.0,2023-01-05,,Healthcare,0,Post-IPO,999,"United States",1/6/2023
"Cue Health","San Diego",180.0,2024-05-22,1.0,Healthcare,0,Post-IPO,899,"United States",5/23/2024
"Cue Health","San Diego",230.0,2024-05-03,0.49,Healthcare,0,Post-IPO,899,"United States",5/4/2024
"Cue Health","San Diego",245.0,2024-02-02,0.3,Healthcare,0,Post-IPO,899,"United States",2/5/2024
"Cue Health","San Diego",326.0,2023-04-28,0.3,Healthcare,0,Post-IPO,899,"United States",5/1/2023
"Cue Health","San Diego",94.0,2024-01-05,0.13,Healthcare,0,Post-IPO,899,"United States",1/7/2024
Cuemath,"Bengaluru, Non-U.S.",100.0,2023-05-08,,Education,0,Unknown,121,India,5/8/2023
Cuemath,"Bengaluru, Non-U.S.",100.0,2023-08-26,,Education,0,Unknown,121,India,8/27/2023
Cult.fit,"Bengaluru, Non-U.S.",100.0,2024-01-24,,Fitness,0,"Series F",635,India,4/12/2024
"Culture Amp","Melbourne, Non-U.S.",36.0,2020-05-28,0.08,HR,0,"Series E",157,Australia,5/28/2020
"Culture Amp","Melbourne, Non-U.S.",60.0,2025-11-18,0.06,HR,0,"Series F",257,Australia,11/23/2025
"Culture Amp","Melbourne, Non-U.S.",70.0,2026-06-26,0.09,HR,0,"Series F",257,Australia,6/27/2026
"Culture Amp","Melbourne, Non-U.S.",90.0,2023-04-18,0.09,HR,0,"Series F",257,Australia,4/19/2023
"Culture Trip","London, Non-U.S.",95.0,2020-05-01,0.32,Media,0,"Series B",102,"United Kingdom",5/1/2020
Curalie,"Berlin, Non-U.S.",,2023-12-14,1.0,Healthcare,0,Unknown,0,Germany,1/2/2024
Curative,"Los Angeles",109.0,2022-09-20,,Healthcare,0,Seed,8,"United States",9/21/2022
Curbio,"Washington D.C.",,2023-12-14,,"Real Estate",0,"Series B",76,"United States",12/15/2023
Cure.fit,"Bengaluru, Non-U.S.",120.0,2024-01-23,,Fitness,0,"Series F",625,India,1/23/2024
Curefit,"Bengaluru, Non-U.S.",120.0,2020-07-17,,Fitness,0,"Series D",405,India,7/17/2020
Curefit,"Bengaluru, Non-U.S.",800.0,2020-05-04,0.16,Fitness,0,"Series D",404,India,5/4/2020
Curology,"SF Bay Area",150.0,2022-03-16,,Healthcare,0,"Series D",19,"United States",3/18/2022
Currency,"Los Angeles",,2020-04-01,,Finance,0,Unknown,0,"United States",4/5/2020
Curve,"London, Non-U.S.",65.0,2022-06-01,0.1,Finance,0,"Series C",182,"United Kingdom",6/2/2022
Cushion,"SF Bay Area",,2025-01-30,1.0,Finance,0,"Series A",20,"United States",2/2/2025
Cuyana,"SF Bay Area",,2020-03-30,,Retail,0,"Series C",31,"United States",4/10/2020
Cvent,"Washington D.C.",400.0,2020-05-21,0.1,Marketing,0,Acquired,146,"United States",5/22/2020
Cyberark,Boston,500.0,2026-02-17,0.12,Security,0,Acquired,1700,"United States",2/18/2026
Cyberbit,"Tel Aviv, Non-U.S.",,2026-06-24,,Security,0,Unknown,0,Israel,6/25/2026
CyberCube,"SF Bay Area",,2022-06-07,,Finance,0,"Series B",35,"United States",6/19/2022
Cybereason,Boston,,2024-03-20,,Security,0,"Series F",750,"United States",3/20/2024
Cybereason,Boston,100.0,2022-06-01,0.06,Security,0,"Series F",750,"United States",6/1/2022
Cybereason,Boston,200.0,2022-10-26,0.17,Security,0,"Series F",750,"United States",10/26/2022
CyberGRX,Denver,,2023-07-12,,Security,0,Acquired,99,"United States",7/13/2023
CyberProof,"Los Angeles",,2024-07-10,0.07,Security,0,Subsidiary,0,"United States",7/11/2024
CyCognito,"SF Bay Area",30.0,2022-12-08,0.15,Security,0,"Series C",153,"United States",12/9/2022
Cypress.io,Atlanta,,2023-01-18,,Product,0,"Series B",54,"United States",1/20/2023
Cypress.io,Atlanta,11.0,2024-06-14,,Product,0,"Series B",54,"United States",6/19/2024
Cyren,"Washington D.C.",121.0,2023-02-01,,Security,0,Post-IPO,161,"United States",2/2/2023
"Cyteir Therapeutics",Boston,,2023-01-20,0.7000000000000001,Healthcare,0,"Series C",156,"United States",1/21/2023
D-ID,"Tel Aviv, Non-U.S.",22.0,2025-03-10,0.25,AI,0,"Series B",48,Israel,3/12/2025
D2iQ,"SF Bay Area",,2023-12-08,1.0,Infrastructure,0,"Series D",247,"United States",12/10/2023
D2iQ,"SF Bay Area",34.0,2020-04-03,0.13,Infrastructure,0,"Series D",247,"United States",4/22/2020
D2L,"Waterloo, Non-U.S.",,2022-11-16,0.05,Education,0,Post-IPO,168,Canada,11/17/2022
"Daily Harvest","New York City",,2022-08-08,0.15,Food,0,"Series D",120,"United States",8/10/2022
"Daily Harvest","New York City",60.0,2022-02-10,0.2,Food,0,"Series D",120,"United States",2/10/2023
DailyPay,"New York City",,2022-08-09,0.15,Finance,0,Unknown,814,"United States",8/10/2022
Daloopa,"New Delhi, Non-U.S.",40.0,2022-05-27,,Data,0,"Series A",23,India,6/2/2022
Dance,"Berlin, Non-U.S.",,2022-11-16,0.16,Transportation,0,Unknown,63,Germany,11/17/2022
Dandy,"New York City",160.0,2026-06-03,,Healthcare,0,"Series D",172,"United States",6/9/2026
"Daniel Wellington","Stockholm, Non-U.S.",200.0,2022-06-09,0.15,Retail,0,Unknown,0,Sweden,7/25/2022
"Dapper Labs",Vancouver,51.0,2023-07-12,,Crypto,0,Unknown,0,Canada,7/13/2023
"Dapper Labs","Vancouver, Non-U.S.",,2023-02-23,0.2,Crypto,0,"Series D",607,Canada,2/23/2023
"Dapper Labs","Vancouver, Non-U.S.",134.0,2022-11-02,0.22,Crypto,0,"Series D",607,Canada,11/3/2022
Daraz,"Singapore, Non-U.S.",,2024-02-26,,Retail,0,Unknown,0,Singapore,2/29/2024
Daraz,"Singapore, Non-U.S.",,2023-02-06,0.11,Retail,0,Unknown,0,Singapore,2/6/2023
Dare,"London, Non-U.S.",,2023-10-03,,Energy,0,Unknown,0,"United Kingdom",10/8/2023
Dark,"SF Bay Area",6.0,2020-06-23,1.0,Product,0,Seed,3,"United States",6/29/2020
Darrow,"Tel Aviv, Non-U.S.",60.0,2026-07-07,0.33,Legal,0,"Series B",63,Israel,7/8/2026
Dash,"New York City",,2023-10-06,1.0,Finance,0,Unknown,86,"United States",10/8/2023
Dastgyr,"Karachi, Non-U.S.",,2024-01-12,0.8,Retail,0,"Series A",41,Pakistan,1/18/2024
Datagen,"Tel Aviv, Non-U.S.",,2023-08-22,,AI,0,"Series B",72,Israel,8/23/2023
Dataminr,"New York City",150.0,2023-11-28,0.2,AI,0,"Series F",1100,"United States",11/28/2023
DataRails,"Tel Aviv, Non-U.S.",30.0,2022-12-05,0.18,Finance,0,"Series B",103,Israel,12/6/2022
DataRobot,Boston,,2022-08-08,,Data,0,"Series G",1000,"United States",8/11/2022
DataRobot,Boston,,2022-08-23,0.26,Data,0,"Series G",1000,"United States",8/23/2022
DataRobot,Boston,200.0,2020-03-27,,Data,0,"Series E",430,"United States",3/28/2020
DataRobot,Boston,70.0,2022-05-11,0.07,Data,0,"Series G",1000,"United States",5/11/2022
DataStax,"SF Bay Area",15.0,2020-04-14,,Data,0,"Series E",190,"United States",4/15/2020
Datera,"SF Bay Area",,2020-05-18,0.1,Infrastructure,0,"Series C",63,"United States",5/18/2020
Datree,"SF Bay Area",,2023-07-27,1.0,Other,0,Seed,11,"United States",7/30/2023
Datto,Norwalk,,2020-05-12,,Infrastructure,0,Acquired,100,"United States",5/13/2020
Dayforce,"Toronto, Non-U.S.",,2026-02-11,0.05,HR,0,Post-IPO,40,Canada,2/18/2026
Dayforce,"Toronto, Non-U.S.",,2025-02-26,0.05,HR,0,Post-IPO,40,Canada,2/28/2025
Daylight,"Los Angeles",,2023-05-22,1.0,Finance,0,"Series A",20,"United States",10/26/2023
DayTwo,"SF Bay Area",,2023-07-06,,Healthcare,0,"Series B",90,"United States",7/7/2023
DayTwo,"SF Bay Area",,2022-09-15,,Healthcare,0,"Series B",90,"United States",9/16/2022
DayTwo,"SF Bay Area",,2024-08-13,1.0,Healthcare,0,"Series B",90,"United States",8/14/2024
Dazn,"London, Non-U.S.",50.0,2022-05-26,0.02,Consumer,0,Unknown,0,"United Kingdom",6/11/2022
"dbt Labs",Philadelphia,,2023-05-18,0.15,Data,0,"Series D",414,"United States",5/18/2023
Deadspin,"New York City",11.0,2024-03-11,1.0,Media,0,Acquired,0,"United States",3/11/2024
DealShare,"Bengaluru, Non-U.S.",100.0,2023-01-27,0.06,Retail,0,"Series E",390,India,1/27/2023
DealShare,"Bengaluru, Non-U.S.",130.0,2023-09-21,,Retail,0,"Series E",390,India,9/24/2023
Dealtale,"Tel Aviv, Non-U.S.",70.0,2023-08-09,1.0,Sales,0,Acquired,2,Israel,8/11/2023
Decent,"SF Bay Area",,2023-01-27,,Healthcare,0,"Series A",18,"United States",1/28/2023
"Deep Instict","New York City",46.0,2023-07-25,0.15,Security,0,Unknown,322,"United States",7/26/2023
"Deep Instinct","New York City",,2022-06-06,0.1,Security,0,"Series D",259,"United States",6/9/2022
"Deep Instinct","Tel Aviv, Non-U.S.",20.0,2025-05-04,0.1,Security,0,Unknown,322,Israel,5/5/2025
Deepgram,"SF Bay Area",20.0,2023-10-11,0.2,AI,0,"Series B",86,"United States",10/12/2023
DeepL,"Cologne, Non-U.S.",250.0,2026-05-07,0.21,AI,0,Unknown,400,Germany,5/7/2026
DeepVerge,"Dublin, Non-U.S.",50.0,2023-07-12,1.0,Healthcare,0,Post-IPO,20,Ireland,7/13/2023
Deepwatch,"Tampa Bay",30.0,2023-07-13,0.07,Security,0,"Series C",256,"United States",7/14/2023
Deepwatch,"Tampa Bay",80.0,2025-11-12,0.32,Security,0,"Series C",256,"United States",11/14/2025
Defined.ai,Seattle,,2022-02-07,,Data,0,"Series B",78,"United States",7/7/2022
"Definitive Healthcare",Boston,55.0,2023-01-12,0.06,Healthcare,0,Post-IPO,0,"United States",1/13/2023
Degreed,"SF Bay Area",,2023-07-27,,Education,0,Unknown,463,"United States",7/27/2023
Degreed,"SF Bay Area",,2022-06-29,0.15,Education,0,"Series D",411,"United States",6/29/2022
DeHaat,"Gurugram, Non-U.S.",,2022-08-01,,Food,0,"Series D",194,India,8/2/2022
DeHaat,"Patna, Non-U.S.",,2023-01-15,0.05,Food,0,"Series E",254,India,1/16/2023
Deliv,"SF Bay Area",669.0,2020-05-13,1.0,Retail,0,"Series C",80,"United States",5/7/2020
Deliveroo,"London, Non-U.S.",187.0,2026-02-25,,Food,0,Post-IPO,1700,"United Kingdom",3/17/2026
Deliveroo,"London, Non-U.S.",350.0,2023-02-09,0.09,Food,0,Post-IPO,1700,"United Kingdom",2/9/2023
Deliveroo,"London, Non-U.S.",367.0,2020-04-28,0.15,Food,0,"Series G",1500,"United Kingdom",4/28/2020
"Deliveroo Australia","Melbourne, Victoria",120.0,2022-11-15,1.0,Food,0,Post-IPO,1700,Australia,11/17/2022
"Delivery Hero","Berlin, Non-U.S.",,2023-12-18,,Food,0,Post-IPO,9900,Germany,12/18/2023
"Delivery Hero","Berlin, Non-U.S.",100.0,2022-11-03,,Food,0,Post-IPO,8300,Germany,11/5/2022
"Delivery Hero","Berlin, Non-U.S.",156.0,2023-01-30,0.04,Food,0,Post-IPO,9900,Germany,1/31/2023
"Delivery Hero","Berlin, Non-U.S.",200.0,2024-07-31,,Food,0,Post-IPO,9900,Germany,8/6/2024
"Delivery Hero","Berlin, Non-U.S.",300.0,2021-12-22,,Food,0,Post-IPO,8300,Germany,12/30/2021
Dell,Austin,,2024-08-05,,Hardware,0,Post-IPO,0,"United States",8/5/2024
Dell,Austin,,2023-08-07,,Hardware,0,Post-IPO,0,"United States",8/8/2023
Dell,Austin,11000.0,2026-03-16,0.1,Hardware,0,Post-IPO,0,"United States",4/22/2026
Dell,Austin,6000.0,2024-03-25,0.05,Hardware,0,Post-IPO,0,"United States",3/27/2024
Dell,Austin,6650.0,2023-02-06,0.05,Hardware,0,Post-IPO,0,"United States",2/6/2023
Demandbase,"SF Bay Area",27.0,2022-09-07,0.03,Sales,0,"Series H",143,"United States",9/9/2022
Deputy,"Sydney, Non-U.S.",60.0,2020-05-04,0.3,HR,0,"Series B",106,Australia,5/18/2020
"Descartes Labs","Santa Fe",12.0,2020-06-02,0.16,Data,0,"Series B",58,"United States",6/3/2020
"Desktop Metal",Boston,,2023-02-02,,Other,0,Post-IPO,811,"United States",2/3/2023
"Desktop Metal",Boston,,2020-04-28,,Other,0,"Series E",436,"United States",4/29/2020
"Desktop Metal",Boston,,2022-06-13,0.12,Other,0,Post-IPO,811,"United States",6/13/2022
"Desktop Metal",Boston,,2024-01-24,0.2,Other,0,Post-IPO,811,"United States",1/25/2024
Detectify,"Stockholm, Non-U.S.",,2022-12-07,,Security,0,Unknown,42,Sweden,10/23/2023
Detectify,"Stockholm, Non-U.S.",30.0,2023-08-18,,Security,0,Unknown,42,Sweden,10/23/2023
Devo,Boston,,2022-11-21,0.15,Security,0,"Series F",481,"United States",12/13/2022
"Dextrous Robotics",Memphis,,2024-01-11,1.0,Logistics,0,Unknown,0,"United States",1/12/2024
"DHI Group","New York City",53.0,2023-05-26,0.1,Recruiting,0,Post-IPO,0,"United States",6/6/2023
DialSource,Sacramento,5.0,2020-03-31,0.14,Marketing,0,"Series B",26,"United States",4/7/2020
DICE,"London, Non-U.S.",,2023-08-02,,Consumer,0,"Series C",135,"United Kingdom",8/4/2023
Digg,"New York City",,2026-03-13,,Consumer,0,Acquired,49,"United States",3/13/2026
Digimarc,Portland,,2023-02-17,,Other,0,Post-IPO,105,"United States",2/24/2023
Digimarc,Portland,90.0,2025-02-27,0.4,Other,0,Post-IPO,105,"United States",3/5/2025
"Digital Currency Gruop",Stamford,10.0,2022-11-02,0.13,Crypto,0,Unknown,0,"United States",11/3/2022
"Digital River",Minneapolis,122.0,2025-01-28,,Retail,0,"Private Equity",50,"United States",2/2/2025
"Digital Surge","Brisbane, Non-U.S.",,2022-12-09,1.0,Crypto,0,Unknown,0,Australia,12/11/2022
DigitalOcean,"New York City",200.0,2023-02-15,0.11,Infrastructure,0,Post-IPO,491,"United States",2/15/2023
DISCO,Austin,75.0,2020-03-27,,Legal,0,"Series E",133,"United States",3/28/2020
Discord,"SF Bay Area",170.0,2024-01-11,0.17,Consumer,0,"Series H",995,"United States",1/11/2024
Discord,"SF Bay Area",37.0,2023-08-03,0.04,Consumer,0,"Series H",995,"United States",8/4/2023
Discourse,Dover,,2025-12-04,,Consumer,0,"Series A",20,"United States",7/9/2026
Dispatch,Boston,,2020-04-17,0.38,Other,0,"Series A",18,"United States",4/19/2020
DispatchHealth,Denver,88.0,2024-01-29,,Healthcare,0,"Series E",733,"United States",1/30/2024
"Divergent 3D","Los Angeles",57.0,2020-04-24,0.36,Transportation,0,"Series B",88,"United States",4/24/2020
Divvy,"Salt Lake City",,2020-05-19,,Finance,0,"Series C",252,"United States",5/19/2020
"Divvy Homes","SF Bay Area",,2023-02-15,,"Real Estate",0,"Series B",180,"United States",2/16/2023
"Divvy Homes","SF Bay Area",,2020-03-25,0.08,"Real Estate",0,"Series B",180,"United States",3/30/2020
"Divvy Homes","SF Bay Area",40.0,2022-09-27,0.12,"Real Estate",0,"Series B",180,"United States",9/28/2022
"Divvy Homes","SF Bay Area",94.0,2023-09-11,,"Real Estate",0,"Series B",180,"United States",9/9/2023
divvyDOSE,Davenport,62.0,2022-05-06,,Healthcare,0,Acquired,0,"United States",5/14/2022
DJI,"SF Bay Area",,2021-02-24,,Consumer,0,Unknown,105,"United States",2/25/2021
DJI,"Shenzen, Non-U.S.",,2020-08-17,,Consumer,0,Unknown,105,China,8/18/2020
Dock,"Sao Paulo, Non-U.S.",190.0,2022-11-07,0.12,Finance,0,"Private Equity",280,Brazil,11/8/2022
Docker,"SF Bay Area",,2024-10-29,0.1,Infrastructure,0,"Series C",436,"United States",10/30/2024
Docly,"London, Non-U.S.",8.0,2020-08-19,0.8,Healthcare,0,Seed,16,"United Kingdom",8/20/2020
DocuSign,"SF Bay Area",440.0,2024-02-06,0.06,Sales,0,Post-IPO,536,"United States",2/6/2024
DocuSign,"SF Bay Area",671.0,2022-09-28,0.09,Sales,0,Post-IPO,536,"United States",9/28/2022
DocuSign,"SF Bay Area",680.0,2023-02-16,0.1,Sales,0,Post-IPO,536,"United States",2/16/2023
Doma,"SF Bay Area",250.0,2022-08-04,0.13,Finance,0,Post-IPO,679,"United States",8/5/2022
Doma,"SF Bay Area",310.0,2022-05-10,0.15,Finance,0,Post-IPO,679,"United States",5/12/2022
Doma,"SF Bay Area",515.0,2022-12-06,0.4,Finance,0,Post-IPO,679,"United States",12/7/2022
Domestika,"Madrid, Non-U.S.",89.0,2023-03-31,0.45,Education,0,"Series D",130,Spain,4/1/2023
Domestika,"SF Bay Area",150.0,2022-04-28,0.19,Education,0,"Series D",130,"United States",7/25/2022
"Domino Data Lab","SF Bay Area",,2022-11-07,0.25,Data,0,"Series F",223,"United States",11/8/2022
Domio,"New York City",,2020-11-18,0.5,"Real Estate",0,"Series B",116,"United States",11/19/2020
Domio,"New York City",,2020-03-31,0.3,Travel,0,"Series B",116,"United States",4/7/2020
Domo,"Salt Lake City",,2023-11-30,0.07,Data,0,Post-IPO,689,"United States",12/2/2023
Domo,"Salt Lake City",90.0,2020-04-09,0.1,Data,0,Post-IPO,689,"United States",4/11/2020
Dooly,"Vancouver, Non-U.S.",12.0,2022-08-09,,Sales,0,"Series B",102,Canada,8/10/2022
DoorDash,"SF Bay Area",1250.0,2022-11-30,0.06,Food,0,Post-IPO,2500,"United States",11/30/2022
dot.LA,"Los Angeles",,2023-06-12,1.0,Media,0,Seed,4,"United States",6/14/2023
Dotscience,"London, Non-U.S.",10.0,2020-05-19,1.0,Product,0,Unknown,0,"United Kingdom",5/20/2020
DoubleCloud,"Dubai, Non-U.S.",,2024-09-30,1.0,Infrastructure,0,Unknown,0,UAE,10/2/2024
Doubtnut,"Gurugram, Non-U.S.",,2022-10-31,0.3,Education,0,"Series B",49,India,4/14/2023
Dover,"SF Bay Area",23.0,2022-07-26,0.3,Recruiting,0,"Series A",22,"United States",7/26/2022
Doximity,"SF Bay Area",100.0,2023-08-08,0.1,Healthcare,0,Post-IPO,82,"United States",8/9/2023
Dozee,"Bengaluru, Non-U.S.",40.0,2024-09-02,,Healthcare,0,"Series A",26,India,9/4/2024
DraftKings,Boston,,2026-02-24,,Consumer,0,Post-IPO,719,"United States",2/25/2026
DraftKings,Boston,140.0,2023-02-01,0.04,Consumer,0,Post-IPO,719,"United States",2/1/2023
Dragos,Baltimore,50.0,2023-06-06,0.09,Security,0,"Series D",364,"United States",6/6/2023
Drata,"San Diego",40.0,2024-09-26,0.09,Security,0,"Series C",328,"United States",9/26/2024
"DreamBox Learning",Seattle,,2022-09-09,,Education,0,Acquired,175,"United States",9/9/2022
Drift,Boston,100.0,2023-09-07,0.25,Marketing,0,Acquired,107,"United States",9/9/2023
Drift,Boston,59.0,2023-02-06,,Marketing,0,Acquired,107,"United States",2/7/2023
Drip,"Salt Lake City",20.0,2020-03-23,,Marketing,0,Acquired,0,"United States",4/1/2020
"Drip Capital","SF Bay Area",75.0,2023-04-14,0.2,Finance,0,"Series C",85,"United States",4/15/2023
DriveWealth,"Jersey City",,2023-01-26,0.2,Finance,0,"Series D",550,"United States",2/1/2023
Drizly,Boston,100.0,2023-03-29,,Retail,0,Acquired,119,"United States",3/31/2023
Drizly,Boston,168.0,2024-02-05,1.0,Retail,0,Acquired,119,"United States",2/6/2024
DroneUp,Norfolk,,2023-05-16,,Logistics,0,Unknown,7,"United States",5/16/2023
Drop,"Toronto, Non-U.S.",24.0,2022-11-01,,Marketing,0,"Series B",56,Canada,11/3/2022
Dropbox,"SF Bay Area",315.0,2021-01-13,0.15,Other,0,Post-IPO,1700,"United States",1/13/2021
Dropbox,"SF Bay Area",500.0,2023-04-27,0.16,Other,0,Post-IPO,1700,"United States",4/27/2023
Dropbox,"SF Bay Area",527.0,2024-10-30,0.2,Other,0,Post-IPO,1700,"United States",10/30/2024
Dropp,"Berlin, Non-U.S.",60.0,2023-02-14,1.0,Retail,0,Unknown,2,Germany,4/9/2023
DSCO,"Salt Lake City",12.0,2020-04-03,,Retail,0,"Series A",4,"United States",4/7/2020
"Duck Creek Technologies",Boston,,2023-07-12,0.09,Finance,0,Acquired,357,"United States",8/11/2023
"Dude Solutions",Raleigh,,2020-04-15,0.2,Other,0,Acquired,100,"United States",4/16/2020
Dukaan,"Bengaluru, Non-U.S.",,2023-07-11,,Retail,0,"Series A",17,India,7/11/2023
Dukaan,"Bengaluru, Non-U.S.",23.0,2022-10-31,,Retail,0,"Series A",17,India,10/31/2022
Dukaan,"Bengaluru, Non-U.S.",56.0,2023-03-15,0.3,Retail,0,"Series A",17,India,3/16/2023
Dune,"Oslo, Non-U.S.",,2026-05-14,0.25,Crypto,0,"Series B",79,Norway,5/15/2026
Dunzo,"Bengaluru, Non-U.S.",,2023-07-20,,Food,0,Unknown,382,India,7/20/2023
Dunzo,"Bengaluru, Non-U.S.",,2023-01-16,0.03,Food,0,Unknown,382,India,1/16/2023
Dunzo,"Bengaluru, Non-U.S.",150.0,2023-09-26,0.3,Food,0,Unknown,458,India,9/27/2023
Dunzo,"Bengaluru, Non-U.S.",150.0,2024-08-31,0.75,Food,0,Unknown,458,India,9/1/2024
Dunzo,"Bengaluru, Non-U.S.",300.0,2023-04-05,0.3,Food,0,Unknown,382,India,4/6/2023
Dutchie,Bend,50.0,2022-06-06,0.07,Other,0,"Series D",603,"United States",6/7/2022
"DUX Education","Bengaluru, Non-U.S.",,2023-02-28,1.0,Education,0,Unknown,0,India,3/3/2023
DwellWell,"Los Angeles",,2023-12-04,1.0,"Real Estate",0,Seed,6,"United States",12/5/2023
dYdX,"SF Bay Area",,2024-10-29,0.35,Crypto,0,"Series C",87,"United States",10/30/2024
"Dynamic Signal","SF Bay Area",35.0,2020-04-02,0.19,HR,0,"Series E",114,"United States",4/10/2020
"E Inc.","Toronto, Non-U.S.",,2022-12-16,,Transportation,0,Post-IPO,0,Canada,12/19/2022
Earnin,"SF Bay Area",50.0,2020-04-01,0.2,Finance,0,"Series C",190,"United States",4/3/2020
Earnix,"Tel Aviv, Non-U.S.",30.0,2023-05-04,0.1,Finance,0,Unknown,100,Israel,5/4/2023
"Earth Rides",Nashville,,2023-01-19,1.0,Transportation,0,Unknown,2,"United States",1/29/2023
Easee,"Sandnes, Non-U.S.",200.0,2023-08-14,0.57,Energy,0,Unknown,0,Norway,8/19/2023
EasyKnock,"New York City",,2024-12-09,1.0,"Real Estate",0,"Series D",440,"United States",12/11/2024
EasyPost,"Salt Lake City",75.0,2020-03-11,,Logistics,0,"Series A",12,"United States",3/31/2020
EasyPost,"SF Bay Area",50.0,2020-04-13,0.25,Logistics,0,"Series A",12,"United States",4/14/2020
"Eat Just","SF Bay Area",40.0,2023-02-24,,Food,0,Unknown,465,"United States",2/27/2023
"Eat Just","SF Bay Area",40.0,2023-09-22,,Food,0,Unknown,465,"United States",10/2/2023
Eatsy,"Singapore, Non-U.S.",20.0,2020-08-08,1.0,Food,0,Seed,1,Singapore,8/10/2020
Eaze,"SF Bay Area",25.0,2022-06-01,,Consumer,0,"Series D",202,"United States",6/2/2022
Eaze,"SF Bay Area",500.0,2024-10-07,1.0,Consumer,0,"Series D",202,"United States",10/7/2024
Ebanx,"Curitiba, Non-U.S.",340.0,2022-06-21,0.2,Finance,0,"Series B",460,Brazil,6/22/2022
Ebanx,"Curitiba, Non-U.S.",62.0,2020-05-27,0.08,Finance,0,Unknown,30,Brazil,6/1/2020
eBay,"SF Bay Area",1000.0,2024-01-23,0.09,Retail,0,Post-IPO,1200,"United States",1/24/2024
eBay,"SF Bay Area",500.0,2023-02-07,0.04,Retail,0,Post-IPO,1200,"United States",2/7/2023
eBay,"SF Bay Area",800.0,2026-02-26,0.06,Retail,0,Post-IPO,1200,Israel,2/26/2026
eBay,"Tel Aviv, Non-U.S.",,2024-06-26,,Retail,0,Post-IPO,1200,Israel,6/29/2024
eBay,"Tel Aviv, Non-U.S.",20.0,2023-12-17,,Retail,0,Post-IPO,1200,Israel,12/18/2023
eBay,"Tel Aviv, Non-U.S.",20.0,2025-02-26,,Retail,0,Post-IPO,1200,Israel,2/28/2025
eBay,"Tel Aviv, Non-U.S.",200.0,2025-05-28,,Retail,0,Post-IPO,1200,Israel,6/1/2025
Ecobee,"Toronto, Non-U.S.",47.0,2020-03-26,0.1,Energy,0,"Series C",149,Canada,3/28/2020
"Eden / Managed By Q","New York City",40.0,2020-04-08,0.4,"Real Estate",0,"Series B",40,"United States",4/8/2020
Edgio,Phoenix,134.0,2023-06-06,0.12,Infrastructure,0,Post-IPO,462,"United States",6/9/2023
Edgio,Phoenix,80.0,2024-03-04,0.1,Infrastructure,0,Post-IPO,462,"United States",3/7/2024
Edgio,Phoenix,95.0,2022-12-13,0.1,Infrastructure,0,Post-IPO,462,"United States",12/15/2022
Edifecs,Seattle,30.0,2023-01-20,,Healthcare,0,Unknown,1,"United States",1/21/2023
"Editas Medicine",Boston,,2023-01-09,0.2,Healthcare,0,Post-IPO,656,"United States",1/20/2023
Edmodo,"SF Bay Area",,2022-08-16,1.0,Education,0,Acquired,77,"United States",8/16/2022
eGym,"Munich, Non-U.S.",100.0,2020-04-02,0.25,Fitness,0,"Series D",109,Germany,4/20/2020
"Eigen Labs",Seattle,29.0,2025-07-08,0.25,Crypto,0,Unknown,234,"United States",7/11/2025
"Eight Sleep","New York City",,2020-03-23,0.2,Retail,0,"Series C",70,"United States",3/28/2020
"Eightfold AI","SF Bay Area",90.0,2023-02-03,0.15,HR,0,"Series E",396,"United States",3/24/2023
Ejento,"SF Bay Area",84.0,2020-03-19,1.0,Recruiting,0,Unknown,0,"United States",3/28/2020
Elastic,"SF Bay Area",,2026-06-24,0.07,Data,0,Post-IPO,162,"United States",6/24/2026
Elastic,"SF Bay Area",,2022-11-30,0.13,Data,0,Post-IPO,162,"United States",12/1/2022
Electric,"New York City",141.0,2023-02-13,0.25,Other,0,"Series D",212,"United States",2/14/2023
Electric,"New York City",81.0,2022-08-30,,Other,0,"Series D",212,"United States",9/30/2022
"Electriq Global","Tel Aviv, Non-U.S.",,2025-02-21,1.0,Energy,0,Unknown,8,Israel,2/26/2025
"Electronic Arts","Baton Rouge",200.0,2023-02-28,,Consumer,0,Post-IPO,2,"United States",3/2/2023
"Electronic Arts","SF Bay Area",300.0,2025-04-29,,Consumer,0,Post-IPO,2,"United States",5/3/2025
"Electronic Arts","SF Bay Area",670.0,2024-02-28,0.05,Consumer,0,Post-IPO,2,"United States",2/29/2024
"Electronic Arts","SF Bay Area",780.0,2023-03-29,0.06,Consumer,0,Post-IPO,2,"United States",3/29/2023
Element,"London, Non-U.S.",,2022-12-25,0.15,Other,0,"Series B",96,"United Kingdom",3/1/2023
"Element AI","Montreal, Non-U.S.",62.0,2020-05-04,0.15,Other,0,"Series B",257,Canada,5/6/2020
"Element Analytics","SF Bay Area",10.0,2020-03-25,,Data,0,"Series A",22,"United States",4/18/2020
Elementor,"Tel Aviv, Non-U.S.",100.0,2026-06-29,0.3,Media,0,"Series B",65,Israel,6/30/2026
Elementor,"Tel Aviv, Non-U.S.",60.0,2022-06-15,0.15,Media,0,Unknown,65,Israel,6/15/2022
Elemy,"SF Bay Area",,2022-12-05,,Healthcare,0,"Series B",323,"United States",12/6/2022
Elemy,"SF Bay Area",,2022-07-18,,Healthcare,0,"Series B",323,"United States",7/20/2022
Elinvar,"Berlin, Non-U.S.",43.0,2022-10-21,0.33,Finance,0,Unknown,30,Germany,10/24/2022
Elliptic,"London, Non-U.S.",,2020-04-09,0.3,Crypto,0,"Series B",40,"United Kingdom",4/30/2020
"Embark Trucks","SF Bay Area",230.0,2023-03-03,0.7,Transportation,0,Post-IPO,317,"United States",3/3/2023
"Embark Vet",Boston,28.0,2023-04-28,,Healthcare,0,"Series B",94,"United States",5/10/2023
"Embark Vet",Boston,41.0,2023-01-11,,Healthcare,0,"Series B",94,"United States",1/12/2023
Embrace,"SF Bay Area",,2023-08-18,,Product,0,Unknown,77,"United States",9/1/2023
Embroker,"SF Bay Area",30.0,2022-10-25,0.12,Finance,0,"Series C",142,"United States",10/26/2022
Emitwise,"London, Non-U.S.",,2022-10-11,,Energy,0,"Series A",16,"United Kingdom",10/13/2022
"Emma Sleep","Frankfurt, Non-U.S.",200.0,2024-06-19,0.18,Retail,0,Acquired,0,Germany,6/23/2024
Emotive,"Los Angeles",30.0,2022-07-07,0.18,Marketing,0,"Series B",78,"United States",7/8/2022
"EMX Digital","New York City",100.0,2023-02-13,1.0,Marketing,0,Unknown,0,"United States",2/24/2023
Endowus,"Singapore, Non-U.S.",,2023-03-30,,Finance,0,Unknown,44,Singapore,8/7/2023
"Engine eCommerce",Fayetteville,,2020-06-28,1.0,Retail,0,Unknown,4,"United States",7/9/2020
Enjoei,"Sao Paulo, Non-U.S.",31.0,2023-01-20,0.1,Retail,0,Unknown,14,Brazil,1/23/2023
Enjoy,"SF Bay Area",400.0,2022-06-30,0.18,Retail,0,Post-IPO,310,"United States",6/30/2022
Enovix,"SF Bay Area",170.0,2024-05-06,0.33,Energy,0,Post-IPO,516,"United States",5/7/2024
Enovix,"SF Bay Area",185.0,2023-10-05,,Energy,0,Post-IPO,516,"United States",10/6/2023
Enpal,"Berlin, Non-U.S.",100.0,2026-03-27,,Energy,0,"Series E",3500,Germany,3/31/2026
"Enphase Energy","SF Bay Area",350.0,2023-12-18,0.1,Energy,0,Post-IPO,116,"United States",12/19/2023
"Enphase Energy","SF Bay Area",500.0,2024-11-11,0.17,Energy,0,Post-IPO,116,"United States",11/12/2024
Entropy,"New York City",,2026-01-25,1.0,Crypto,0,Seed,27,"United States",1/26/2026
Envato,"Melbourne, Non-U.S.",100.0,2022-06-02,,Marketing,0,Unknown,0,Australia,6/2/2022
Envato,"Melbourne, Non-U.S.",200.0,2026-03-04,0.3,Marketing,0,Unknown,0,Australia,3/7/2026
Envoy,"SF Bay Area",58.0,2020-04-14,0.3,HR,0,"Series B",59,"United States",4/15/2020
"Epic Games",Raleigh,1000.0,2026-03-24,,Consumer,0,Unknown,6400,"United States",3/24/2026
"Epic Games",Raleigh,870.0,2023-09-28,0.16,Consumer,0,Unknown,6400,"United States",9/28/2023
Epicery,"Paris, Non-U.S.",,2024-12-31,1.0,Food,0,Acquired,7,France,1/4/2025
"Epidemic Sound","Stockholm, Non-U.S.",150.0,2026-04-21,0.33,Media,0,"Private Equity",509,Sweden,5/7/2026
EQRx,Boston,,2023-02-24,0.18,Healthcare,0,Post-IPO,1900,"United States",5/5/2023
"Equip Health","San Diego",,2026-06-29,0.04,Healthcare,0,Unknown,164,"United States",6/30/2026
Equitybee,"SF Bay Area",24.0,2023-02-08,0.25,Finance,0,"Series B",85,"United States",2/9/2023
Equitybee,"SF Bay Area",25.0,2022-10-31,0.2,Finance,0,"Series B",85,"United States",10/31/2022
EquityZen,"New York City",30.0,2022-10-31,0.27,Finance,0,"Series B",11,"United States",11/1/2022
Ericsson,"Stockholm, Non-U.S.",1600.0,2026-01-15,,Other,0,Post-IPO,663,Sweden,1/16/2026
Ericsson,"Stockholm, Non-U.S.",8500.0,2023-02-24,0.08,Other,0,Post-IPO,663,Sweden,2/24/2023
Ermetic,"SF Bay Area",30.0,2023-01-23,0.17,Security,0,"Series B",97,"United States",1/25/2023
Eroad,"Auckland, Non-U.S.",200.0,2023-07-28,0.31,Transportation,0,Unknown,46,"New Zealand",8/1/2023
Eruditus,"Mumbai, Non-U.S.",40.0,2022-06-04,,Education,0,"Series E",1200,India,6/6/2022
"Esh Group","Tel Aviv, Non-U.S.",,2026-04-12,,Finance,0,Acquired,0,Israel,5/5/2026
"Esme Learning",Boston,,2022-06-02,,Education,0,Unknown,37,"United States",6/2/2022
Esper,Seattle,,2022-06-23,0.12,Other,0,"Series A",10,"United States",6/23/2022
Esper,Seattle,,2023-01-10,0.21,Other,0,"Series A",10,"United States",1/12/2023
Etermax,"Buenos Aires, Non-U.S.",40.0,2022-11-30,,Other,0,Unknown,0,Argentina,12/1/2022
"Ethereum Foundation","Zug, Non-U.S.",54.0,2026-06-23,0.2,Crypto,0,Unknown,18,Switzerland,6/23/2026
"Ethos Life","SF Bay Area",18.0,2020-06-05,0.14,Finance,0,"Series C",106,"United States",6/6/2020
"Ethos Life","SF Bay Area",40.0,2022-06-24,0.12,Finance,0,"Series D",406,"United States",6/26/2022
"Ethos Life","SF Bay Area",50.0,2023-02-21,,Finance,0,"Series D",406,"United States",2/24/2023
eToro,"Tel Aviv, Non-U.S.",100.0,2022-07-05,0.06,Finance,0,Unknown,322,Israel,7/5/2022
eToro,"Tel Aviv, Non-U.S.",105.0,2026-01-13,0.07,Finance,0,Unknown,322,Israel,1/14/2026
Etsy,"New York City",225.0,2023-12-13,0.11,Retail,0,Post-IPO,97,"United States",12/13/2023
Eucalyptus,"Sydney, Non-U.S.",50.0,2022-07-22,0.2,Healthcare,0,"Series C",69,Australia,7/28/2022
"Euler Motors","New Delhi, Non-U.S.",,2023-04-11,0.1,Transportation,0,"Series C",92,India,4/11/2023
Eurora,"Tallinn, Non-U.S.",111.0,2023-09-11,,Other,0,"Series A",42,Estonia,9/11/2023
EVBox,"Amsterdam, Non-U.S.",,2024-01-09,,Energy,0,Post-IPO,0,Netherlands,1/23/2024
Eventbrite,"SF Bay Area",,2026-04-13,,Consumer,0,Acquired,290,"United States",4/17/2026
Eventbrite,"SF Bay Area",100.0,2024-08-07,0.11,Consumer,0,Post-IPO,557,"United States",8/8/2024
Eventbrite,"SF Bay Area",500.0,2020-04-08,0.45,Consumer,0,Post-IPO,332,"United States",4/8/2020
Eventbrite,"SF Bay Area",80.0,2023-02-28,0.08,Consumer,0,Post-IPO,557,"United States",3/1/2023
Eventus,Austin,,2023-05-05,0.33,Finance,0,"Series B",45,"United States",5/8/2023
EverBridge,Boston,200.0,2022-11-08,,Other,0,Post-IPO,476,"United States",1/19/2023
EverC,"Tel Aviv, Non-U.S.",16.0,2024-07-17,0.1,Security,0,Unknown,61,Israel,7/18/2024
Everlane,"SF Bay Area",227.0,2020-03-27,,Retail,0,Unknown,18,"United States",3/29/2020
Everlane,"SF Bay Area",30.0,2023-01-05,0.17,Retail,0,Unknown,176,"United States",1/6/2023
Everlaw,"SF Bay Area",,2023-05-12,0.1,Legal,0,"Series D",298,"United States",5/13/2023
Everledger,"Brisbane, Non-U.S.",,2023-05-08,1.0,Crypto,0,Unknown,27,Australia,5/15/2023
Evernote,"SF Bay Area",,2023-07-07,,Consumer,0,Acquired,290,"United States",7/8/2023
Evernote,"SF Bay Area",129.0,2023-02-17,,Consumer,0,Acquired,290,"United States",2/27/2023
Everquote,Evansville,100.0,2023-07-11,,Finance,0,Post-IPO,53,"United States",7/13/2023
Everybuddy,"Tel Aviv, Non-U.S.",,2024-02-13,1.0,Consumer,0,"Series A",15,Israel,2/15/2024
EVgo,"Los Angeles",40.0,2023-02-23,,Transportation,0,Post-IPO,400,"United States",2/24/2023
"Eviation Aircraft","Tel Aviv, Non-U.S.",,2025-02-14,,Aerospace,0,Acquired,140,Israel,2/18/2025
Evolve,Denver,164.0,2023-05-29,0.14,Travel,0,"Series F",224,"United States",9/14/2023
Evolve,Denver,175.0,2023-09-12,0.2,Travel,0,"Series F",224,"United States",9/14/2023
Exabeam,"SF Bay Area",,2023-10-25,0.2,Security,0,"Series F",391,"United States",10/26/2023
Examedi,"Santiago, Non-U.S.",45.0,2023-04-11,0.25,Healthcare,0,Unknown,19,Chile,4/17/2023
Exodus,"Nebraska City",59.0,2022-11-04,0.22,Crypto,0,Unknown,60,"United States",11/12/2022
Exosonic,"Los Angeles",,2024-11-08,1.0,Aerospace,0,Seed,4,"United States",11/9/2024
Exotel,"Bengaluru, Non-U.S.",142.0,2023-01-17,0.15,Support,0,"Series D",87,India,1/18/2023
Expedia,Austin,,2024-04-24,,Travel,0,Post-IPO,3300,"United States",4/25/2024
Expedia,Seattle,,2026-01-26,,Travel,0,Post-IPO,3300,"United States",1/28/2026
Expedia,Seattle,,2025-02-26,,Travel,0,Post-IPO,3300,"United States",2/28/2025
Expedia,Seattle,,2023-03-21,,Travel,0,Post-IPO,3300,"United States",3/22/2023
Expedia,Seattle,,2023-07-12,,Travel,0,Post-IPO,3300,"United States",7/17/2023
Expedia,Seattle,,2023-08-31,,Travel,0,Post-IPO,3300,"United States",9/4/2023
Expedia,Seattle,,2025-04-28,0.03,Travel,0,Post-IPO,3300,"United States",5/3/2025
Expedia,Seattle,100.0,2023-10-17,,Travel,0,Post-IPO,3300,"United States",10/17/2023
Expedia,Seattle,100.0,2026-02-01,,Travel,0,Post-IPO,3300,"United States",2/7/2026
Expedia,Seattle,1500.0,2024-02-26,0.08,Travel,0,Post-IPO,3300,"United States",2/27/2024
Expel,"Washington D.C.",60.0,2023-06-09,0.1,Security,0,"Series E",288,"United States",6/9/2023
Expert360,"Sydney, Non-U.S.",7.0,2022-08-11,,Recruiting,0,"Series C",26,Australia,8/15/2022
Exterro,Portland,24.0,2023-02-01,0.03,Legal,0,"Private Equity",100,"United States",2/2/2023
ExtraHop,Seattle,,2022-10-13,,Security,0,"Series C",61,"United States",10/15/2022
ExtraHop,Seattle,,2020-04-22,,Security,0,"Series C",61,"United States",4/23/2020
Extramarks,"Noida, Non-U.S.",300.0,2023-04-26,,Education,0,Unknown,0,India,4/26/2023
EyeEm,"Berlin, Non-U.S.",,2025-12-11,1.0,Other,0,Acquired,24,Germany,12/12/2025
Eyeo,"Cologne, Non-U.S.",,2025-07-28,0.4,Hardware,0,Unknown,0,Germany,7/30/2025
Eyowo,"Lagos, Non-U.S.",,2023-06-27,1.0,Finance,0,Unknown,0,Nigeria,6/26/2023
ezCater,Boston,40.0,2025-11-21,0.04,Food,0,"Series D",319,"United States",11/23/2025
ezCater,Boston,400.0,2020-04-07,0.44,Food,0,"Series D",319,"United States",4/7/2020
Ezoic,"San Diego",,2023-07-17,0.28,Infrastructure,0,"Series A",39,"United States",7/19/2023
Ezoic,"San Diego",10.0,2023-02-28,,Infrastructure,0,"Series A",39,"United States",7/21/2023
Ezoic,"San Diego",35.0,2022-12-31,,Infrastructure,0,"Series A",39,"United States",7/21/2023
F-Secure,"Helsinki, Non-U.S.",70.0,2023-10-25,,Security,0,Post-IPO,0,Finland,10/26/2023
F5,Seattle,,2024-09-24,,Security,0,Post-IPO,0,"United States",9/26/2024
F5,Seattle,100.0,2022-10-21,0.01,Security,0,Post-IPO,0,"United States",11/17/2022
F5,Seattle,100.0,2024-10-29,0.02,Security,0,Post-IPO,0,"United States",10/30/2024
F5,Seattle,106.0,2025-08-13,0.02,Security,0,Post-IPO,0,"United States",8/18/2025
F5,Seattle,120.0,2023-11-03,0.02,Security,0,Post-IPO,0,"United States",11/6/2023
F5,Seattle,623.0,2023-04-19,0.09,Security,0,Post-IPO,0,"United States",4/20/2023
FabHotels,"New Delhi, Non-U.S.",80.0,2020-03-30,0.2,Travel,0,"Series B",48,India,4/10/2020
Fable,"New York City",,2024-10-15,1.0,Product,0,"Series A",19,"United States",10/18/2024
Fable,"Toronto, Non-U.S.",13.0,2023-07-31,0.09,Other,0,"Series A",12,Canada,8/5/2023
Fabric,"New York City",120.0,2022-07-13,0.4,Logistics,0,"Series C",336,"United States",7/13/2022
Fabric,"New York City",30.0,2024-04-11,0.15,Logistics,0,"Series C",336,"United States",4/12/2024
Facily,"Sao Paulo, Non-U.S.",260.0,2022-04-20,0.3,Retail,0,"Series D",502,Brazil,4/27/2022
Factorial,"Barcelona, Non-U.S.",20.0,2023-07-13,,HR,0,"Series C",220,Spain,7/17/2023
Faire,"SF Bay Area",250.0,2023-11-01,0.2,Retail,0,"Series G",1700,"United States",11/2/2023
Faire,"SF Bay Area",84.0,2022-10-18,0.07,Retail,0,"Series G",1700,"United States",11/4/2022
FamPay,"Bengaluru, Non-U.S.",,2023-04-17,,Finance,0,"Series A",42,India,4/17/2023
FamPay,"Bengaluru, Non-U.S.",18.0,2023-08-02,,Finance,0,"Series A",42,India,8/3/2023
FanClash,"Gurugram, Non-U.S.",100.0,2023-03-30,0.75,Consumer,0,"Series B",50,India,3/31/2023
Fandom,"SF Bay Area",,2023-01-19,,Media,0,"Series E",145,"United States",1/20/2023
Fandom,"SF Bay Area",,2020-04-30,0.14,Media,0,"Series E",145,"United States",5/1/2020
FanDuel,"New York City",,2026-06-05,,Consumer,0,Acquired,416,"United States",6/9/2026
Fareportal,"Gurugram, Non-U.S.",200.0,2020-03-26,,Travel,0,Unknown,0,India,3/30/2020
FarEye,"New Delhi, Non-U.S.",250.0,2022-06-10,0.3,Logistics,0,"Series E",150,India,6/10/2022
FarEye,"New Delhi, Non-U.S.",90.0,2023-02-03,,Logistics,0,"Series E",150,India,2/3/2023
Farfetch,"London, Non-U.S.",2000.0,2024-02-16,0.25,Retail,0,Acquired,1700,"United Kingdom",2/16/2024
Fashinza,"New York City",,2024-01-18,,Retail,0,Unknown,153,"United States",1/23/2024
Fast,"SF Bay Area",,2022-04-05,1.0,Finance,0,"Series B",124,"United States",4/5/2022
Fastly,"SF Bay Area",,2024-08-08,0.11,Infrastructure,0,Post-IPO,219,"United States",8/9/2024
"Fate Therapeutics","San Diego",315.0,2023-01-09,0.5700000000000001,Healthcare,0,Post-IPO,1200,"United States",1/13/2023
Favo,"Sao Paulo, Non-U.S.",170.0,2022-06-02,,Food,0,"Series A",31,Brazil,6/2/2022
"Faze Medicines",Boston,,2022-11-09,1.0,Healthcare,0,"Series B",81,"United States",11/12/2022
Feather,"New York City",,2022-06-24,,Retail,0,Unknown,76,"United States",6/25/2022
Feedzai,"Coimbra, Non-U.S.",,2023-01-27,,Finance,0,Unknown,273,Portugal,1/28/2023
"FemTech Health",Houston,,2023-05-22,1.0,Healthcare,0,Unknown,0,"United States",5/22/2023
Fetch,Madison,100.0,2023-03-14,0.1,Retail,0,"Series E",581,"United States",3/14/2023
Fi.Money,"Bengaluru, Non-U.S.",,2026-02-10,0.4,Finance,0,"Series C",0,India,3/17/2026
Fi.Money,"Bengaluru, Non-U.S.",30.0,2023-09-27,0.1,Finance,0,"Series C",137,India,9/28/2023
"Fifth Season",Pittsburgh,100.0,2022-10-28,1.0,Food,0,"Series B",35,"United States",10/30/2022
Figure,"SF Bay Area",90.0,2023-07-26,0.2,Crypto,0,Unknown,1500,"United States",7/29/2023
Filevine,"Salt Lake City",,2022-12-06,,Legal,0,"Series D",226,"United States",12/18/2022
Filmic,Seattle,,2023-12-01,1.0,Other,0,Acquired,0,"United States",12/3/2023
Finastra,"Tel Aviv, Non-U.S.",,2023-01-25,,Finance,0,Unknown,0,Israel,2/7/2023
Finastra,"Tel Aviv, Non-U.S.",,2023-08-03,,Finance,0,Unknown,0,Israel,8/4/2023
Finder,"Sydney, Non-U.S.",,2023-02-03,0.15,Retail,0,Unknown,30,Australia,2/6/2023
Finder,"Sydney, Non-U.S.",40.0,2023-04-04,,Retail,0,Unknown,30,Australia,4/11/2023
Finder,"Sydney, Non-U.S.",60.0,2024-02-21,0.17,Retail,0,Unknown,30,Australia,2/22/2024
"Finite State",Columbus,16.0,2022-06-17,0.2,Security,0,"Series B",49,"United States",6/18/2022
"Finleap Connect","Hamburg, Non-U.S.",14.0,2022-06-30,0.1,Finance,0,"Series A",22,Germany,7/1/2022
FintechOS,"Bucharest, Non-U.S.",,2023-11-15,,Finance,0,"Series B",91,Romania,11/15/2023
Fipola,"Chennai, Non-U.S.",,2023-02-20,1.0,Food,0,"Series A",9,India,2/21/2023
Fireblocks,"New York City",20.0,2024-02-07,0.03,Crypto,0,"Series E",1000,"United States",2/7/2024
Fireblocks,"New York City",30.0,2023-02-20,0.05,Crypto,0,"Series E",1000,"United States",2/22/2023
Firebolt,"Tel Aviv, Non-U.S.",,2026-02-15,,Data,0,"Series C",264,Israel,3/7/2026
Firebolt,"Tel Aviv, Non-U.S.",,2022-09-07,,Data,0,"Series C",264,Israel,9/8/2022
FireHydrant,"New York City",,2022-12-08,,Infrastructure,0,"Series B",32,"United States",12/11/2022
Firework,"SF Bay Area",,2022-11-29,0.1,Retail,0,"Series B",269,"United States",12/1/2022
"First AML","Auckland, Non-U.S.",,2022-10-06,,Finance,0,"Series B",29,"New Zealand",10/7/2022
"First Mode",Seattle,48.0,2024-01-16,0.2,Transportation,0,Acquired,9,"United States",1/18/2024
FiscalNote,"Washington D.C.",30.0,2020-04-02,,Media,0,"Series D",50,"United States",4/15/2020
Fishbrain,"Stockholm, Non-U.S.",,2023-01-17,,Consumer,0,Unknown,59,Sweden,1/21/2023
Fisker,"Los Angeles",,2024-04-29,,Transportation,0,Post-IPO,1700,"United States",4/30/2024
Fisker,"Los Angeles",,2024-05-29,,Transportation,0,Post-IPO,1700,"United States",5/31/2024
Fisker,"Los Angeles",,2024-02-29,0.15,Transportation,0,Post-IPO,1700,"United States",2/29/2024
Fisker,"Los Angeles",,2024-06-18,1.0,Transportation,0,Post-IPO,1700,"United States",6/19/2024
Fission,"Vancouver, Non-U.S.",,2024-04-07,1.0,Other,0,Unknown,0,Canada,4/8/2024
"Fit Analytics","Berlin, Non-U.S.",,2023-09-28,1.0,Retail,0,Acquired,0,,9/29/2023
Fittr,"Pune, Non-U.S.",30.0,2023-03-02,0.11,Fitness,0,"Series A",13,India,3/3/2023
Five9,"SF Bay Area",123.0,2025-04-03,0.04,Support,0,Post-IPO,862,"United States",4/16/2025
Five9,"SF Bay Area",190.0,2024-08-20,0.07,Support,0,Post-IPO,862,"United States",8/21/2024
Fiverr,"Tel Aviv, Non-U.S.",250.0,2025-09-15,0.3,Other,0,Post-IPO,111,Israel,9/16/2025
Fiverr,"Tel Aviv, Non-U.S.",60.0,2022-07-26,0.08,Other,0,Post-IPO,111,Israel,7/26/2022
Fivetran,"SF Bay Area",,2022-10-04,0.05,Data,0,"Series D",0,"United States",10/5/2022
"Flash Coffee","Singapore, Non-U.S.",,2022-11-22,,Food,0,"Series B",57,Singapore,11/25/2022
"Flatiron Health","New York City",39.0,2023-06-07,,Healthcare,0,Acquired,324,"United States",6/24/2023
"Flatiron School","New York City",100.0,2020-05-06,,Education,0,Acquired,15,"United States",5/7/2020
Flex,"SF Bay Area",31.0,2023-12-13,,Manufacturing,0,Unknown,0,"United States",12/22/2023
FlexCar,Boston,20.0,2023-08-16,,Transportation,0,Unknown,297,"United States",8/18/2023
Flexe,Seattle,131.0,2023-09-26,0.33,Logistics,0,"Series D",263,"United States",9/27/2023
Flexe,Seattle,99.0,2024-01-08,0.38,Logistics,0,"Series D",263,"United States",1/8/2024
Flexport,"SF Bay Area",,2024-10-02,0.02,Logistics,0,"Series E",2400,"United States",10/4/2024
Flexport,"SF Bay Area",,2024-01-26,0.2,Logistics,0,"Series E",2400,"United States",1/26/2024
Flexport,"SF Bay Area",,2023-10-13,0.2,Logistics,0,"Series E",2400,"United States",10/12/2023
Flexport,"SF Bay Area",640.0,2023-01-11,0.2,Logistics,0,"Series E",2400,"United States",1/11/2023
FlightStats,Portland,73.0,2024-05-30,,Travel,0,Acquired,3,"United States",5/31/2024
Flink,"Berlin, Non-U.S.",100.0,2023-05-24,0.16,Food,0,"Series B",1000,Germany,5/24/2023
Flink,"Berlin, Non-U.S.",8000.0,2023-04-24,0.4,Food,0,"Series B",1000,Germany,4/25/2023
Flip,"SF Bay Area",,2025-08-29,1.0,Consumer,0,"Series C",294,"United States",8/30/2025
Flipboard,"SF Bay Area",24.0,2022-10-16,0.21,Media,0,Unknown,235,"United States",10/20/2022
Flipkart,"Bengaluru, Non-U.S.",,2023-03-02,,Retail,0,Acquired,12900,India,3/7/2023
Flipkart,"Bengaluru, Non-U.S.",1100.0,2024-01-08,0.05,Retail,0,Acquired,12900,India,1/13/2024
Flipkart,"Bengaluru, Non-U.S.",40.0,2025-11-16,,Retail,0,Acquired,12900,India,11/17/2025
Flipkart,"Bengaluru, Non-U.S.",500.0,2026-03-06,,Retail,0,Acquired,12900,India,3/7/2026
"Flock Freight","San Diego",45.0,2023-04-10,0.08,Logistics,0,"Series D",399,"United States",5/18/2023
"Flock Freight","San Diego",54.0,2024-03-16,,Logistics,0,"Series D",399,"United States",3/17/2024
Flockjay,"SF Bay Area",37.0,2021-08-24,0.5,Education,0,"Series A",14,"United States",8/24/2021
FloQast,"Los Angeles",,2020-04-10,,Finance,0,"Series C",119,"United States",4/27/2020
Flowhub,Denver,,2022-09-09,0.15,Retail,0,Unknown,45,"United States",9/10/2022
Flowr,"Toronto, Non-U.S.",,2020-03-24,0.25,Retail,0,Unknown,0,Canada,3/28/2020
Fluke,"Sao Paulo, Non-U.S.",83.0,2022-08-17,0.8200000000000001,Other,0,Seed,0,Brazil,8/26/2022
Flutterwave,"Lagos, Non-U.S.",30.0,2024-06-24,0.03,Finance,0,Unknown,509,Nigeria,6/26/2024
"Flux Systems","London, Non-U.S.",,2022-10-14,1.0,Finance,0,Unknown,9,"United Kingdom",10/15/2022
Fly.io,Chicago,40.0,2024-09-04,,Infrastructure,0,"Series C",110,"United States",9/11/2024
Flyhomes,Seattle,,2023-12-14,,"Real Estate",0,"Series C",310,"United States",12/18/2023
Flyhomes,Seattle,,2023-06-05,,"Real Estate",0,"Series C",310,"United States",6/5/2023
Flyhomes,Seattle,200.0,2022-07-20,0.2,"Real Estate",0,"Series C",310,"United States",7/20/2022
Flyhomes,Seattle,300.0,2022-11-09,0.4,"Real Estate",0,"Series C",310,"United States",11/10/2022
Flymya,"Yangon, Non-U.S.",200.0,2020-04-01,0.33,Travel,0,Unknown,0,Myanmar,5/6/2020
Flynote,"Bengaluru, Non-U.S.",,2020-05-01,,Travel,0,Seed,1,India,5/7/2020
Flytedesk,Boulder,4.0,2020-03-18,0.2,Marketing,0,Seed,4,"United States",4/1/2020
"Flywheel Sports","New York City",784.0,2020-03-20,0.98,Fitness,0,Acquired,120,"United States",4/9/2020
Flywire,Boston,125.0,2025-02-26,,Finance,0,"Series E",263,"United States",3/1/2025
Flywire,Boston,60.0,2020-05-07,0.12,Finance,0,"Series E",263,"United States",5/7/2020
FNZ,"London, Non-U.S.",,2022-12-02,,Finance,0,"Private Equity",3500,"United Kingdom",6/16/2026
FNZ,"London, Non-U.S.",,2026-06-16,,Finance,0,"Private Equity",3500,"United Kingdom",6/16/2026
FNZ,"London, Non-U.S.",,2025-11-10,0.03,Finance,0,"Private Equity",3500,"United Kingdom",6/16/2026
FNZ,"London, Non-U.S.",1000.0,2023-07-06,0.15,Finance,0,"Private Equity",1400,"United Kingdom",7/7/2023
FNZ,"London, Non-U.S.",1000.0,2023-07-06,0.15,Finance,0,"Private Equity",3500,"United Kingdom",6/16/2026
FNZ,"London, Non-U.S.",240.0,2023-12-05,,Finance,0,"Private Equity",3500,"United Kingdom",6/16/2026
Food52,"New York City",,2020-04-17,,Food,0,Acquired,96,"United States",4/27/2020
Food52,"New York City",20.0,2022-04-08,0.1,Food,0,Acquired,176,"United States",5/7/2022
Food52,"New York City",21.0,2022-06-03,0.15,Food,0,Acquired,176,"United States",6/7/2022
Foodpanda,"Bucharest, Non-U.S.",80.0,2022-05-26,,Food,0,Acquired,749,Romania,5/28/2022
Foodpanda,"Singapore, Non-U.S.",,2023-02-13,,Food,0,Acquired,749,Singapore,2/14/2023
Foodpanda,"Singapore, Non-U.S.",,2023-09-22,,Food,0,Acquired,749,Singapore,9/24/2023
Foodpanda,"Singapore, Non-U.S.",60.0,2022-09-07,,Food,0,Acquired,749,Singapore,9/5/2022
Foodsby,Minneapolis,87.0,2020-03-24,0.67,Food,0,"Series B",20,"United States",3/28/2020
ForeScout,"Tel Aviv, Non-U.S.",100.0,2023-01-10,0.1,Security,0,Acquired,125,Israel,1/10/2023
ForeScout,"Tel Aviv, Non-U.S.",40.0,2023-09-06,,Security,0,Acquired,125,Israel,9/9/2023
"Foresight Insurance","SF Bay Area",,2022-10-06,0.4,Finance,0,"Series B",58,"United States",12/1/2022
Foretellix,"Tel Aviv, Non-U.S.",29.0,2026-01-08,0.18,Transportation,0,"Series C",132,Israel,1/13/2026
ForgeRock,"SF Bay Area",109.0,2023-12-13,,Other,0,Acquired,234,"United States",12/22/2023
"Form Energy",Boston,,2024-03-05,,Energy,0,Unknown,966,"United States",3/6/2024
Forma.ai,"Toronto, Non-U.S.",15.0,2022-07-20,0.09,Sales,0,"Series B",58,Canada,7/26/2022
FormFactor,"SF Bay Area",220.0,2026-01-09,0.11,Manufacturing,0,Post-IPO,15,"United States",1/13/2026
Formlabs,Boston,,2024-08-15,,Hardware,0,"Series E",254,"United States",8/16/2024
Formstack,Indianapolis,,2023-05-17,0.4,Other,0,"Private Equity",425,"United States",5/17/2023
Fortinet,"SF Bay Area",,2023-08-25,,Security,0,Post-IPO,89,"United States",8/27/2023
Forto,"Berlin, Non-U.S.",200.0,2025-04-12,,Logistics,0,"Series D",593,Germany,4/16/2025
Forto,"Berlin, Non-U.S.",60.0,2022-11-11,0.08,Logistics,0,"Series D",593,Germany,1/4/2023
Forward,"SF Bay Area",,2022-07-11,0.05,Healthcare,0,"Series D",225,"United States",7/12/2022
Forward,"SF Bay Area",10.0,2020-04-20,0.03,Healthcare,0,"Series C",100,"United States",4/21/2020
Forward,"SF Bay Area",200.0,2024-11-12,1.0,Healthcare,0,"Series E",325,"United States",11/13/2024
"Foundation Medicine",Boston,135.0,2023-04-04,,Healthcare,0,Acquired,96,"United States",4/9/2023
Foundry,Rochester,74.0,2024-12-11,0.27,Crypto,0,Subsidiary,0,"United States",12/13/2024
FourKites,Chicago,,2023-12-13,0.15,Logistics,0,Unknown,241,"United States",1/8/2024
FourKites,Chicago,60.0,2022-08-11,0.08,Logistics,0,"Series D",201,"United States",8/26/2022
Foursquare,"New York City",105.0,2024-05-23,0.25,Marketing,0,"Series G",390,"United States",5/24/2024
Foxtrot,Chicago,26.0,2022-09-23,0.035,Food,0,"Series C",166,"United States",9/24/2022
Fraazo,"Mumbai, Non-U.S.",150.0,2022-07-12,,Food,0,"Series B",63,India,7/13/2022
"Fractal Software","New York City",,2023-06-01,,Other,0,Unknown,0,"United States",6/4/2023
FranShares,Chicago,,2026-03-17,1.0,Finance,0,Seed,6,"United States",3/22/2026
Freenome,"SF Bay Area",100.0,2024-04-23,0.2,Healthcare,0,"Series E",1400,"United States",4/24/2024
Freetrade,"London, Non-U.S.",45.0,2022-06-10,0.15,Finance,0,Unknown,133,"United Kingdom",6/10/2022
Freightos,Miami,50.0,2023-07-12,0.13,Logistics,0,Post-IPO,118,"United States",7/13/2023
FreightWaves,Chattanooga,16.0,2024-09-24,,Logistics,0,"Private Equity",92,"United States",9/26/2024
"Frequency Therapeutics",Boston,,2023-02-01,0.5,Healthcare,0,Post-IPO,76,"United States",2/14/2023
FreshBooks,"Toronto, Non-U.S.",,2022-12-16,,Finance,0,Unknown,331,Canada,3/21/2023
FreshBooks,"Toronto, Non-U.S.",,2023-11-15,0.06,Finance,0,Unknown,331,Canada,11/16/2023
FreshBooks,"Toronto, Non-U.S.",140.0,2024-10-01,,Finance,0,Unknown,331,Canada,10/2/2024
Freshbooks,"Toronto, Non-U.S.",38.0,2020-04-21,0.09,Finance,0,"Series B",75,Canada,4/22/2020
FreshBooks,"Toronto, Non-U.S.",80.0,2023-03-21,0.1,Finance,0,Unknown,331,Canada,3/21/2023
FreshDirect,"New York City",100.0,2024-01-10,0.03,Food,0,Acquired,280,"United States",1/30/2024
FreshDirect,Philadelphia,40.0,2022-08-25,,Food,0,Acquired,280,"United States",8/26/2022
Freshly,"New York City",,2022-07-18,0.25,Food,0,Acquired,107,"United States",7/28/2022
Freshly,Phoenix,329.0,2022-12-12,,Food,0,Acquired,107,"United States",12/14/2022
Freshworks,"SF Bay Area",,2023-06-08,,Support,0,Post-IPO,484,"United States",6/8/2023
Freshworks,"SF Bay Area",114.0,2023-03-16,0.02,Support,0,Post-IPO,484,"United States",3/16/2023
Freshworks,"SF Bay Area",500.0,2026-05-05,0.11,Support,0,Post-IPO,484,"United States",5/6/2026
Freshworks,"SF Bay Area",660.0,2024-11-07,0.13,Support,0,Post-IPO,484,"United States",11/7/2024
Freshworks,"SF Bay Area",90.0,2022-12-15,0.02,Support,0,Post-IPO,484,"United States",12/15/2022
"Friday Health Plans",Alamosa,,2023-06-21,,Healthcare,0,"Private Equity",306,"United States",6/22/2023
Front,"SF Bay Area",,2022-09-28,,Support,0,"Series D",203,"United States",11/12/2022
Frontdesk,Milwaukee,200.0,2024-01-02,1.0,Travel,0,Unknown,26,"United States",1/3/2024
Frontdesk,Milwaukee,35.0,2020-04-10,0.16,Travel,0,Unknown,3,"United States",4/11/2020
FrontRow,"Bengaluru, Non-U.S.",,2023-06-15,0.9,Education,0,"Series A",17,India,6/16/2023
FrontRow,"Bengaluru, Non-U.S.",,2023-07-10,1.0,Education,0,"Series A",17,India,7/11/2023
FrontRow,"Bengaluru, Non-U.S.",130.0,2022-10-12,0.75,Education,0,"Series A",17,India,10/13/2022
FrontRow,"Bengaluru, Non-U.S.",145.0,2022-05-27,0.3,Education,0,"Series A",17,India,5/31/2022
Frubana,"Bogota, Non-U.S.",,2022-06-21,0.03,Food,0,"Series C",202,Colombia,6/22/2022
FuboTV,"New York City",,2022-08-02,,Media,0,Post-IPO,151,"United States",8/4/2022
FullStory,Atlanta,,2020-04-16,,Marketing,0,"Series C",59,"United States",4/27/2020
FullStory,Atlanta,,2022-09-13,0.12,Marketing,0,Unknown,197,"United States",9/9/2022
FullStory,Atlanta,50.0,2024-01-09,0.1,Marketing,0,Unknown,197,"United States",1/24/2024
Fundbox,"SF Bay Area",14.0,2020-06-02,0.15,Finance,0,"Series C",453,"United States",6/2/2020
Fundbox,"SF Bay Area",150.0,2022-10-25,0.42,Finance,0,"Series D",553,"United States",10/25/2022
"Funding Circle","London, Non-U.S.",,2024-05-29,,Finance,0,Post-IPO,746,"United Kingdom",6/3/2024
"Funding Circle","SF Bay Area",85.0,2020-07-08,,Finance,0,Post-IPO,746,"United States",7/9/2020
"Funding Societies","Singapore, Non-U.S.",65.0,2020-04-16,0.18,Finance,0,"Series B",42,Singapore,4/19/2020
Fungible,"SF Bay Area",,2022-08-29,,Crypto,0,"Series C",310,"United States",8/30/2022
Furlenco,"Bengaluru, Non-U.S.",180.0,2022-03-26,,Retail,0,"Series D",228,India,3/28/2022
FutureLearn,"London, Non-U.S.",,2022-11-28,,Education,0,Unknown,50,"United Kingdom",11/30/2022
Fuzzy,"SF Bay Area",,2023-06-18,1.0,Healthcare,0,"Series C",80,"United States",6/18/2023
"G/O Media Group","New York City",14.0,2020-04-03,0.05,Media,0,Unknown,0,"United States",4/8/2020
G2,Chicago,17.0,2020-06-30,0.05,Marketing,0,"Series C",101,"United States",7/1/2020
"Gambling.com Group","Dublin, Non-U.S.",,2026-05-14,,Other,0,Post-IPO,276,Ireland,5/15/2026
"Games 24x7","Mumbai, Non-U.S.",180.0,2025-05-07,,Consumer,0,Unknown,75,India,9/2/2025
"Games 24x7","Mumbai, Non-U.S.",400.0,2025-09-01,,Consumer,0,Unknown,75,India,9/2/2025
GamesKraft,"Bengaluru, Non-U.S.",120.0,2025-09-18,,Consumer,0,Unknown,0,India,9/25/2025
GamesKraft,"Bengaluru, Non-U.S.",280.0,2025-11-10,,Consumer,0,Unknown,0,India,11/11/2025
"GAMURS Group","Sydney, Non-U.S.",,2023-03-21,,Consumer,0,"Series A",17,Australia,3/23/2023
Gated,"SF Bay Area",,2023-09-01,1.0,Other,0,Seed,3,"United States",9/4/2023
Gather,"SF Bay Area",30.0,2022-06-02,0.33,Consumer,0,"Series B",76,"United States",6/16/2022
Gatherly,Atlanta,,2022-07-31,0.5,Marketing,0,,0,"United States",8/2/2022
Gavelytics,"Los Angeles",,2022-06-30,1.0,Legal,0,Seed,5,"United States",7/6/2022
Geekwire,Seattle,5.0,2020-04-10,0.31,Media,0,Unknown,0,"United States",4/12/2020
Gem,"SF Bay Area",100.0,2022-11-01,0.33,Recruiting,0,"Series C",148,"United States",11/1/2022
Gem,"SF Bay Area",70.0,2023-08-02,,Recruiting,0,"Series C",148,"United States",8/3/2023
Gemini,"New York City",,2023-01-23,0.1,Crypto,0,Unknown,423,"United States",1/23/2023
Gemini,"New York City",,2026-03-20,0.3,Crypto,0,Unknown,423,"United States",3/22/2026
Gemini,"New York City",100.0,2022-06-02,0.1,Crypto,0,Unknown,423,"United States",6/2/2022
Gemini,"New York City",200.0,2025-02-05,,Crypto,0,Unknown,423,"United States",2/6/2026
Gemini,"New York City",68.0,2022-07-18,0.07,Crypto,0,Unknown,423,"United States",7/18/2022
"General Fusion","Vancouver, Non-U.S.",,2025-05-05,0.25,Energy,0,Unknown,370,Canada,5/5/2025
Genesis,"New York City",52.0,2022-08-17,0.2,Crypto,0,"Series A",0,"United States",8/17/2022
Genesis,"New York City",60.0,2023-01-05,0.3,Crypto,0,"Series A",0,"United States",1/5/2023
Genius,"New York City",,2021-09-15,,Consumer,0,Acquired,78,"United States",9/16/2021
"Genome Medical","SF Bay Area",23.0,2022-09-08,,Healthcare,0,"Series C",120,"United States",9/9/2022
GenWise,"New Delhi, Non-U.S.",,2025-12-09,1.0,Other,0,Seed,3,India,12/10/2025
GenWise,"New Delhi, Non-U.S.",15.0,2025-05-05,0.2,Other,0,Seed,3,India,5/5/2025
GeoComply,"Vancouver, Non-U.S.",68.0,2026-04-21,0.15,Security,0,"Private Equity",0,"United States",5/11/2026
Getaround,"SF Bay Area",,2025-02-12,,Transportation,0,"Series D",403,"United States",2/13/2025
Getaround,"SF Bay Area",,2023-02-02,0.1,Transportation,0,Post-IPO,948,"United States",2/3/2023
Getaround,"SF Bay Area",,2024-02-08,0.3,Transportation,0,Post-IPO,948,"United States",2/8/2024
Getaround,"SF Bay Area",100.0,2020-03-27,0.25,Transportation,0,"Series D",403,"United States",3/29/2020
Getir,"Istanbul, Non-U.S.",,2022-05-25,0.14,Food,0,"Series E",1800,Turkey,5/25/2022
Getir,"London, Non-U.S.",,2023-02-13,,Food,0,"Series E",1800,"United Kingdom",2/14/2023
Getir,"London, Non-U.S.",2500.0,2023-08-22,0.11,Food,0,"Series E",1800,"United Kingdom",8/22/2023
Getir,"London, Non-U.S.",3300.0,2024-04-29,,Food,0,"Series E",1800,"United Kingdom",4/29/2024
Getir,"New York City",100.0,2023-02-02,,Food,0,"Series E",1800,"United States",2/5/2023
GetNinjas,"Sao Paulo, Non-U.S.",11.0,2020-04-08,0.1,Consumer,0,"Series B",16,Brazil,4/12/2020
Getta,"Tel Aviv, Non-U.S.",30.0,2022-05-31,,Transportation,0,"Series A",49,Israel,6/1/2022
GetYourGuide,"Berlin, Non-U.S.",90.0,2020-10-14,0.17,Travel,0,"Series E",656,Germany,10/16/2020
"Ghost Autonomy","SF Bay Area",100.0,2024-04-03,1.0,Transportation,0,"Series E",247,"United States",4/4/2024
Gigamon,"SF Bay Area",69.0,2024-10-15,,Data,0,Acquired,23,"United States",10/16/2024
Gigbanc,"Lagos, Non-U.S.",,2026-07-13,1.0,Finance,0,Seed,1,Nigeria,7/14/2026
"Ginkgo Bioworks",Boston,,2024-06-24,,Healthcare,0,Post-IPO,1600,"United States",6/19/2024
"Ginkgo Bioworks",Boston,400.0,2024-06-20,0.35,Healthcare,0,Post-IPO,1600,"United States",6/23/2024
GitHub,"SF Bay Area",,2023-02-09,0.1,Product,0,Acquired,350,"United States",2/9/2023
GitLab,"SF Bay Area",130.0,2023-02-09,0.07,Product,0,Post-IPO,413,"United States",2/9/2023
GitLab,"SF Bay Area",350.0,2026-06-02,0.14,Product,0,Post-IPO,413,"United States",5/11/2026
Gitpod,"Kiel, Non-U.S.",21.0,2023-01-24,0.28,Product,0,"Series A",41,Germany,1/25/2023
"Give Legacy",Boston,,2022-06-24,,Healthcare,0,"Series B",45,"United States",7/20/2022
"Glamyo Health","New Delhi, Non-U.S.",160.0,2023-06-01,,Healthcare,0,"Series B",9,India,6/2/2023
Glassbox,"London, Non-U.S.",,2023-05-04,0.14,Data,0,"Series C",70,"United Kingdom",5/5/2023
Glassdoor,"SF Bay Area",140.0,2023-03-22,0.15,HR,0,Acquired,204,"United States",3/22/2023
Glassdoor,"SF Bay Area",300.0,2020-05-07,0.3,Recruiting,0,Acquired,204,"United States",5/7/2020
"Glean AI","New York City",5.0,2023-05-08,,Finance,0,Seed,11,"United States",5/16/2023
Glints,"Singapore, Non-U.S.",198.0,2022-12-08,0.18,HR,0,"Series D",82,Singapore,12/9/2022
Glisser,"London, Non-U.S.",25.0,2023-01-26,1.0,Travel,0,Unknown,1,"United Kingdom",12/22/2023
Glitch,"New York City",18.0,2020-05-21,0.36,Product,0,"Series A",30,"United States",5/22/2020
Gloat,"New York City",35.0,2023-04-20,0.12,HR,0,"Series D",192,"United States",4/21/2023
Gloo,Boulder,,2026-01-29,,Consumer,0,Post-IPO,152,"United States",2/18/2026
GloriFi,Dallas,,2022-11-21,1.0,Finance,0,Unknown,0,"United States",11/25/2022
Glossier,"New York City",80.0,2022-01-26,0.33,Consumer,0,"Series E",266,"United States",1/26/2022
Glossier,"New York City",150.0,2020-08-07,0.38,Retail,0,"Series D",186,"United States",8/19/2020
Glossier,"New York City",19.0,2022-08-02,0.08,Retail,0,"Series E",266,"United States",8/3/2022
Glossier,"New York City",50.0,2026-02-11,0.33,Retail,0,"Series E",266,"United States",2/13/2026
Glovo,"Barcelona, Non-U.S.",140.0,2023-03-23,,Food,0,Acquired,1200,Spain,2/5/2024
Glovo,"Barcelona, Non-U.S.",25.0,2024-04-12,,Food,0,Acquired,1200,Spain,4/12/2024
Glovo,"Barcelona, Non-U.S.",250.0,2023-01-30,0.06,Food,0,Acquired,1200,Spain,1/30/2023
Glovo,"Madrid, Non-U.S.",22.0,2024-05-25,,Food,0,Acquired,1200,Spain,7/25/2024
Glowforge,Seattle,,2024-02-06,,Manufacturing,0,"Series E",133,"United States",2/28/2024
Glowforge,Seattle,30.0,2023-12-15,,Manufacturing,0,"Series E",133,"United States",2/28/2024
"GOAT Group","Los Angeles",,2020-04-01,,Retail,0,"Series D",197,"United States",4/7/2020
GoBear,"Singapore, Non-U.S.",22.0,2020-09-01,0.11,Finance,0,Unknown,97,Singapore,9/2/2020
GoBolt,"Toronto, Non-U.S.",55.0,2023-01-10,0.05,Logistics,0,"Series C",178,Canada,1/11/2023
GoCanvas,"Washington D.C.",,2023-01-13,,Other,0,Acquired,21,"United States",1/18/2023
GoCardless,"London, Non-U.S.",,2020-04-24,,Finance,0,"Series E",122,"United Kingdom",4/28/2020
GoCardless,"London, Non-U.S.",150.0,2023-06-12,0.17,Finance,0,"Series G",529,"United Kingdom",6/12/2023
GoCardless,"London, Non-U.S.",90.0,2026-04-14,,Finance,0,"Series G",529,"United Kingdom",4/30/2026
GoDaddy,Austin,451.0,2020-06-24,0.06,Marketing,0,Post-IPO,0,"United States",6/25/2020
GoDaddy,Phoenix,530.0,2023-02-08,0.08,Marketing,0,Post-IPO,800,"United States",2/8/2023
GoFundMe,"SF Bay Area",94.0,2022-10-26,0.12,Finance,0,"Series A",0,"United States",10/26/2022
GoHealth,Chicago,800.0,2022-08-09,0.2,Healthcare,0,Post-IPO,75,"United States",8/11/2022
Gojek,"Jakarta, Non-U.S.",430.0,2020-06-23,0.09,Transportation,0,"Series F",4800,Indonesia,6/23/2020
Gokada,"Lagos, Non-U.S.",20.0,2022-11-14,,Transportation,0,Unknown,12,Nigeria,2/2/2023
Gokada,"Lagos, Non-U.S.",54.0,2023-01-31,,Transportation,0,Unknown,12,Nigeria,2/2/2023
GoKwik,"New Delhi, Non-U.S.",100.0,2026-07-11,,Finance,0,Unknown,68,India,7/12/2026
GoMechanic,"Gurugram, Non-U.S.",,2023-01-17,0.7000000000000001,Transportation,0,"Series C",54,India,1/18/2023
Gong,"SF Bay Area",80.0,2023-02-08,0.07,Sales,0,"Series E",583,"United States",2/8/2023
GoNuts,"Mumbai, Non-U.S.",,2022-10-27,1.0,Media,0,Seed,0,India,10/30/2022
Goodfood,"Calgary, Non-U.S.",70.0,2022-04-07,,Food,0,Post-IPO,16,Canada,8/11/2022
GoodGood,"Toronto, Non-U.S.",,2022-11-23,1.0,Retail,0,Seed,6,Canada,11/25/2022
GoodRx,"Los Angeles",140.0,2022-08-31,0.16,Healthcare,0,Post-IPO,910,"United States",9/1/2022
GoodWorker,"Singapore, Non-U.S.",,2023-03-30,0.9,Recruiting,0,Acquired,0,Singapore,5/2/2023
Google,"SF Bay Area",,2024-01-16,,Consumer,0,Post-IPO,26,"United States",1/30/2024
Google,"SF Bay Area",,2024-01-22,,Consumer,0,Post-IPO,26,"United States",1/23/2024
Google,"SF Bay Area",,2023-11-08,,Consumer,0,Post-IPO,26,"United States",11/9/2023
Google,"SF Bay Area",,2025-02-27,,Consumer,0,Post-IPO,26,"United States",2/28/2025
Google,"SF Bay Area",,2025-04-11,,Consumer,0,Post-IPO,26,"United States",4/16/2025
Google,"SF Bay Area",,2024-04-17,,Consumer,0,Post-IPO,26,"United States",4/18/2024
Google,"SF Bay Area",,2024-04-30,,Consumer,0,Post-IPO,26,"United States",4/30/2024
Google,"SF Bay Area",,2026-06-04,,Consumer,0,Post-IPO,26,"United States",6/7/2026
Google,"SF Bay Area",100.0,2025-10-01,,Consumer,0,Post-IPO,26,"United States",10/6/2025
Google,"SF Bay Area",100.0,2024-05-31,,Consumer,0,Post-IPO,26,"United States",6/1/2024
Google,"SF Bay Area",1000.0,2024-01-10,,Consumer,0,Post-IPO,26,"United States",1/11/2024
Google,"SF Bay Area",12000.0,2023-01-20,0.06,Consumer,0,Post-IPO,26,"United States",1/20/2023
Google,"SF Bay Area",200.0,2024-05-01,,Consumer,0,Post-IPO,26,"United States",5/2/2024
Google,"SF Bay Area",40.0,2023-10-18,,Consumer,0,Post-IPO,26,"United States",10/19/2023
Google,"SF Bay Area",50.0,2025-10-02,,Consumer,0,Post-IPO,26,"United States",10/6/2025
Google,"SF Bay Area",57.0,2024-05-10,,Consumer,0,Post-IPO,26,"United States",5/11/2024
Google,"SF Bay Area",75.0,2025-06-24,,Consumer,0,Post-IPO,26,"United States",6/25/2025
Google,"SF Bay Area",75.0,2023-09-13,,Consumer,0,Post-IPO,26,"United States",9/13/2023
Goop,"Los Angeles",39.0,2024-09-06,0.18,Retail,0,Unknown,75,"United States",9/6/2024
GoPro,"SF Bay Area",,2024-03-26,0.04,Consumer,0,Post-IPO,288,"United States",4/8/2024
GoPro,"SF Bay Area",139.0,2024-08-19,0.15,Consumer,0,Post-IPO,288,"United States",8/21/2024
GoPro,"SF Bay Area",145.0,2026-04-07,0.23,Consumer,0,Post-IPO,288,"United States",4/8/2026
GoPro,"SF Bay Area",200.0,2020-04-15,0.2,Consumer,0,Post-IPO,288,"United States",4/15/2020
Gopuff,Philadelphia,,2024-05-16,0.06,Food,0,"Series H",3400,"United States",5/16/2024
Gopuff,Philadelphia,100.0,2022-01-26,,Food,0,"Series H",3400,"United States",2/4/2022
Gopuff,Philadelphia,100.0,2023-03-09,0.02,Food,0,"Series H",3400,"United States",3/10/2023
Gopuff,Philadelphia,1500.0,2022-07-12,0.1,Food,0,"Series H",3400,"United States",7/12/2022
Gopuff,Philadelphia,250.0,2022-10-19,,Food,0,"Series H",3400,"United States",10/20/2022
Gopuff,Philadelphia,450.0,2022-03-29,0.03,Food,0,"Series H",3400,"United States",3/30/2022
Gorillas,"Berlin, Non-U.S.",300.0,2022-05-24,0.5,Food,0,"Series C",1300,Germany,5/24/2022
Gorillas,"Berlin, Non-U.S.",540.0,2022-07-03,,Food,0,"Series C",1300,Germany,7/6/2022
GoSpotCheck,Denver,23.0,2020-03-26,0.2,Retail,0,"Series B",47,"United States",3/28/2020
GoStudent,"Vienna, Non-U.S.",100.0,2024-01-23,,Education,0,"Series D",686,Austria,1/24/2024
GoStudent,"Vienna, Non-U.S.",100.0,2022-12-14,,Education,0,"Series D",686,Austria,12/15/2022
GoStudent,"Vienna, Non-U.S.",200.0,2022-09-08,,Education,0,"Series D",686,Austria,9/9/2022
GoTo,Boston,29.0,2024-01-23,,Other,0,Acquired,2,"United States",1/26/2024
"GoTo Group","Jakarta, Non-U.S.",1300.0,2022-11-10,0.12,Transportation,0,Post-IPO,1300,Indonesia,11/11/2022
"GoTo Group","Jakarta, Non-U.S.",600.0,2023-03-10,,Transportation,0,Post-IPO,1300,Indonesia,3/10/2023
Gousto,"London, Non-U.S.",,2022-12-31,0.14,Food,0,Unknown,675,"United Kingdom",3/14/2023
GoWild,Louisville,,2024-10-10,1.0,Retail,0,Seed,8,"United States",10/11/2024
Grab,"Singapore, Non-U.S.",1000.0,2023-06-20,0.11,Transportation,0,Post-IPO,16500,Singapore,6/20/2023
Grab,"Singapore, Non-U.S.",360.0,2020-06-16,0.05,Transportation,0,"Series I",9900,Singapore,6/16/2020
Grabango,"SF Bay Area",,2024-10-09,1.0,Food,0,Unknown,94,"United States",10/11/2024
Grabango,"SF Bay Area",34.0,2023-09-11,0.4,Food,0,Unknown,94,"United States",9/13/2023
GrabCAD,"Tallinn, Non-U.S.",13.0,2024-01-12,,Other,0,Acquired,28,Estonia,1/12/2024
Grail,"SF Bay Area",350.0,2024-08-13,,Healthcare,0,Post-IPO,0,"United States",8/20/2024
Grailed,"New York City",,2020-04-16,,Retail,0,"Series A",16,"United States",4/23/2020
Grammarly,"SF Bay Area",230.0,2024-02-07,,Consumer,0,Unknown,400,"United States",2/7/2024
Gramophone,"Indore, Non-U.S.",75.0,2023-01-16,,Food,0,"Series B",17,India,1/16/2023
Graphcore,"Beijing, Non-U.S.",,2023-01-01,,Hardware,0,"Series E",682,China,11/23/2023
Graphcore,"Bristol, Non-U.S.",,2022-09-27,,Data,0,Unknown,692,"United Kingdom",11/23/2022
Graphy,"Bengaluru, Non-U.S.",50.0,2023-10-26,0.2,Education,0,Subsidiary,0,India,10/26/2023
GrayMeta,"Los Angeles",20.0,2020-03-23,0.4,Data,0,Unknown,7,"United States",4/1/2020
"Green Labs","Seoul, Non-U.S.",350.0,2023-02-21,0.7,Food,0,"Series C",214,"South Korea",2/21/2023
Greenhouse,"New York City",100.0,2023-04-27,0.12,Recruiting,0,"Private Equity",110,"United States",4/27/2023
Greenhouse,"New York City",120.0,2020-04-17,0.28,Recruiting,0,"Series D",110,"United States",4/17/2020
Greenikk,"Trivandrum, Non-U.S.",,2024-09-30,1.0,Food,0,Seed,1,India,10/1/2024
Greenlight,Atlanta,104.0,2023-01-12,0.21,Finance,0,"Series D",556,"United States",1/12/2023
Grin,Sacramento,,2023-03-21,,Marketing,0,"Series B",145,"United States",3/24/2023
Grin,Sacramento,,2024-04-25,,Marketing,0,"Series B",145,"United States",4/27/2024
Grin,Sacramento,60.0,2022-11-30,0.13,Marketing,0,"Series B",145,"United States",12/3/2022
"Gro Intelligence","New York City",,2024-05-31,0.1,Food,0,"Series B",118,"United States",6/3/2024
"Gro Intelligence","New York City",20.0,2024-02-15,0.1,Food,0,"Series B",118,"United States",2/16/2024
"Gro Intelligence","New York City",90.0,2024-03-01,0.6,Food,0,"Series B",118,"United States",3/3/2024
"GroundGame Health","Tampa Bay",97.0,2025-05-15,,Healthcare,0,"Series A",17,"United States",5/16/2025
"Group Nine Media","New York City",50.0,2020-04-07,0.07,Media,0,Unknown,190,"United States",4/7/2020
Groupon,Chicago,2800.0,2020-04-13,0.44,Retail,0,Post-IPO,1400,"United States",4/13/2020
Groupon,Chicago,400.0,2026-05-26,0.25,Retail,0,Post-IPO,1400,"United States",5/26/2026
Groupon,Chicago,500.0,2023-01-30,,Retail,0,Post-IPO,1400,"United States",1/31/2023
Groupon,Chicago,500.0,2022-08-08,0.15,Retail,0,Post-IPO,1400,"United States",8/8/2022
"Grove Collaborative","SF Bay Area",,2022-03-19,0.17,Retail,0,"Series E",474,"United States",3/30/2022
Grover,"Berlin, Non-U.S.",40.0,2022-12-07,0.1,Retail,0,Unknown,2300,Germany,12/7/2022
Grubhub,"SF Bay Area",400.0,2023-06-12,0.15,Food,0,Acquired,284,"United States",6/12/2023
Grubhub,"SF Bay Area",500.0,2025-02-28,0.23,Food,0,Acquired,284,"United States",3/1/2025
GSR,"Hong Kong, Non-U.S.",,2022-10-11,,Crypto,0,Unknown,0,"Hong Kong",10/12/2022
"Guardant Health","SF Bay Area",130.0,2023-01-25,0.07,Healthcare,0,Post-IPO,550,"United States",1/26/2023
Guesty,"Tel Aviv, Non-U.S.",20.0,2026-05-13,0.02,Travel,0,"Series F",411,Israel,5/13/2026
Guideline,"SF Bay Area",48.0,2023-04-03,0.11,Finance,0,"Series E",339,"United States",4/14/2023
Guidewire,"SF Bay Area",,2022-08-11,0.02,Finance,0,Post-IPO,24,"United States",8/12/2022
Guild,Denver,172.0,2023-05-24,0.12,Education,0,"Series F",643,"United States",5/26/2023
Guild,Denver,300.0,2024-05-22,0.25,Education,0,"Series F",643,"United States",5/23/2024
GumGum,"Los Angeles",90.0,2020-04-20,0.25,Marketing,0,"Series D",58,"United States",4/24/2020
GupShup,"SF Bay Area",100.0,2025-09-04,,Other,0,"Series F",484,India,9/8/2025
GupShup,"SF Bay Area",200.0,2025-04-15,,Other,0,"Series F",484,India,4/16/2025
GupShup,"SF Bay Area",300.0,2024-12-31,,Other,0,"Series F",484,India,4/16/2025
Gupy,"Sao Paulo, Non-U.S.",58.0,2023-08-02,0.08,HR,0,"Series B",105,Brazil,8/3/2023
Gusto,"SF Bay Area",126.0,2023-02-08,0.05,HR,0,"Series E",746,"United States",2/8/2023
Gympass,"Sao Paulo, Non-U.S.",467.0,2020-04-03,0.33,Fitness,0,"Series D",300,Brazil,4/5/2020
HackerEarth,"SF Bay Area",,2023-02-14,0.08,HR,0,"Series B",11,"United States",2/14/2023
HackerOne,"SF Bay Area",,2023-08-02,0.12,Security,0,"Series E",159,"United States",8/2/2023
HackerRank,"SF Bay Area",53.0,2023-08-27,,Recruiting,0,"Series D",103,"United States",8/28/2023
Hailo,"Tel Aviv, Non-U.S.",110.0,2026-06-08,0.5,Manufacturing,0,"Series C",344,Israel,6/8/2026
Hailo,"Tel Aviv, Non-U.S.",30.0,2026-01-08,0.1,Manufacturing,0,"Series C",344,Israel,1/13/2026
"Halcyon Health","New York City",,2022-04-15,1.0,Healthcare,0,Unknown,2,"United States",4/15/2022
Halodoc,"Jakarta, Non-U.S.",,2023-11-14,,Healthcare,0,"Series D",245,India,11/15/2023
Handshake,"SF Bay Area",,2020-05-05,,Recruiting,0,"Series C",74,"United States",5/10/2020
Handshake,"SF Bay Area",100.0,2025-10-14,0.15,Recruiting,0,"Series F",434,"United States",10/15/2025
Happay,"Bengaluru, Non-U.S.",160.0,2023-05-12,0.35,Finance,0,Acquired,21,India,5/15/2023
"Happy Money","Los Angeles",158.0,2022-11-30,0.34,Finance,0,"Series D",191,"United States",12/1/2022
Harappa,"New Delhi, Non-U.S.",60.0,2023-01-03,0.3,Education,0,Acquired,0,India,1/4/2023
Hash,"Sao Paulo, Non-U.S.",58.0,2022-08-01,0.5,Finance,0,"Series C",58,Brazil,8/3/2022
HashiCorp,"SF Bay Area",,2023-06-07,0.08,Infrastructure,0,Post-IPO,349,"United States",6/7/2023
HashiCorp,"SF Bay Area",69.0,2023-01-11,,Security,0,Post-IPO,349,"United States",1/12/2023
Haus,"SF Bay Area",,2022-08-09,1.0,Food,0,Seed,7,"United States",8/10/2022
"Haven Technologies","New York City",280.0,2023-06-01,0.7,Finance,0,Subsidiary,0,"United States",6/2/2023
Havenly,Denver,5.0,2020-07-01,,Consumer,0,"Series C",58,"United States",7/2/2020
"Head Digital Works","Hyderabad, Non-U.S.",500.0,2025-09-04,,Consumer,0,"Private Equity",74,India,9/8/2025
Headspace,"Los Angeles",,2024-11-20,0.13,Healthcare,0,Unknown,216,"United States",11/28/2024
Headspace,"Los Angeles",181.0,2023-06-29,0.15,Healthcare,0,Unknown,216,"United States",6/30/2023
Headspace,"Los Angeles",50.0,2022-12-14,0.04,Healthcare,0,Unknown,215,"United States",12/15/2022
"Health IQ","SF Bay Area",,2022-12-19,,Healthcare,0,"Series D",136,"United States",12/24/2022
Healthcare.com,Miami,149.0,2022-08-03,,Healthcare,0,"Series C",244,"United States",8/4/2022
HealthifyMe,Bengaluru,150.0,2022-12-03,,Fitness,0,"Series C",100,India,12/4/2022
HealthifyMe,"Bengaluru, Non-U.S.",150.0,2024-04-27,0.27,Healthcare,0,"Series D",130,India,4/29/2024
HealthMatch,"Sydney, Non-U.S.",18.0,2022-06-28,0.5,Healthcare,0,"Series B",20,Australia,6/29/2022
Healthy.io,"Tel Aviv, Non-U.S.",40.0,2024-09-22,0.3,Healthcare,0,"Series D",185,Israel,9/24/2024
Healthy.io,"Tel Aviv, Non-U.S.",70.0,2023-05-03,0.33,Healthcare,0,"Series D",185,Israel,5/3/2023
Hedvig,"Stockholm, Non-U.S.",12.0,2022-09-01,,Finance,0,"Series B",67,Sweden,9/1/2022
HelloFresh,"SF Bay Area",273.0,2025-03-17,,Food,0,Post-IPO,367,"United States",3/18/2025
HelloFresh,"SF Bay Area",611.0,2022-10-10,,Food,0,Post-IPO,367,"United States",10/16/2022
"Help Scout",Boston,,2022-11-01,,Support,0,"Series B",28,"United States",11/12/2022
Help.com,Austin,16.0,2020-03-16,1.0,Support,0,Seed,6,"United States",4/16/2020
"Her Campus Media",Boston,10.0,2020-06-10,0.18,Media,0,Unknown,0,"United States",6/10/2020
Here,Miami,,2024-01-08,1.0,"Real Estate",0,Seed,5,"United States",1/9/2024
HerMD,Cincinnati,,2025-02-24,1.0,Healthcare,0,"Series A",28,"United States",2/26/2025
Heroes,"London, Non-U.S.",24.0,2022-07-15,0.2,Retail,0,Unknown,265,"United Kingdom",7/15/2022
"Heureka Group","Prague, Non-U.S.",100.0,2024-04-23,0.16,Retail,0,Acquired,0,"Czech Republic",4/24/2024
"Hewlett Packard Enterprise","SF Bay Area",2500.0,2025-03-06,0.05,Hardware,0,Post-IPO,1400,"United States",3/7/2025
"Hewlett Packard Enterprise","SF Bay Area",52.0,2025-11-05,,Hardware,0,Post-IPO,1400,"United States",11/7/2025
Heycar,"Berlin, Non-U.S.",73.0,2023-01-27,,Transportation,0,Unknown,0,Germany,1/31/2023
Heygo,"London, Non-U.S.",,2023-04-13,1.0,Travel,0,"Series A",20,"United Kingdom",4/14/2023
HeyJobs,"Berlin, Non-U.S.",90.0,2025-01-15,,Recruiting,0,"Series B",62,Germany,2/2/2025
Hibob,"Tel Aviv, Non-U.S.",70.0,2020-03-30,0.3,HR,0,"Series A",45,Israel,3/31/2020
HighRadius,"Bengaluru, Non-U.S.",25.0,2022-11-09,,Finance,0,"Series C",475,India,12/7/2022
Highsnobiety,"Berlin, Non-U.S.",24.0,2023-07-03,0.1,Media,0,Acquired,8,Germany,7/5/2023
Highsnobiety,"Berlin, Non-U.S.",51.0,2020-04-01,0.25,Media,0,"Series A",9,Germany,4/8/2020
Highspot,Seattle,100.0,2023-02-02,0.1,Sales,0,"Series F",644,"United States",2/3/2023
Highspot,Seattle,140.0,2023-06-08,0.15,Sales,0,"Series F",644,"United States",6/9/2023
Hijra,"Jakarta, Non-U.S.",,2023-09-07,,Finance,0,Unknown,67,Indonesia,9/8/2023
Hike,"New Delhi, Non-U.S.",,2025-09-13,1.0,Consumer,0,Unknown,261,India,9/15/2025
Hike,"New Delhi, Non-U.S.",55.0,2023-08-10,,Consumer,0,Unknown,261,India,8/11/2023
"Hims & Hers","SF Bay Area",68.0,2025-05-30,0.04,Healthcare,0,Post-IPO,1200,"United States",6/5/2025
"Hinge Health","SF Bay Area",,2024-04-11,0.1,Healthcare,0,"Series E",826,"United States",4/12/2024
Hipcamp,"SF Bay Area",,2020-04-20,0.6,Travel,0,"Series B",41,"United States",8/27/2020
"Hippo Insurance","SF Bay Area",120.0,2023-10-26,0.2,Finance,0,Post-IPO,1300,"United States",10/27/2023
"Hippo Insurance","SF Bay Area",70.0,2022-08-31,0.1,Finance,0,Post-IPO,1300,"United States",8/31/2022
Hirect,"Bengaluru, Non-U.S.",200.0,2022-11-28,0.4,Recruiting,0,"Series A",0,India,11/29/2022
Hired,"SF Bay Area",,2020-06-30,,Recruiting,0,"Series D",132,"United States",7/9/2020
Hireology,Chicago,36.0,2020-05-12,0.17,Recruiting,0,"Series D",52,"United States",5/13/2020
Hodinkee,"New York City",24.0,2023-09-05,0.2,Retail,0,Seed,40,"United States",9/6/2023
Hodlnaut,"Singapore, Non-U.S.",40.0,2022-08-19,0.8,Crypto,0,Unknown,0,Singapore,8/20/2022
Hologram,Chicago,,2024-01-12,,Infrastructure,0,Unknown,82,"United States",1/18/2024
Hologram,Chicago,80.0,2022-06-09,0.4,Infrastructure,0,"Series B",82,"United States",6/9/2022
Homebot,Denver,18.0,2022-12-19,0.13,"Real Estate",0,Acquired,4,"United States",1/20/2023
Homebound,"SF Bay Area",,2022-12-02,,"Real Estate",0,Unknown,128,"United States",12/3/2022
Homeday,"Berlin, Non-U.S.",40.0,2023-09-12,0.2,"Real Estate",0,Unknown,71,Germany,9/13/2023
HomeLane,"Bengaluru, Non-U.S.",30.0,2023-03-06,,Retail,0,"Series E",116,India,4/8/2023
HomeLight,"SF Bay Area",,2022-06-29,0.19,"Real Estate",0,"Series D",743,"United States",6/30/2022
Homepoint,Phoenix,113.0,2022-11-17,,"Real Estate",0,Post-IPO,0,"United States",11/19/2022
Hometap,Boston,,2023-03-15,,"Real Estate",0,Unknown,172,"United States",3/18/2023
Homeward,Austin,,2022-08-10,0.2,"Real Estate",0,"Series B",160,"United States",8/10/2022
Homeward,Austin,,2022-11-16,0.25,"Real Estate",0,Unknown,501,"United States",11/19/2022
Homie,"Salt Lake City",,2023-11-06,,"Real Estate",0,"Series B",35,"United States",11/7/2023
Homie,"Salt Lake City",,2024-04-19,,"Real Estate",0,"Series B",35,"United States",4/20/2024
Homie,"Salt Lake City",119.0,2022-02-14,0.29,"Real Estate",0,"Series B",35,"United States",2/11/2022
Homie,"Salt Lake City",40.0,2022-10-04,0.13,"Real Estate",0,"Series B",35,"United States",10/6/2022
Homology,Boston,,2023-07-28,,Healthcare,0,Post-IPO,187,"United States",7/29/2023
Honor,"SF Bay Area",,2023-06-27,0.15,Healthcare,0,Unknown,625,"United States",1/31/2024
HOOQ,"Singapore, Non-U.S.",250.0,2020-03-27,1.0,Consumer,0,Unknown,95,Singapore,4/18/2020
"Hooray Foods","SF Bay Area",,2023-09-17,1.0,Food,0,Seed,7,"United States",9/21/2023
Hootsuite,"Vancouver, Non-U.S.",,2025-10-27,0.2,Marketing,0,"Series C",300,Canada,10/28/2025
Hootsuite,"Vancouver, Non-U.S.",400.0,2022-08-09,0.3,Marketing,0,"Series C",300,Canada,8/9/2022
Hootsuite,"Vancouver, Non-U.S.",50.0,2022-11-01,0.05,Marketing,0,"Series C",300,Canada,11/1/2022
Hootsuite,"Vancouver, Non-U.S.",70.0,2023-01-18,0.07,Marketing,0,"Series C",300,Canada,1/18/2023
Hopin,"London, Non-U.S.",,2024-05-07,,Other,0,"Series D",1000,"United Kingdom",5/9/2024
Hopin,"London, Non-U.S.",,2022-11-16,0.17,Other,0,"Series D",1000,"United Kingdom",11/17/2022
Hopin,"London, Non-U.S.",138.0,2022-02-10,0.12,Other,0,"Series D",1000,"United Kingdom",2/11/2022
Hopin,"London, Non-U.S.",242.0,2022-07-11,0.29,Other,0,"Series D",1000,"United Kingdom",7/11/2022
Hopper,Boston,,2020-04-06,,Travel,0,"Series D",183,"United States",4/6/2020
Hopper,"Montreal, Non-U.S.",,2024-11-22,,Travel,0,Unknown,730,Canada,11/24/2024
Hopper,"Montreal, Non-U.S.",250.0,2023-10-04,0.3,Travel,0,Unknown,730,Canada,10/4/2023
HopSkipDrive,"Los Angeles",,2020-08-12,,Transportation,0,Unknown,45,"United States",8/13/2020
HopSkipDrive,"Los Angeles",8.0,2020-03-13,0.1,Transportation,0,Unknown,45,"United States",4/3/2020
"Horizn Studios","Berlin, Non-U.S.",15.0,2020-04-24,0.25,Travel,0,"Series B",30,Germany,4/27/2020
Hotmart,"Belo Horizonte, Non-U.S.",,2026-07-06,0.1,Marketing,0,"Series C",127,Brazil,7/11/2026
Hotmart,"Belo Horizonte, Non-U.S.",227.0,2022-10-20,0.12,Marketing,0,"Series C",127,Brazil,10/22/2022
Houzz,"SF Bay Area",155.0,2020-04-21,0.1,Consumer,0,"Series E",613,"United States",4/21/2020
Houzz,"SF Bay Area",95.0,2022-12-07,0.08,Consumer,0,"Series E",613,"United States",12/21/2022
Hoxhunt,"Helsinki, Non-U.S.",,2023-01-29,,Security,0,"Series B",43,Finland,2/1/2023
HP,"SF Bay Area",2000.0,2025-02-28,,Hardware,0,Post-IPO,0,"United States",11/27/2025
HP,"SF Bay Area",4000.0,2025-11-25,,Hardware,0,Post-IPO,0,"United States",3/1/2025
HP,"Tel Aviv, Non-U.S.",100.0,2023-02-19,,Hardware,0,Post-IPO,4200,Israel,2/20/2023
Huawei,"Shenzen, Non-U.S.",,2022-10-16,,Hardware,0,Unknown,0,China,2/6/2023
Huawei,"Tel Aviv, Non-U.S.",50.0,2026-02-15,,Hardware,0,Unknown,0,Israel,2/18/2026
Hubba,"Toronto, Non-U.S.",45.0,2021-02-01,1.0,Retail,0,"Series B",61,Canada,2/3/2021
HubHaus,"SF Bay Area",,2020-09-11,1.0,"Real Estate",0,"Series A",13,"United States",9/12/2020
Hubilo,"SF Bay Area",45.0,2022-07-12,0.12,Marketing,0,"Series B",153,"United States",7/13/2022
Hubilo,"SF Bay Area",115.0,2023-01-19,0.35000000000000003,Other,0,"Series B",153,"United States",1/20/2023
Hubilo,"SF Bay Area",50.0,2023-10-30,,Other,0,"Series B",153,"United States",11/2/2023
HubSpot,Boston,,2024-01-24,,Marketing,0,Post-IPO,100,"United States",1/25/2024
HubSpot,Boston,500.0,2023-01-31,0.07,Marketing,0,Post-IPO,100,"United States",1/31/2023
HuffPo,"New York City",47.0,2021-03-09,,Media,0,Acquired,37,"United States",3/9/2021
"Hugging Face","New York City",10.0,2025-02-05,0.04,AI,0,"Series D",395,"United States",2/6/2025
Hulu,"Beijing, Non-U.S.",200.0,2023-03-30,,Media,0,Acquired,683,China,3/31/2023
Huma,"London, Non-U.S.",45.0,2023-08-30,0.1,Healthcare,0,Unknown,217,"United Kingdom",8/30/2023
Humane,"SF Bay Area",10.0,2024-01-09,0.04,Hardware,0,"Series C",230,"United States",1/10/2024
HumanForest,"London, Non-U.S.",,2020-09-25,,Transportation,0,"Private Equity",2,"United Kingdom",9/28/2020
Humble,"SF Bay Area",10.0,2022-04-15,,Media,0,Acquired,4,"United States",6/14/2022
"Humble Games","SF Bay Area",36.0,2024-07-23,1.0,Media,0,Acquired,4,"United States",7/29/2024
Humu,"SF Bay Area",26.0,2020-04-02,,HR,0,"Series B",40,"United States",4/3/2020
Hunty,"Bogota, Non-U.S.",30.0,2022-06-14,,HR,0,Seed,6,Colombia,6/15/2022
Huobi,"Beijing, Non-U.S.",275.0,2023-01-06,0.2,Crypto,0,Unknown,2,China,1/6/2023
Huobi,"Beijing, Non-U.S.",300.0,2022-06-28,0.3,Crypto,0,Unknown,2,China,6/29/2022
"Huuuge Games","Warsaw, Non-U.S.",,2023-03-20,0.1,Consumer,0,"Series C",57,Poland,3/21/2023
Hydrow,Boston,,2022-07-18,0.35000000000000003,Fitness,0,"Series D",269,"United States",7/20/2022
Hydrow,Boston,30.0,2023-01-19,,Fitness,0,"Series D",269,"United States",1/21/2023
"Hyland Software",Cleveland,1000.0,2023-04-03,0.2,Other,0,Acquired,0,"United States",4/4/2023
Hypefast,"Jakarta, Non-U.S.",,2023-08-22,0.3,Retail,0,"Series A",33,Indonesia,8/25/2023
"Hyperloop One","Los Angeles",,2023-12-21,1.0,Transportation,0,Unknown,368,"United States",12/22/2023
Hyperscience,"New York City",100.0,2022-03-03,0.25,Data,0,"Series E",289,"United States",3/4/2022
IAC,"New York City",330.0,2024-01-10,,Consumer,0,Post-IPO,0,"United States",1/13/2024
IAC,"New York City",77.0,2026-04-08,0.02,Consumer,0,Post-IPO,0,"United States",5/7/2026
"IAM Robotics",Pittsburgh,,2023-01-19,,Hardware,0,Unknown,21,"United States",1/21/2023
IBM,"Beijing, Non-U.S.",1000.0,2024-08-26,,Hardware,0,Post-IPO,0,China,8/28/2024
IBM,"New York City",,2024-03-12,,Hardware,0,Post-IPO,0,"United States",3/17/2024
IBM,"New York City",,2024-09-18,,Hardware,0,Post-IPO,0,"United States",9/21/2024
IBM,"New York City",3900.0,2023-01-25,0.02,Hardware,0,Post-IPO,0,"United States",1/25/2023
IBM,"Tel Aviv, Non-U.S.",,2023-07-17,,Hardware,0,Post-IPO,0,Israel,7/19/2023
Ibotta,Denver,70.0,2025-02-22,0.08,Retail,0,Post-IPO,93,"United States",2/24/2025
Ibotta,Denver,87.0,2020-04-07,0.15,Retail,0,"Series D",85,"United States",4/12/2020
iCAD,Nashua,23.0,2023-03-29,0.28,Healthcare,0,Post-IPO,59,"United States",4/8/2023
ICANN,"Los Angeles",33.0,2024-05-30,0.07,Infrastructure,0,Unknown,0,"United States",6/5/2024
Icertis,Seattle,,2023-01-19,,Legal,0,Unknown,521,"United States",1/20/2023
iCIMS,Holmdel,69.0,2024-08-09,,Recruiting,0,Acquired,93,"United States",8/14/2024
Icon,Austin,,2023-01-24,,Construction,0,"Series B",451,"United States",1/25/2023
Icon,Austin,114.0,2025-01-09,,Construction,0,"Series B",451,"United States",1/12/2025
ID.me,"Washington D.C.",130.0,2022-06-07,,Security,0,Unknown,275,"United States",6/8/2022
Identiq,"Tel Aviv, Non-U.S.",20.0,2024-04-01,0.44,Security,0,"Series A",52,Israel,4/2/2024
Ideoclick,Seattle,40.0,2022-05-04,,Retail,0,"Series A",7,"United States",5/9/2022
iFit,Logan,,2021-12-08,,Fitness,0,"Private Equity",200,"United States",11/22/2022
iFit,Logan,,2022-02-25,,Fitness,0,"Private Equity",200,"United States",11/22/2022
iFit,Logan,300.0,2022-11-14,0.2,Fitness,0,"Private Equity",200,"United States",11/17/2022
Iflix,"Kuala Lumpur, Non-U.S.",50.0,2020-04-04,0.12,Consumer,0,Unknown,348,Malaysia,6/11/2020
iFood,"Sao Paulo, Non-U.S.",355.0,2023-03-01,0.06,Food,0,Subsidiary,2100,Brazil,3/2/2023
Igenous,Seattle,,2020-11-17,,Data,0,"Series C",67,"United States",11/19/2020
Ignite,"SF Bay Area",,2022-07-11,0.5,Crypto,0,"Series A",9,"United States",7/13/2022
Ignition,"Sydney, Non-U.S.",,2023-01-16,0.1,Finance,0,"Series C",74,Australia,1/17/2023
Ike,"SF Bay Area",10.0,2020-04-22,0.14,Transportation,0,"Series A",52,"United States",4/22/2020
Illumina,"San Diego",,2023-06-21,,Healthcare,0,Post-IPO,28,"United States",6/27/2023
Illumina,"San Diego",111.0,2024-02-01,,Healthcare,0,Post-IPO,28,"United States",2/3/2024
Illumina,"San Diego",151.0,2023-08-17,,Healthcare,0,Post-IPO,28,"United States",8/19/2023
Illumina,"San Diego",500.0,2022-11-14,0.05,Healthcare,0,Post-IPO,28,"United States",11/17/2022
"Immersive Labs","Bristol, Non-U.S.",38.0,2022-08-30,0.1,Security,0,"Series C",123,"United Kingdom",9/1/2022
Immutable,"Sydney, Non-U.S.",,2023-02-22,0.11,Crypto,0,"Series C",279,Australia,2/22/2023
Immutable,"Sydney, Non-U.S.",20.0,2022-07-26,0.06,Crypto,0,"Series C",279,Australia,7/28/2022
Impact.com,"Los Angeles",,2022-08-25,0.1,Marketing,0,"Private Equity",361,"United States",8/25/2022
Impact.com,"Los Angeles",40.0,2024-02-05,0.03,Sales,0,"Private Equity",361,"United States",2/6/2024
Impala,"London, Non-U.S.",30.0,2022-06-01,0.35000000000000003,Travel,0,"Series B",32,"United Kingdom",6/10/2022
"Imperfect Foods","SF Bay Area",,2021-09-22,,Food,0,"Series D",229,"United States",6/14/2022
"Imperfect Foods","SF Bay Area",50.0,2022-07-29,,Food,0,"Series D",229,"United States",7/30/2022
Impinj,Seattle,50.0,2024-02-13,0.1,Other,0,Post-IPO,137,"United States",3/14/2024
"Impossible Foods","SF Bay Area",140.0,2023-01-30,0.2,Food,0,"Series H",1900,"United States",1/31/2023
"Impossible Foods","SF Bay Area",50.0,2022-10-06,0.06,Food,0,"Series H",1900,"United States",10/7/2022
Improbable,"London, Non-U.S.",,2022-12-16,0.1,Other,0,Unknown,704,"United Kingdom",12/18/2022
"Inbound Health",Minneapolis,,2025-12-01,1.0,Healthcare,0,"Series B",50,"United States",12/2/2025
"Included Health","SF Bay Area",,2022-07-25,0.06,Healthcare,0,"Series E",272,"United States",7/26/2022
"Incredible Health","SF Bay Area",9.0,2020-04-01,0.4,Healthcare,0,"Series A",15,"United States",4/7/2020
Incredibuild,"Tel Aviv, Non-U.S.",18.0,2024-11-04,0.11,Product,0,Acquired,35,Israel,11/6/2024
Incredibuild,"Tel Aviv, Non-U.S.",40.0,2023-12-05,0.2,Product,0,"Series B",35,Israel,12/7/2023
Increff,"Bengaluru, Non-U.S.",,2023-08-01,0.2,Retail,0,"Series B",17,India,8/2/2023
InDebted,"Sydney, Non-U.S.",40.0,2022-07-26,0.17,Finance,0,"Series B",41,Australia,7/26/2022
Indeed,Austin,,2025-11-05,,HR,0,Acquired,5,"United States",11/8/2025
Indeed,Austin,1000.0,2024-05-13,0.08,HR,0,Acquired,5,"United States",5/13/2024
Indeed,Austin,2200.0,2023-03-22,0.15,HR,0,Acquired,5,"United States",3/22/2023
"Indeed + Glassdoor",Austin,1300.0,2025-07-10,,HR,0,Acquired,5,"United States",7/10/2025
Indigo,Boston,,2024-02-01,,Other,0,"Series F",1200,"United States",2/2/2024
Indigo,Boston,,2023-03-03,,Other,0,"Series F",1200,"United States",3/4/2023
Indigo,Boston,,2023-08-01,,Other,0,"Series F",1200,"United States",8/1/2023
Indigo,Boston,80.0,2021-02-09,,Other,0,"Series F",1200,"United States",2/11/2021
inDrive,"SF Bay Area",,2023-08-01,0.1,Transportation,0,Unknown,387,"United States",8/1/2023
Industrious,"New York City",90.0,2020-04-02,0.2,"Real Estate",0,"Series D",222,"United States",4/3/2020
Infarm,"Berlin, Non-U.S.",50.0,2022-09-14,0.05,Other,0,"Series D",604,Germany,9/15/2022
Infarm,"Berlin, Non-U.S.",500.0,2022-11-28,0.5,Other,0,"Series D",604,Germany,11/29/2022
Infineon,"Munich, Non-U.S.",1400.0,2024-08-05,,Manufacturing,0,Post-IPO,1500,Germany,8/5/2024
Influitive,"Toronto, Non-U.S.",,2020-04-17,,Marketing,0,Unknown,59,Canada,4/27/2020
InfluxData,"SF Bay Area",65.0,2022-11-10,0.27,Data,0,"Series D",119,"United States",11/12/2022
Infogrid,"London, Non-U.S.",,2022-11-16,,Other,0,"Series A",15,"United Kingdom",12/3/2022
Informatica,"SF Bay Area",35.0,2026-01-15,,Data,0,Post-IPO,0,"United States",6/19/2026
Informatica,"SF Bay Area",450.0,2023-01-10,0.07,Data,0,Post-IPO,0,"United States",1/10/2023
Informatica,"SF Bay Area",545.0,2023-11-01,0.1,Data,0,Post-IPO,0,"United States",11/2/2023
InfoSum,"London, Non-U.S.",20.0,2022-10-19,0.12,Security,0,"Series B",88,"United Kingdom",11/10/2022
Inmobi,"Bengaluru, Non-U.S.",125.0,2024-01-11,0.05,Marketing,0,Unknown,320,India,1/12/2024
Inmobi,"Bengaluru, Non-U.S.",50.0,2023-01-23,,Marketing,0,Unknown,320,India,1/23/2023
Innovaccer,"SF Bay Area",245.0,2023-01-24,0.15,Healthcare,0,"Series E",379,"United States",1/24/2023
Innovaccer,"SF Bay Area",340.0,2026-05-14,,Healthcare,0,"Series E",379,"United States",5/16/2026
Innovaccer,"SF Bay Area",90.0,2022-09-01,0.08,Healthcare,0,"Series E",379,"United States",9/1/2022
Innovid,"New York City",40.0,2023-01-23,0.1,Marketing,0,Post-IPO,295,"United States",1/24/2023
Innoviz,"Tel Aviv, Non-U.S.",40.0,2025-02-04,0.09,Transportation,0,Post-IPO,547,Israel,12/8/2025
Innoviz,"Tel Aviv, Non-U.S.",60.0,2024-01-31,0.13,Transportation,0,Post-IPO,547,Israel,2/1/2024
Inscribe,"SF Bay Area",,2024-03-08,0.4,Finance,0,"Series B",39,"United States",3/9/2024
Inscripta,Boulder,43.0,2022-12-08,,Healthcare,0,"Series E",459,"United States",12/9/2022
Insider,"New York City",,2023-04-20,0.1,Media,0,Unknown,0,"United States",4/20/2023
"Insider Intelligence","New York City",20.0,2023-06-29,,Media,0,Subsidiary,0,"United States",6/30/2023
InSightec,"Haifa, Non-U.S.",100.0,2023-12-19,0.2,Healthcare,0,Unknown,733,Israel,12/20/2023
Inspectify,Seattle,,2022-11-28,,"Real Estate",0,"Series A",11,"United States",11/30/2022
Inspirato,Denver,109.0,2023-01-18,0.12,Travel,0,Post-IPO,179,"United States",1/20/2023
Inspirato,Denver,130.0,2020-03-16,0.22,Travel,0,"Series C",79,"United States",3/31/2020
Inspirato,Denver,50.0,2023-07-19,0.06,Travel,0,Post-IPO,179,"United States",7/20/2023
Instacart,"SF Bay Area",,2022-09-24,,Food,0,Unknown,2900,"United States",9/26/2022
Instacart,"SF Bay Area",1877.0,2021-01-21,,Food,0,Unknown,2400,"United States",1/21/2021
Instacart,"SF Bay Area",250.0,2024-02-13,0.07,Food,0,Post-IPO,2900,"United States",2/13/2024
Instagram,"SF Bay Area",60.0,2024-01-10,,Consumer,0,Acquired,57,"United States",1/12/2024
Instamojo,"Bengaluru, Non-U.S.",6.0,2020-04-02,0.06,Finance,0,Unknown,8,India,4/12/2020
Instructure,"Salt Lake City",150.0,2020-05-27,0.12,Education,0,Acquired,89,"United States",5/27/2020
InsurStaq.ai,"New Delhi, Non-U.S.",,2024-09-09,1.0,AI,0,Seed,0,India,9/10/2024
Intapp,"SF Bay Area",45.0,2020-05-18,0.05,Legal,0,"Private Equity",0,"United States",5/19/2020
"Integral Ad Science","New York City",120.0,2022-12-07,0.13,Marketing,0,Acquired,116,"United States",12/8/2022
"Integral Ad Science","New York City",70.0,2020-05-14,0.1,Marketing,0,Acquired,116,"United States",5/14/2020
Integrate,Phoenix,,2023-01-07,,Marketing,0,Acquired,80,"United States",3/21/2023
Integrate.ai,"Toronto, Non-U.S.",26.0,2020-06-09,,Support,0,Unknown,40,Canada,6/30/2020
Intel,Sacramento,,2025-06-24,,Hardware,0,Post-IPO,12,"United States",6/25/2025
Intel,Sacramento,,2026-07-20,,Hardware,0,Post-IPO,12,"United States",7/22/2026
Intel,Sacramento,22000.0,2025-04-23,0.2,Hardware,0,Post-IPO,12,"United States",4/23/2025
Intel,Sacramento,311.0,2023-12-21,,Hardware,0,Post-IPO,12,"United States",12/19/2023
Intel,Sacramento,5000.0,2025-07-11,,Hardware,0,Post-IPO,12,"United States",7/17/2025
Intel,Sacramento,58.0,2025-02-04,,Hardware,0,Post-IPO,12,"United States",2/21/2025
Intel,"SF Bay Area",140.0,2023-08-17,,Hardware,0,Post-IPO,12,"United States",8/19/2023
Intel,"SF Bay Area",15000.0,2024-08-01,0.15,Hardware,0,Post-IPO,12,"United States",8/1/2024
Intel,"SF Bay Area",201.0,2022-12-06,,Hardware,0,Post-IPO,12,"United States",12/30/2022
Intel,"SF Bay Area",343.0,2023-01-30,,Hardware,0,Post-IPO,12,"United States",1/31/2023
Intel,"SF Bay Area",62.0,2024-04-09,,Hardware,0,Post-IPO,12,"United States",4/12/2024
Intel,"Tel Aviv, Non-U.S.",,2025-06-17,,Hardware,0,Post-IPO,12,Israel,7/17/2025
IntelyCare,Boston,,2023-07-10,,Healthcare,0,"Series C",171,"United States",7/11/2023
Intercom,"SF Bay Area",124.0,2022-11-14,0.13,Support,0,"Series D",240,"United States",11/14/2022
Intercom,"SF Bay Area",39.0,2020-05-20,0.06,Support,0,"Series D",240,"United States",5/20/2020
Intercom,"SF Bay Area",49.0,2022-09-07,0.05,Support,0,"Series D",240,"United States",9/8/2022
Intersect,"Toronto, Non-U.S.",19.0,2020-05-13,0.11,Product,0,Acquired,0,Canada,5/13/2020
"Interview Kickstart","SF Bay Area",50.0,2026-05-29,,Education,0,Unknown,10,"United States",6/3/2026
Intrinsic,"SF Bay Area",40.0,2023-01-11,0.2,Other,0,Acquired,0,"United States",1/12/2023
Introhive,"Ferdericton, Non-U.S.",57.0,2022-07-20,0.16,Sales,0,"Series C",125,Canada,7/22/2022
Intuit,"SF Bay Area",1800.0,2024-07-10,0.1,Finance,0,Post-IPO,18,"United States",7/10/2024
Intuit,"SF Bay Area",3000.0,2026-05-20,0.17,Finance,0,Post-IPO,18,"United States",5/20/2026
Intuit,"SF Bay Area",715.0,2020-06-22,0.07,Finance,0,Post-IPO,18,"United States",6/22/2020
Inuitive,"Ra'anana, Non-U.S.",16.0,2024-08-15,0.2,Manufacturing,0,Unknown,23,Israel,8/16/2024
InvestCloud,"Los Angeles",150.0,2026-03-10,,Finance,0,"Private Equity",54,"United States",3/17/2026
InvestCloud,"Los Angeles",80.0,2023-10-06,0.05,Finance,0,"Private Equity",54,"United States",10/6/2023
InVision,"New York City",,2020-08-14,,Product,0,"Series F",350,"United States",8/19/2020
InVision,"New York City",,2022-07-21,0.5,Product,0,"Series F",356,"United States",7/21/2022
InVision,"New York City",,2024-01-04,1.0,Product,0,"Series F",356,"United States",1/5/2024
InVision,"New York City",22.0,2021-10-05,,Product,0,Unknown,356,"United States",5/7/2022
Invitae,"SF Bay Area",1000.0,2022-07-19,,Healthcare,0,Post-IPO,2000,"United States",7/19/2022
Invitae,"SF Bay Area",235.0,2023-12-13,0.15,Healthcare,0,Post-IPO,2500,"United States",12/15/2023
Involves,"FlorianÃ³polis, Non-U.S.",70.0,2022-07-13,0.18,Retail,0,Unknown,23,Brazil,7/20/2022
"iPrice Group","Kuala Lumpur",50.0,2022-06-08,0.2,Retail,0,Unknown,26,Malaysia,6/30/2022
"iQiyi Smart","Beijing, Non-U.S.",,2023-08-14,,Other,0,"Series C",0,China,8/15/2023
Iress,"Melbourne, Non-U.S.",,2023-04-20,0.1,Finance,0,Unknown,0,Australia,9/24/2023
"Iris Nova","New York City",9.0,2020-03-30,0.5,Food,0,Seed,15,"United States",4/1/2020
IRL,"SF Bay Area",,2023-06-23,1.0,Consumer,0,"Series C",197,"United States",6/25/2023
IRL,"SF Bay Area",25.0,2022-06-02,0.25,Consumer,0,"Series C",197,"United States",6/2/2022
iRobot,Boston,105.0,2024-11-06,0.16,Consumer,0,Post-IPO,30,"United States",11/7/2024
iRobot,Boston,140.0,2022-08-05,0.1,Consumer,0,Acquired,30,"United States",8/5/2022
iRobot,Boston,350.0,2024-01-29,0.31,Consumer,0,Post-IPO,30,"United States",1/29/2024
iRobot,Boston,85.0,2023-02-13,0.07,Consumer,0,Acquired,30,"United States",2/14/2023
"Iron Ox","SF Bay Area",50.0,2022-11-02,0.5,Food,0,"Series C",103,"United States",11/3/2022
IronNet,"Washington D.C.",,2023-10-02,1.0,Security,0,Post-IPO,428,"United States",10/4/2023
IronNet,"Washington D.C.",55.0,2022-06-22,0.17,Security,0,Post-IPO,410,"United States",6/25/2022
IronNet,"Washington D.C.",90.0,2022-06-22,0.35000000000000003,Security,0,Post-IPO,410,"United States",9/17/2022
iSpecimen,Boston,,2023-09-06,0.2,Healthcare,0,Post-IPO,31,"United States",9/9/2023
"Jam City","Los Angeles",200.0,2022-08-04,0.17,Consumer,0,Unknown,652,"United States",8/4/2022
"Jam City","Los Angeles",85.0,2024-08-05,0.1,Consumer,0,Unknown,652,"United States",8/5/2024
Jama,Portland,12.0,2020-03-25,0.05,Product,0,Unknown,233,"United States",3/28/2020
Jamf,Minneapolis,,2024-01-25,0.06,Other,0,Post-IPO,332,"United States",1/25/2024
Jamf,Minneapolis,166.0,2025-07-15,0.06,Other,0,Post-IPO,332,"United States",7/15/2025
Jane,Lehi,,2023-11-17,1.0,Retail,0,"Series A",40,"United States",11/22/2023
Jasper,"Montreal, Non-U.S.",,2023-07-11,,AI,0,"Series A",131,Canada,7/14/2023
"Jasper Health",Boise,,2024-05-31,,Healthcare,0,"Series A",32,"United States",6/1/2024
JD.ID,"Jakarta, Non-U.S.",200.0,2022-12-14,0.3,Retail,0,Post-IPO,5100,Indonesia,12/15/2022
Jellyfish,Boston,,2023-01-13,0.09,Product,0,"Series C",114,"United States",1/14/2023
Jellysmack,"New York City",,2022-06-09,0.08,Media,0,"Series C",22,"United States",6/10/2022
Jellysmack,"New York City",22.0,2024-10-21,,Media,0,"Series C",22,France,10/23/2024
Jellysmack,"Paris, Non-U.S.",,2023-12-15,,Media,0,"Series C",22,France,1/20/2024
Jellysmack,"Paris, Non-U.S.",13.0,2023-05-25,,Media,0,"Series C",22,France,1/20/2024
Jellysmack,"Paris, Non-U.S.",208.0,2023-02-15,,Media,0,"Series C",22,France,2/16/2023
Jellysmack,"Paris, Non-U.S.",30.0,2024-01-23,,Media,0,"Series C",22,France,10/23/2024
JetClosing,Seattle,,2022-06-15,1.0,"Real Estate",0,"Series B",44,"United States",8/2/2022
JetClosing,Seattle,20.0,2020-04-27,0.2,"Real Estate",0,"Series A",24,"United States",4/28/2020
Jetty,"New York City",35.0,2020-04-03,0.4,Finance,0,"Series B",40,"United States",4/6/2020
Jimdo,"Hamburg, Non-U.S.",50.0,2022-11-15,0.16,Other,0,Unknown,28,Germany,11/17/2022
Jiobit,Chicago,6.0,2020-04-24,0.21,Consumer,0,Unknown,12,"United States",4/25/2020
JiviAI,"Gurugram, Non-U.S.",,2026-06-26,1.0,Healthcare,0,Seed,0,India,6/27/2026
Jobcase,Boston,39.0,2020-04-02,0.2,Recruiting,0,"Private Equity",118,"United States",4/2/2020
Jodo,"Bengaluru, Non-U.S.",100.0,2023-11-20,,Finance,0,"Series A",19,India,11/20/2023
JOIN,"Berlin, Non-U.S.",,2023-08-23,,Recruiting,0,Unknown,0,Germany,8/25/2023
JOKR,"New York City",50.0,2022-06-16,0.05,Food,0,"Series B",430,"United States",6/19/2022
Joonko,"New York City",,2024-05-19,1.0,HR,0,"Series B",38,"United States",5/23/2024
Joonko,"New York City",,2023-06-25,1.0,Recruiting,0,"Series B",38,"United States",6/27/2023
"Jounce Therapeutics",Boston,,2023-02-22,0.57,Healthcare,0,Acquired,194,"United States",2/26/2023
Journera,Chicago,,2024-02-08,1.0,Travel,0,"Series B",31,"United States",2/10/2024
Jumia,"Lagos, Non-U.S.",200.0,2026-05-13,,Retail,0,Post-IPO,1200,Nigeria,5/15/2026
Jumia,"Lagos, Non-U.S.",900.0,2022-11-21,0.2,Retail,0,Post-IPO,1200,Nigeria,12/21/2022
Jumio,"SF Bay Area",100.0,2023-01-11,0.06,Security,0,"Private Equity",205,"United States",1/12/2023
Jump,"New York City",500.0,2020-05-07,1.0,Transportation,0,Acquired,11,"United States",5/8/2020
Jumpcloud,Boulder,100.0,2023-01-18,0.12,Security,0,"Series F",416,"United States",1/18/2023
"Jungle Scout",Austin,,2023-12-09,,Retail,0,"Private Equity",110,"United States",12/12/2023
"Junglee Games","New Delhi, Non-U.S.",350.0,2025-11-26,,Consumer,0,Seed,3,India,12/9/2025
Juni,"Gothenburg, Non-U.S.",72.0,2022-11-17,0.33,Finance,0,Unknown,281,Sweden,11/19/2022
Juniper,Atlanta,,2022-11-11,,Marketing,0,Acquired,0,"United States",11/17/2022
"Juniper Networks","SF Bay Area",440.0,2023-10-06,0.04,Hardware,0,Post-IPO,39,"United States",1/9/2024
"Juniper Square","SF Bay Area",,2022-09-06,0.14,"Real Estate",0,"Series C",108,"United States",9/6/2022
JupiterOne,Raleigh,8.0,2023-06-13,,Security,0,"Series C",119,"United States",6/14/2023
"Just Eat","Amsterdam, Non-U.S.",300.0,2024-11-07,0.02,Food,0,Acquired,129,Netherlands,11/8/2024
"Just Eat","Amsterdam, Non-U.S.",450.0,2025-09-25,0.05,Food,0,Acquired,129,Netherlands,9/29/2025
"Just Eat","London, Non-U.S.",1700.0,2023-03-21,,Food,0,Acquired,0,"United Kingdom",3/21/2023
"Just Eat Takeaway","Amsterdam, Non-U.S.",390.0,2022-07-20,,Food,0,Post-IPO,2800,Netherlands,7/20/2022
Justworks,"New York City",200.0,2025-02-10,,HR,0,Unknown,160,"United States",2/11/2025
Juul,"SF Bay Area",400.0,2022-11-10,0.3,Consumer,0,Unknown,1500,"United States",11/10/2022
Juul,"SF Bay Area",900.0,2020-05-05,0.3,Consumer,0,Unknown,1500,"United States",5/6/2020
Kabam,"SF Bay Area",,2023-05-25,0.12,Consumer,0,Acquired,244,"United States",5/26/2023
Kabam,"SF Bay Area",35.0,2022-11-09,0.07,Consumer,0,Acquired,244,"United States",11/9/2022
Kaiyo,"New York City",,2024-08-21,1.0,Retail,0,"Series B",43,"United States",8/22/2024
Kaleidoscope,Minneapolis,15.0,2023-03-14,0.3,Finance,0,"Series A",16,"United States",3/17/2023
Kaltura,"New York City",,2022-08-09,0.1,Media,0,Post-IPO,166,"United States",8/9/2022
Kaltura,"New York City",70.0,2025-08-07,0.1,Media,0,Post-IPO,166,"United States",8/10/2025
Kaltura,"New York City",75.0,2023-01-04,0.11,Media,0,Post-IPO,166,"United States",1/6/2023
Kandela,"Los Angeles",,2023-03-02,1.0,Consumer,0,Acquired,0,"United States",3/5/2023
Kandji,"San Diego",,2024-02-09,,Other,0,"Series C",188,"United States",2/12/2024
Kandji,"San Diego",,2022-11-17,0.17,Other,0,"Series C",188,"United States",11/19/2022
Kaodim,"Selangor, Non-U.S.",,2022-06-02,1.0,Consumer,0,"Series B",17,Malaysia,6/11/2022
Kape,"London, Non-U.S.",180.0,2023-07-28,,Security,0,Post-IPO,188,"United Kingdom",8/5/2023
"Kape Technologies","London, Non-U.S.",200.0,2023-07-30,0.3,Security,0,Post-IPO,188,"United Kingdom",7/30/2023
"Kapten / Free Now","Paris, Non-U.S.",,2020-05-21,,Transportation,0,Acquired,100,France,5/28/2020
Karakuki,"London, Non-U.S.",,2023-06-20,1.0,Food,0,Unknown,13,"United Kingdom",6/22/2023
Karat,Seattle,47.0,2023-01-20,,HR,0,Unknown,169,"United States",1/21/2023
Karat,Seattle,47.0,2023-06-28,,HR,0,Unknown,169,"United States",6/30/2023
"Karat Financial","Los Angeles",,2023-10-27,,Finance,0,"Series B",116,"United States",10/27/2023
Karbon,"SF Bay Area",,2022-09-12,0.23,Other,0,"Series B",91,"United States",9/15/2022
Karhoo,"London, Non-U.S.",,2024-05-16,1.0,Transportation,0,Acquired,39,"United Kingdom",6/3/2024
Karma,"Tel Aviv, Non-U.S.",20.0,2023-05-04,0.28,Retail,0,"Series A",34,Israel,5/5/2023
Karshare,"London, Non-U.S.",,2023-06-16,1.0,Transportation,0,Seed,4,"United Kingdom",6/17/2023
Kaseya,Miami,,2024-04-03,,Security,0,Unknown,547,"United States",4/5/2024
Kaseya,Miami,200.0,2025-10-23,,Security,0,"Private Equity",547,"United States",1/13/2026
Kaseya,Miami,250.0,2026-01-08,0.05,Security,0,"Private Equity",547,"United States",1/13/2026
Kaspersky,Boston,,2024-07-16,,Security,0,"Private Equity",0,"United States",7/17/2024
Kaspien,Seattle,,2023-12-19,1.0,Retail,0,Post-IPO,52,"United States",12/22/2023
Katana,"Tallinn, Non-U.S.",75.0,2025-04-24,,Other,0,"Series B",67,Estonia,5/20/2026
Katerra,"SF Bay Area",240.0,2020-04-02,0.03,Construction,0,"Series D",1200,"United States",4/4/2020
Katerra,"SF Bay Area",2434.0,2021-06-01,1.0,Construction,0,Unknown,1600,"United States",6/1/2021
Katerra,"SF Bay Area",400.0,2020-06-29,0.07,Construction,0,"Series E",1300,"United States",6/30/2020
Kavak,"Sao Paulo, Non-U.S.",,2022-11-18,,Transportation,0,"Series E",1600,Brazil,11/20/2022
Kavak,"Sao Paulo, Non-U.S.",150.0,2022-06-08,,Transportation,0,"Series E",1600,Brazil,6/9/2022
"Kayak / OpenTable",Stamford,160.0,2020-04-29,0.08,Travel,0,Acquired,229,"United States",4/30/2020
"Kayak / OpenTable",Stamford,80.0,2023-10-16,,Travel,0,Acquired,229,"United States",10/17/2023
Kazoo,Austin,,2020-03-31,0.35000000000000003,HR,0,"Series A",8,"United States",4/1/2020
Keepe,Seattle,,2022-06-10,,"Real Estate",0,Unknown,6,"United States",6/11/2022
KeepTruckin,"SF Bay Area",349.0,2020-03-31,0.18,Logistics,0,"Series D",227,"United States",4/1/2020
"Kenko Health","Mumbai, Non-U.S.",,2024-08-23,1.0,Healthcare,0,"Series A",14,India,8/28/2024
"Kenko Health","Mumbai, Non-U.S.",50.0,2023-08-29,0.2,Healthcare,0,Unknown,14,India,8/29/2023
"Kenko Health","Mumbai, Non-U.S.",50.0,2023-08-30,0.2,Healthcare,0,"Series A",14,India,9/1/2023
Kenoby,"Sao Paulo, Non-U.S.",18.0,2020-04-08,0.16,Recruiting,0,Unknown,23,Brazil,4/12/2020
Kevin,"Vilnius, Non-U.S.",,2024-02-29,0.14,Finance,0,"Series A",79,Lithuania,3/5/2024
Khatabook,"Bengaluru, Non-U.S.",42.0,2023-09-01,,Finance,0,"Series C",187,India,9/4/2023
Khoros,Austin,,2023-07-13,0.05,Sales,0,"Private Equity",138,"United States",7/19/2023
Khoros,Austin,116.0,2025-06-20,,Sales,0,"Private Equity",138,"United States",6/20/2025
Khoros,Austin,120.0,2022-10-21,0.1,Sales,0,"Private Equity",138,"United States",10/22/2022
Kiavi,"SF Bay Area",39.0,2022-07-14,0.07,"Real Estate",0,"Series E",240,"United States",7/22/2022
Kickstarter,"New York City",25.0,2020-05-13,0.18,Finance,0,Unknown,10,"United States",5/13/2020
Kinaxis,"Ottawa, Non-U.S.",,2024-05-08,0.06,Other,0,Post-IPO,79,Canada,5/23/2024
Kinde,"Sydney, Non-U.S.",8.0,2023-02-20,0.28,Other,0,Seed,10,Australia,2/20/2023
King.com,"Stockholm, Non-U.S.",200.0,2025-07-14,,Consumer,0,Acquired,84,Sweden,7/17/2025
Kissflow,"Chennai, Non-U.S.",45.0,2024-06-10,0.11,Other,0,Unknown,1,India,6/10/2024
Kite,"SF Bay Area",,2022-11-16,1.0,Product,0,"Series A",21,"United States",11/25/2022
Kitopi,"Dubai, Non-U.S.",93.0,2022-11-21,0.1,Food,0,"Series C",804,UAE,11/23/2022
Kitopi,"New York City",124.0,2020-04-29,,Food,0,"Series B",89,"United States",4/29/2020
"Kitty Hawk","SF Bay Area",100.0,2022-09-21,1.0,Aerospace,0,Unknown,1,"United States",9/22/2022
"Kitty Hawk","SF Bay Area",70.0,2020-06-03,,Aerospace,0,Unknown,1,"United States",6/3/2020
Kiwi.com,"Brno, Non-U.S.",216.0,2024-01-30,0.18,Travel,0,Unknown,107,"Czech Republic",1/30/2024
Kiwi.com,"Brno, Non-U.S.",250.0,2026-01-29,0.36,Travel,0,Unknown,107,"Czech Republic",2/3/2026
KiwiCo,"SF Bay Area",40.0,2022-06-07,,Retail,0,Unknown,11,"United States",6/17/2022
Klarna,"Stockholm, Non-U.S.",100.0,2022-09-22,,Finance,0,Unknown,3700,Sweden,9/22/2022
Klarna,"Stockholm, Non-U.S.",700.0,2022-05-23,0.1,Finance,0,Unknown,3700,Sweden,5/23/2022
Klaviyo,Boston,,2025-08-25,,Marketing,0,Unknown,778,"United States",8/25/2025
Klaviyo,Boston,140.0,2023-03-15,,Marketing,0,Unknown,778,"United States",3/16/2023
"Kleos Space","Luxembourg, Raleigh",,2023-07-26,1.0,Aerospace,0,Post-IPO,17,Luxembourg,7/27/2023
Klook,"Hong Kong, Non-U.S.",300.0,2020-04-20,0.15,Travel,0,"Series D",521,"Hong Kong",5/6/2020
Klub,"Bengaluru, Non-U.S.",60.0,2024-11-29,,Finance,0,Unknown,35,India,12/1/2024
Klue,"Vancouver, Non-U.S.",85.0,2025-06-25,0.4,Sales,0,"Series B",83,Canada,6/25/2025
Knock,"New York City",115.0,2022-03-15,0.46,"Real Estate",0,Unknown,654,"United States",3/17/2022
Knotel,"New York City",127.0,2020-03-27,0.3,"Real Estate",0,"Series C",560,"United States",3/28/2020
Knotel,"New York City",20.0,2020-10-29,0.08,"Real Estate",0,"Series C",560,"United States",11/3/2020
KnownOrigin,"Manchester, Non-U.S.",,2024-02-20,0.3,Crypto,0,Acquired,3,"United Kingdom",2/21/2024
Kobo360,"Lagos, Non-U.S.",30.0,2024-11-30,,Logistics,0,"Series B",85,Nigeria,1/21/2025
"Kodiak Robotics","SF Bay Area",15.0,2020-04-15,0.2,Transportation,0,"Series A",40,"United States",4/16/2020
Kogan,"Melbourne, Non-U.S.",,2022-08-23,,Retail,0,Post-IPO,0,Australia,8/25/2022
Koho,"Toronto, Non-U.S.",,2023-02-08,0.14,Finance,0,"Series D",278,Canada,2/8/2023
Koho,"Toronto, Non-U.S.",15.0,2022-11-17,0.04,Finance,0,"Series D",278,Canada,11/20/2022
Koinly,"London, Non-U.S.",16.0,2022-12-06,0.14,Crypto,0,Unknown,0,"United Kingdom",12/7/2022
KoinWorks,"Jakarta, Non-U.S.",70.0,2022-11-04,0.08,Finance,0,Unknown,180,Indonesia,11/27/2022
"Komodo Health","SF Bay Area",23.0,2020-04-20,0.09,Healthcare,0,"Series C",50,"United States",4/21/2020
"Komodo Health","SF Bay Area",78.0,2022-12-13,0.09,Healthcare,0,"Series E",514,"United States",12/13/2022
Konfio,"Mexico City, Non-U.S.",180.0,2022-09-23,,Finance,0,"Series E",706,Mexico,11/10/2022
Kongregate,"SF Bay Area",12.0,2020-07-01,,Media,0,"Series C",19,"United States",7/3/2020
Kontist,"Berlin, Non-U.S.",50.0,2022-05-25,0.25,Finance,0,"Series B",53,Germany,5/25/2022
Koo,"Bengaluru, Non-U.S.",,2024-07-02,1.0,Consumer,0,Unknown,51,India,7/4/2024
Koo,"Bengaluru, Non-U.S.",40.0,2022-08-31,,Consumer,0,"Series B",44,India,9/1/2022
Koo,"Bengaluru, Non-U.S.",78.0,2023-04-20,0.3,Consumer,0,"Series B",50,India,4/20/2023
Kraken,"SF Bay Area",1100.0,2022-11-30,0.3,Crypto,0,Unknown,134,"United States",11/30/2022
Kraken,"SF Bay Area",150.0,2026-05-15,,Crypto,0,Unknown,134,"United States",5/15/2026
Kraken,"SF Bay Area",400.0,2024-10-30,0.15,Crypto,0,Unknown,134,"United States",10/31/2024
Krutrim,"Bengaluru, Non-U.S.",100.0,2025-07-28,,AI,0,Unknown,304,India,7/30/2025
Krutrim,"Bengaluru, Non-U.S.",50.0,2025-09-01,,AI,0,Unknown,304,India,9/2/2025
Kry,"Stockholm, Non-U.S.",100.0,2022-05-17,0.1,Healthcare,0,"Series D",568,Sweden,5/17/2022
Kry,"Stockholm, Non-U.S.",300.0,2022-10-31,0.1,Healthcare,0,"Series D",568,Sweden,11/1/2022
Kuda,"Lagos, Non-U.S.",23.0,2022-09-02,0.05,Finance,0,"Series B",91,Nigeria,9/5/2022
Kueski,"Guadalajara, Non-U.S.",90.0,2020-04-20,0.3,Finance,0,"Series B",38,Mexico,4/21/2020
"Kuku FM","Mumbai, Non-U.S.",80.0,2024-11-14,,Media,0,"Series C",71,India,11/15/2024
Kumu,"Manila, Non-U.S.",,2023-04-17,,Media,0,"Series C",94,Philippines,4/18/2023
Kune,"Nairobi, Non-U.S.",,2022-06-23,1.0,Food,0,Seed,1,Kenya,6/23/2022
kununu,Boston,,2020-08-26,,Recruiting,0,Acquired,0,"United States",9/2/2020
Kyndryl,"New York City",,2023-03-30,,Infrastructure,0,Post-IPO,0,"United States",4/1/2023
Kyruus,Boston,70.0,2023-02-05,,Healthcare,0,Unknown,183,"United States",2/7/2023
Kyte,"SF Bay Area",,2024-10-25,0.4,Transportation,0,Unknown,548,"United States",10/26/2024
Kyte,"SF Bay Area",,2025-08-15,1.0,Transportation,0,Unknown,548,"United States",8/18/2025
L1ght,"Tel Aviv, Non-U.S.",,2023-05-18,1.0,Other,0,Seed,15,Israel,5/19/2023
Labelbox,"SF Bay Area",36.0,2022-08-08,,Data,0,"Series D",188,"United States",8/11/2022
Labster,"Copenhagen, Non-U.S.",40.0,2020-04-17,,Education,0,"Series B",34,Denmark,4/27/2020
Lacework,"SF Bay Area",300.0,2022-05-25,0.2,Security,0,"Series D",1900,"United States",5/25/2022
"Ladder Life","SF Bay Area",13.0,2020-03-23,0.25,Finance,0,"Series C",94,"United States",4/7/2020
Ladenzeile,"Berlin, Non-U.S.",,2024-06-11,1.0,Retail,0,Subsidiary,0,Germany,6/11/2024
"Lam Research","SF Bay Area",1300.0,2023-01-25,0.07,Hardware,0,Post-IPO,0,"United States",2/1/2023
"Lambda School","SF Bay Area",19.0,2020-04-21,,Education,0,"Series B",48,"United States",4/22/2020
"Lambda School","SF Bay Area",65.0,2021-04-29,,Education,0,"Series C",122,"United States",4/30/2021
"Lamudi Indonesia","Jakarta, Non-U.S.",,2023-07-17,,"Real Estate",0,Acquired,56,Indonesia,7/23/2023
Landing,Birmingham,,2023-11-15,,"Real Estate",0,"Series C",347,"United States",11/18/2023
Landing,Birmingham,,2022-12-14,,"Real Estate",0,"Series C",347,"United States",12/15/2022
Landing,Birmingham,110.0,2022-10-06,,"Real Estate",0,"Series C",347,"United States",10/7/2022
Lantern,"Grand Rapids",,2023-01-06,1.0,Retail,0,Seed,40,"United States",1/12/2023
Lastline,"SF Bay Area",50.0,2020-06-04,0.4,Security,0,"Series C",52,"United States",6/4/2020
Lastminute,"Amsterdam, Non-U.S.",400.0,2026-06-17,0.25,Travel,0,Post-IPO,0,Netherlands,6/19/2026
Latch,"New York City",,2023-07-10,0.59,Security,0,Post-IPO,342,"United States",7/11/2023
Latch,"New York City",115.0,2022-08-02,0.37,Security,0,Post-IPO,342,"United States",8/4/2022
Latch,"New York City",130.0,2022-05-20,0.28,Security,0,Post-IPO,342,"United States",5/21/2022
Latch,"New York City",30.0,2022-05-10,0.06,Security,0,Post-IPO,342,"United States",5/12/2022
Latch,"New York City",60.0,2020-04-02,,Security,0,"Series B",152,"United States",4/4/2020
Lattice,"SF Bay Area",105.0,2023-01-12,0.15,HR,0,"Series F",328,"United States",1/12/2023
Lattice,"SF Bay Area",13.0,2022-10-27,,HR,0,"Series F",328,"United States",11/3/2022
Lattice,"SF Bay Area",16.0,2020-05-15,0.1,HR,0,"Series C",49,"United States",5/29/2020
Lawgeex,"Tel Aviv, Non-U.S.",30.0,2022-09-06,0.33,Legal,0,"Series C",41,Israel,9/6/2022
Laybuy,Auckland,45.0,2022-07-28,,Finance,0,Post-IPO,130,"New Zealand",7/29/2022
Laybuy,"Auckland, Non-U.S.",,2023-03-21,0.1,Finance,0,Post-IPO,130,"New Zealand",3/21/2023
"Lazada Group","Singapore, Non-U.S.",,2026-06-23,0.05,Retail,0,Acquired,7200,Singapore,6/23/2026
"Lazada Group","Singapore, Non-U.S.",100.0,2024-01-03,0.3,Retail,0,Acquired,7200,Singapore,1/5/2024
Lazerpay,"Lagos, Non-U.S.",,2022-11-29,,Crypto,0,Unknown,0,Nigeria,11/30/2022
Lazerpay,"Lagos, Non-U.S.",,2023-04-13,1.0,Crypto,0,Unknown,0,Nigeria,4/14/2023
"Le Tote","SF Bay Area",,2020-04-01,0.5,Retail,0,"Series C",62,"United States",4/6/2020
LEAD,"Mumbai, Non-U.S.",60.0,2023-01-10,,Education,0,"Series E",190,India,1/11/2023
LEAD,"Mumbai, Non-U.S.",80.0,2022-08-04,0.04,Education,0,"Series E",166,India,8/4/2022
LeafLink,"New York City",80.0,2022-12-15,0.31,Other,0,"Series C",379,"United States",2/1/2023
Leafly,Seattle,40.0,2023-03-16,0.21,Retail,0,Post-IPO,71,"United States",3/17/2023
Leafly,Seattle,56.0,2022-10-18,0.21,Retail,0,Post-IPO,71,"United States",10/19/2022
Leafly,Seattle,91.0,2020-03-23,0.5,Retail,0,Acquired,2,"United States",3/28/2020
League,"Toronto, Non-U.S.",,2020-05-05,,Healthcare,0,Unknown,76,Canada,5/7/2020
LearnUpon,"Dublin, Non-U.S.",27.0,2023-02-07,0.09,Education,0,"Private Equity",56,Ireland,2/8/2023
LeddarTech,"Quebec, Non-U.S.",138.0,2025-05-22,0.95,Transportation,0,Post-IPO,402,Canada,5/22/2025
Ledger,"Paris, Non-U.S.",,2023-10-05,0.12,Crypto,0,"Series C",577,France,10/6/2023
"Ledger Investing","New York City",,2024-01-08,0.25,Finance,0,"Series B",91,"United States",1/15/2024
Ledn,"Toronto, Non-U.S.",,2022-11-28,,Crypto,0,"Series B",103,Canada,12/19/2022
LegalZoom,Austin,100.0,2023-10-19,,Legal,0,Post-IPO,951,"United States",10/20/2023
LegalZoom,"Los Angeles",,2024-08-07,0.15,Legal,0,Post-IPO,952,"United States",8/8/2024
Legible,"Vancouver, Non-U.S.",23.0,2022-04-04,0.38,Media,0,Post-IPO,3,Canada,4/15/2022
Lemon,"Buenos Aires, Non-U.S.",100.0,2022-11-24,0.38,Crypto,0,"Series A",17,Argentina,11/25/2022
Lemonade,"New York City",45.0,2023-05-16,0.03,Finance,0,Post-IPO,481,"United States",5/16/2023
Lemonade,"New York City",52.0,2022-04-20,,Finance,0,Post-IPO,481,"United States",5/28/2022
Lendi,"Sydney, Non-U.S.",100.0,2023-03-03,,"Real Estate",0,Unknown,59,Australia,3/3/2023
"Lending Club","SF Bay Area",172.0,2023-10-12,0.14,Finance,0,Post-IPO,392,"United States",10/13/2023
"Lending Club","SF Bay Area",225.0,2023-01-12,0.14,Finance,0,Post-IPO,392,"United States",1/12/2023
"Lending Club","SF Bay Area",460.0,2020-04-21,0.3,Finance,0,Post-IPO,392,"United States",4/21/2020
Lendingkart,"Ahmedabad, Non-U.S.",500.0,2020-05-15,0.5,Finance,0,Unknown,200,India,5/15/2020
LendingTree,Charlotte,150.0,2023-03-30,0.13,Finance,0,Post-IPO,0,"United States",4/1/2023
LendingTree,Charlotte,200.0,2022-11-03,,Finance,0,Post-IPO,0,"United States",1/23/2023
Lendio,Lehi,,2024-01-08,,Finance,0,"Series E",108,"United States",1/15/2024
Lendis,"Berlin, Non-U.S.",,2022-12-21,0.5,Other,0,"Series A",90,Germany,12/21/2022
Lendis,"Berlin, Non-U.S.",18.0,2022-07-04,0.15,Other,0,"Series A",90,Germany,7/7/2022
Lenovo,Raleigh,,2022-12-08,,Hardware,0,Post-IPO,850,"United States",12/30/2022
Lenovo,Raleigh,,2023-04-20,,Hardware,0,Post-IPO,850,"United States",4/20/2023
Lenovo,Raleigh,100.0,2025-07-16,0.03,Hardware,0,Post-IPO,850,"United States",7/18/2025
Lentra,"Pune, Non-U.S.",,2024-04-02,,Finance,0,"Series B",104,India,4/3/2024
LetsGetChecked,"New York City",,2022-07-02,,Healthcare,0,"Series D",263,"United States",7/4/2022
Lev,"New York City",30.0,2022-12-07,0.3,"Real Estate",0,"Series B",114,"United States",12/11/2022
Lev,"New York City",34.0,2023-05-01,,"Real Estate",0,"Series B",114,"United States",5/1/2023
Level,"New York City",,2025-01-02,1.0,Finance,0,"Series B",27,"United States",1/4/2025
Levelset,"New Orleans",,2020-04-01,,Construction,0,"Series C",46,"United States",4/9/2020
Lever,"SF Bay Area",,2024-01-05,,Recruiting,0,Acquired,123,"United States",1/7/2024
Lever,"SF Bay Area",86.0,2020-04-08,0.4,Recruiting,0,"Series C",72,"United States",4/9/2020
Lex,"New York City",,2024-07-17,,Consumer,0,Seed,7,"United States",7/18/2024
Licious,"Bengaluru, Non-U.S.",80.0,2024-02-09,0.03,Food,0,"Series F",490,India,2/9/2024
Lido,"Mumbai, Non-U.S.",150.0,2022-02-21,,Education,0,"Series A",24,India,2/22/2022
"Lido Learning","Mumbai, Non-U.S.",,2022-09-09,1.0,Education,0,"Series C",20,India,9/10/2022
Life360,"SF Bay Area",,2026-04-10,,Consumer,0,Post-IPO,158,"United States",4/30/2026
Life360,"SF Bay Area",,2023-01-12,0.14,Consumer,0,Post-IPO,158,"United States",1/13/2023
Liftoff,"SF Bay Area",130.0,2022-11-09,0.15,Marketing,0,Acquired,6,"United States",11/17/2022
"Lighter Capital",Seattle,18.0,2020-04-24,0.22,Finance,0,"Series B",15,"United States",4/27/2020
"Lighter Capital",Seattle,22.0,2020-07-20,0.49,Finance,0,"Series B",15,"United States",7/20/2020
"Lighthouse Labs","Toronto, Non-U.S.",14.0,2020-04-09,0.07,Education,0,Unknown,0,Canada,4/10/2020
Lightico,"Tel Aviv, Non-U.S.",20.0,2022-03-31,,Finance,0,"Series B",42,Israel,2/7/2023
Lightico,"Tel Aviv, Non-U.S.",20.0,2023-02-05,0.25,Finance,0,"Series B",42,Israel,2/7/2023
Lightricks,"Jerusalem, Non-U.S.",70.0,2024-07-01,0.12,Consumer,0,"Series D",335,Israel,7/3/2024
Lightricks,"Jerusalem, Non-U.S.",75.0,2026-06-01,0.17,Consumer,0,"Series D",335,Israel,5/28/2026
Lightricks,"Jerusalem, Non-U.S.",80.0,2022-07-04,0.12,Consumer,0,"Series D",335,Israel,7/4/2022
Lightricks,"Jerusalem, Non-U.S.",85.0,2025-10-27,0.15,Consumer,0,"Series D",335,Israel,11/7/2025
"Lightspeed Commerce","Montreal, Non-U.S.",200.0,2024-12-02,,Retail,0,Post-IPO,1200,Canada,12/3/2024
"Lightspeed Commerce","Montreal, Non-U.S.",280.0,2024-04-03,,Retail,0,Post-IPO,1200,Canada,4/3/2024
"Lightspeed Commerce","Montreal, Non-U.S.",300.0,2023-01-17,0.1,Retail,0,Post-IPO,1200,Canada,1/17/2023
Lilium,"Munich, Non-U.S.",1000.0,2024-12-23,1.0,Aerospace,0,Post-IPO,1400,Germany,12/28/2024
Lime,"SF Bay Area",80.0,2020-04-29,0.13,Transportation,0,"Series D",765,"United States",4/29/2020
Limeade,Seattle,,2023-01-11,0.15,HR,0,"Series C",33,"United States",1/12/2023
Limelight,"New York City",13.0,2021-02-04,1.0,Recruiting,0,Unknown,0,"United States",2/5/2021
LingoAce,"Singapore, Non-U.S.",,2023-08-11,,Education,0,"Series C",180,Singapore,8/15/2023
LinkedIn,"SF Bay Area",,2023-02-13,,Recruiting,0,Acquired,154,"United States",2/13/2023
LinkedIn,"SF Bay Area",202.0,2024-11-21,0.01,Recruiting,0,Acquired,154,"United States",11/24/2024
LinkedIn,"SF Bay Area",660.0,2023-10-16,0.03,Recruiting,0,Acquired,154,"United States",10/16/2023
LinkedIn,"SF Bay Area",716.0,2023-05-08,0.04,Recruiting,0,Acquired,154,"United States",5/9/2023
LinkedIn,"SF Bay Area",875.0,2026-05-13,0.05,Recruiting,0,Acquired,154,"United States",5/13/2026
LinkedIn,"SF Bay Area",960.0,2020-07-21,0.06,Recruiting,0,Acquired,154,"United States",7/21/2020
Linkfire,"Copenhagen, Non-U.S.",35.0,2022-10-11,0.35000000000000003,Marketing,0,Seed,2,Denmark,10/26/2022
LinkSquares,Boston,90.0,2024-02-15,,Legal,0,"Series C",161,"United States",1/5/2025
Linktree,"Melbourne, Non-U.S.",50.0,2022-08-09,0.17,Consumer,0,Unknown,165,Australia,8/9/2022
Linktree,"Melbourne, Non-U.S.",60.0,2023-06-06,0.27,Consumer,0,Unknown,165,Australia,6/6/2023
Liongard,Houston,,2022-06-10,,Infrastructure,0,"Series B",22,"United States",6/11/2022
Lithic,"New York City",27.0,2022-12-07,0.18,Finance,0,"Series C",115,"United States",12/9/2022
"Liv Up","Sao Paulo, Non-U.S.",100.0,2022-02-16,0.15,Food,0,"Series D",118,Brazil,4/27/2022
LivePerson,"New York City",193.0,2022-09-15,0.11,Support,0,Post-IPO,42,"United States",9/16/2022
LivePerson,"New York City",30.0,2020-11-01,,Support,0,Post-IPO,42,"United States",1/21/2023
LiveRamp,"SF Bay Area",,2022-11-03,0.1,Marketing,0,Post-IPO,16,"United States",11/5/2022
LiveRamp,"SF Bay Area",65.0,2025-03-05,0.05,Marketing,0,Post-IPO,16,"United States",3/7/2025
LiveTiles,"New York City",50.0,2020-05-03,,Other,0,Post-IPO,46,"United States",5/9/2020
LiveVox,"SF Bay Area",,2024-01-07,,Support,0,Acquired,12,"United States",1/20/2024
LiveVox,"SF Bay Area",,2023-01-17,0.16,Support,0,Post-IPO,12,"United States",1/21/2023
Livspace,"Bengaluru, Non-U.S.",1000.0,2026-02-20,0.12,Consumer,0,"Series F",482,India,2/22/2026
Livspace,"Bengaluru, Non-U.S.",100.0,2023-03-17,0.02,Retail,0,"Series F",431,India,3/20/2023
Livspace,"Bengaluru, Non-U.S.",450.0,2020-05-19,0.15,Retail,0,"Series D",157,India,5/19/2020
Localize,"New York City",,2024-08-19,,"Real Estate",0,"Series A",40,"United States",8/20/2024
Loco,"Mumbai, Non-U.S.",40.0,2023-11-30,0.36,Consumer,0,Acquired,52,India,12/2/2023
Locomation,Pittsburgh,,2023-02-22,1.0,Transportation,0,Seed,57,"United States",2/23/2023
Loft,"Sao Paulo, Non-U.S.",159.0,2022-04-19,,"Real Estate",0,Unknown,788,Brazil,4/24/2022
Loft,"Sao Paulo, Non-U.S.",312.0,2022-12-07,0.12,"Real Estate",0,Unknown,788,Brazil,12/8/2022
Loft,"Sao Paulo, Non-U.S.",340.0,2023-03-03,0.15,"Real Estate",0,Unknown,788,Brazil,3/3/2023
Loft,"Sao Paulo, Non-U.S.",384.0,2022-07-05,0.12,"Real Estate",0,Unknown,788,Brazil,7/5/2022
Loft,"Sao Paulo, Non-U.S.",47.0,2020-03-27,,"Real Estate",0,"Series C",263,Brazil,4/8/2020
Loft,"Sao Paulo, Non-U.S.",47.0,2020-04-17,0.1,"Real Estate",0,"Series C",263,Brazil,4/18/2020
Loftium,Seattle,32.0,2020-05-29,0.6,"Real Estate",0,"Series A",17,"United States",5/29/2020
Loftsmart,"New York City",25.0,2020-03-30,0.75,"Real Estate",0,"Series A",18,"United States",4/6/2020
"Log 9 Materials","Bengaluru, Non-U.S.",,2025-05-02,1.0,Manufacturing,0,"Series B",32,India,5/3/2025
Loggi,"Sao Paulo, Non-U.S.",300.0,2023-02-06,0.07,Logistics,0,"Series F",507,Brazil,2/7/2023
Loggi,"Sao Paulo, Non-U.S.",500.0,2022-08-08,0.15,Logistics,0,"Series F",507,Brazil,8/9/2022
Logically,"Manchester, Non-U.S.",40.0,2025-02-17,0.2,AI,0,"Series A",37,"United Kingdom",2/18/2025
Logitech,"Geneva, Non-U.S.",300.0,2023-03-22,,Hardware,0,Post-IPO,0,Switzerland,3/23/2023
"Loja Integrada","Sao Paulo, Non-U.S.",25.0,2022-08-25,0.1,Retail,0,Acquired,0,Brazil,8/26/2022
Lokalise,Dover,76.0,2022-11-16,0.23,Other,0,"Series B",56,"United States",11/17/2022
Lola,Boston,34.0,2020-03-19,,Travel,0,"Series C",81,"United States",3/28/2020
Longi,"Xi'an, Non-U.S.",,2024-03-18,0.05,Energy,0,Unknown,0,China,3/20/2024
Loom,"SF Bay Area",23.0,2022-10-20,0.11,Product,0,"Series C",203,"United States",10/20/2022
Loom,"SF Bay Area",34.0,2022-06-01,0.14,Product,0,"Series C",203,"United States",6/1/2022
Loop,Austin,19.0,2023-03-30,0.25,Finance,0,"Series A",24,"United States",4/3/2023
LOOP,Austin,23.0,2024-06-16,0.77,Finance,0,"Series A",34,"United States",6/19/2024
Loop,Columbus,,2024-08-16,,Retail,0,"Series B",125,"United States",8/16/2024
Loop,"Washington D.C.",15.0,2022-08-24,0.2,Finance,0,"Series A",24,"United States",8/25/2022
Loopio,"Toronto, Non-U.S.",,2024-01-29,0.06,Sales,0,"Private Equity",263,Canada,1/30/2024
Loopio,"Toronto, Non-U.S.",,2023-06-27,0.09,Sales,0,"Private Equity",263,Canada,6/28/2023
Loopio,"Toronto, Non-U.S.",11.0,2020-05-04,0.08,Sales,0,"Series A",11,Canada,5/7/2020
Loopio,"Toronto, Non-U.S.",36.0,2026-03-13,0.12,Sales,0,"Private Equity",263,Canada,5/10/2026
LoopMe,"London, Non-U.S.",8.0,2020-04-09,0.04,Marketing,0,Unknown,32,"United Kingdom",4/10/2020
"Lora DiCarlo",Bend,,2022-12-02,1.0,Consumer,0,Unknown,9,"United States",12/4/2022
"Lordstown Motors",Detroit,,2023-06-27,1.0,Transportation,0,Post-IPO,1100,"United States",6/30/2023
LSports,"Tel Aviv, Non-U.S.",40.0,2026-05-06,0.2,Data,0,Unknown,0,Israel,5/11/2026
"Lucid Diagnostics","New York City",,2023-01-18,0.2,Healthcare,0,Post-IPO,0,"United States",1/26/2023
"Lucid Motors","SF Bay Area",,2026-02-20,0.12,Transportation,0,Post-IPO,8300,"United States",2/22/2026
"Lucid Motors","SF Bay Area",1300.0,2023-03-28,0.18,Transportation,0,Post-IPO,8300,"United States",3/29/2023
"Lucid Motors","SF Bay Area",1500.0,2026-06-22,0.18,Transportation,0,Post-IPO,8300,"United States",6/23/2026
"Lucid Motors","SF Bay Area",400.0,2024-05-24,0.06,Transportation,0,Post-IPO,8300,"United States",5/24/2024
"Lucid Software","Salt Lake City",75.0,2023-09-25,0.07,Other,0,"Series E",170,"United States",9/25/2023
"Lucira Health","SF Bay Area",26.0,2023-02-24,,Healthcare,0,Post-IPO,132,"United States",2/24/2023
Ludeo,"Los Angeles",25.0,2025-10-20,0.5,Consumer,0,"Series A",42,"United States",10/25/2025
Ludia,"Montreal, Non-U.S.",55.0,2023-06-28,,Consumer,0,Acquired,1,,6/30/2023
"Lululemon Studio","New York City",120.0,2023-09-28,,Fitness,0,Acquired,75,"United States",9/29/2023
LumenAd,Missoula,,2020-04-16,,Marketing,0,Unknown,0,"United States",5/3/2020
"Lumina Networks","SF Bay Area",,2020-08-18,1.0,Infrastructure,0,"Series A",10,"United States",8/20/2020
Luminar,Orlando,,2025-05-20,,Transportation,0,Post-IPO,780,"United States",5/26/2025
Luminar,Orlando,,2024-09-20,0.15,Transportation,0,Post-IPO,780,"United States",9/24/2024
Luminar,Orlando,140.0,2024-05-03,0.2,Transportation,0,Post-IPO,780,"United States",5/4/2024
Lummo,"Jakarta, Non-U.S.",150.0,2022-06-07,,Marketing,0,"Series C",149,Indonesia,6/10/2022
Lunchbox,"New York City",60.0,2022-07-21,0.33,Food,0,"Series B",72,"United States",7/22/2022
Lunchtime,"Brno, Non-U.S.",,2023-09-01,1.0,Food,0,Acquired,0,"Czech Republic",9/4/2023
Luno,"London, Non-U.S.",330.0,2023-01-25,0.35000000000000003,Crypto,0,Acquired,13,"United Kingdom",1/25/2023
Lunya,"Los Angeles",,2023-06-30,1.0,Retail,0,Unknown,0,"United States",7/1/2023
Lusha,Boston,24.0,2025-12-10,0.08,Sales,0,"Series B",245,"United States",12/12/2025
Lusha,"New York City",30.0,2022-07-18,0.1,Marketing,0,"Series B",245,"United States",7/18/2022
"Luxury Presence","Los Angeles",44.0,2023-01-17,,"Real Estate",0,"Series B",31,"United States",1/18/2023
Lyft,"SF Bay Area",1072.0,2023-04-21,0.26,Transportation,0,Post-IPO,4900,"United States",4/21/2023
Lyft,"SF Bay Area",30.0,2024-09-04,0.01,Transportation,0,Post-IPO,4900,"United States",9/4/2024
Lyft,"SF Bay Area",60.0,2022-07-20,0.02,Transportation,0,Post-IPO,4900,"United States",7/20/2022
Lyft,"SF Bay Area",700.0,2022-11-03,0.13,Transportation,0,Post-IPO,4900,"United States",11/3/2022
Lyft,"SF Bay Area",982.0,2020-04-29,0.17,Transportation,0,Post-IPO,4900,"United States",4/29/2020
"Lyra Health","SF Bay Area",77.0,2024-11-12,0.02,Healthcare,0,"Series F",910,"United States",11/21/2024
Lyric,"SF Bay Area",100.0,2020-03-25,,"Real Estate",0,"Series B",179,"United States",7/4/2020
Lyst,"London, Non-U.S.",50.0,2022-11-29,0.25,Retail,0,Unknown,144,"United Kingdom",11/30/2022
Lytics,Portland,,2020-04-08,,Marketing,0,"Series C",58,"United States",6/2/2020
M1,Chicago,38.0,2022-07-19,,Finance,0,"Series E",323,"United States",7/30/2022
"Made Renovation","SF Bay Area",,2023-10-18,1.0,Construction,0,Seed,9,"United States",10/19/2023
Made.com,"London, Non-U.S.",,2022-09-22,0.35000000000000003,Retail,0,"Series D",136,"United Kingdom",9/24/2022
Madefire,"SF Bay Area",,2021-04-29,1.0,Media,0,"Series B",16,"United States",4/30/2021
MadeiraMadeira,"Curitiba, Non-U.S.",60.0,2022-08-09,0.03,Retail,0,"Series E",338,Brazil,8/9/2022
"Magic Eden","SF Bay Area",22.0,2023-02-13,,Crypto,0,"Series B",170,"United States",2/14/2023
"Magic Leap",Miami,1000.0,2020-04-22,0.5,Consumer,0,"Series E",2600,"United States",4/22/2020
"Magic Leap",Miami,75.0,2024-07-19,,Consumer,0,"Series E",4100,"United States",7/19/2024
Magicbricks,"Noida, Non-U.S.",250.0,2020-05-17,,"Real Estate",0,Unknown,300,India,5/19/2020
Magnite,"Los Angeles",,2023-01-19,0.06,Marketing,0,Post-IPO,400,"United States",1/20/2023
Mainstreet,"SF Bay Area",45.0,2022-05-04,0.3,Finance,0,"Series A",64,"United States",5/5/2022
Mainvest,Boston,,2024-05-14,1.0,Finance,0,Unknown,3,"United States",5/17/2024
"Make School","SF Bay Area",,2020-03-27,,Education,0,Unknown,0,"United States",4/16/2020
MakeMyTrip,"Gurugram, Non-U.S.",350.0,2020-06-01,0.1,Travel,0,Post-IPO,548,India,6/3/2020
MakeMyTrip,"New Delhi, Non-U.S.",350.0,2020-08-31,0.1,Travel,0,Post-IPO,548,India,9/2/2020
MakerBot,"New York City",12.0,2020-06-02,,Consumer,0,Acquired,10,"United States",6/2/2020
Malwarebytes,"SF Bay Area",100.0,2023-08-31,,Security,0,"Series B",80,"United States",8/31/2023
Malwarebytes,"SF Bay Area",125.0,2022-08-17,0.14,Security,0,"Series B",80,"United States",8/17/2022
Mamaearth,"Gurugram, Non-U.S.",80.0,2023-06-14,,Retail,0,Unknown,111,India,6/14/2023
"Manhattan Associates",Atlanta,,2026-06-02,0.06,Logistics,0,Post-IPO,0,"United States",6/3/2026
ManoMano,"Paris, Non-U.S.",230.0,2023-10-18,0.25,Retail,0,"Series F",705,France,10/18/2023
Mapbox,"Washington D.C.",,2020-04-06,,Data,0,"Series C",227,"United States",5/10/2020
Mapbox,"Washington D.C.",64.0,2023-01-12,,Data,0,Unknown,334,"United States",1/20/2023
Mapify,"Berlin, Non-U.S.",,2020-08-19,,Travel,0,Seed,1,Germany,8/25/2020
MARA,Miami,,2026-04-02,0.15,Crypto,0,Post-IPO,4100,"United States",5/10/2026
Mara,"Nairobi, Non-U.S.",,2022-12-31,,Crypto,0,Seed,23,Kenya,6/8/2023
Mara,"Nairobi, Non-U.S.",6.0,2023-06-06,,Crypto,0,Seed,23,Kenya,6/8/2023
MariaDB,"Helsinki, Non-U.S.",,2023-02-01,0.08,Data,0,Post-IPO,245,Finland,2/7/2023
MariaDB,"SF Bay Area",84.0,2023-10-12,0.28,Data,0,Post-IPO,272,"United States",10/12/2023
"Marin Software","SF Bay Area",,2025-04-10,1.0,Marketing,0,Post-IPO,99,"United States",4/16/2025
"Marin Software","SF Bay Area",27.0,2024-09-30,0.26,Marketing,0,Post-IPO,99,"United States",4/16/2025
Mark43,"New York City",,2022-06-23,,Other,0,"Series E",229,"United States",6/23/2022
Marketforce,"Nairobi, Non-U.S.",54.0,2022-08-11,0.09,Retail,0,"Series A",42,Kenya,8/11/2022
Marketsource,Atlanta,57.0,2026-03-05,0.11,Sales,0,Unknown,0,"United States",6/9/2026
Markforged,Boston,,2023-11-14,,Manufacturing,0,Post-IPO,347,"United States",11/15/2023
Marqeta,"SF Bay Area",,2023-05-09,0.15,Finance,0,Post-IPO,530,"United States",5/10/2023
Marvell,"SF Bay Area",320.0,2023-03-21,0.04,Hardware,0,Post-IPO,0,"United States",3/21/2023
Masse,"New York City",,2020-05-15,1.0,Retail,0,Seed,3,"United States",5/20/2020
MasterClass,"SF Bay Area",120.0,2022-06-22,0.2,Education,0,"Series E",461,"United States",6/23/2022
MasterClass,"SF Bay Area",79.0,2023-03-02,,Education,0,"Series E",461,"United States",3/4/2023
"Match Group","New York City",,2024-07-31,0.06,Consumer,0,Post-IPO,0,"United States",8/1/2024
"Match Group","New York City",,2023-02-01,0.08,Consumer,0,Post-IPO,0,"United States",2/2/2023
"Match Group","New York City",325.0,2025-05-08,0.13,Consumer,0,Post-IPO,0,"United States",5/9/2025
Matrixport,"Singapore, Non-U.S.",29.0,2023-01-27,0.1,Crypto,0,"Series C",100,Singapore,1/27/2023
"Matter Labs","Berlin, Non-U.S.",,2026-06-16,,Crypto,0,Unknown,308,Germany,6/19/2026
"Matter Labs","Berlin, Non-U.S.",,2024-09-03,0.16,Crypto,0,Unknown,380,Germany,9/6/2024
Matterport,"SF Bay Area",170.0,2023-07-11,0.3,Data,0,Post-IPO,409,"United States",7/11/2023
Matterport,"SF Bay Area",90.0,2020-04-09,0.34,Data,0,"Series D",114,"United States",4/14/2020
Maven,Seattle,31.0,2020-03-30,0.09,Media,0,Post-IPO,77,"United States",4/8/2020
"Maven Clinic","New York City",60.0,2024-11-01,0.1,Healthcare,0,"Series F",417,"United States",11/2/2024
Mavenir,Dallas,,2023-01-18,,Infrastructure,0,Acquired,854,"United States",1/21/2023
MaxMilhas,"Belo Horizonte, Non-U.S.",167.0,2020-04-03,0.42,Travel,0,Unknown,0,Brazil,4/6/2020
MaxMilhas,"Belo Horizonte, Non-U.S.",82.0,2023-09-05,0.18,Travel,0,Unknown,0,Brazil,9/6/2023
"May Mobility","Ann Arbor",,2024-02-15,0.13,Transportation,0,"Series D",303,"United States",2/15/2024
McMakler,"Berlin, Non-U.S.",100.0,2022-10-24,,"Real Estate",0,Unknown,214,Germany,10/25/2022
McMakler,"Berlin, Non-U.S.",60.0,2023-11-21,,"Real Estate",0,Unknown,214,Germany,11/21/2023
McMakler,"Berlin, Non-U.S.",60.0,2023-05-31,,"Real Estate",0,Unknown,214,Germany,6/2/2023
McMakler,"Berlin, Non-U.S.",90.0,2022-07-26,,"Real Estate",0,Unknown,214,Germany,7/26/2022
"Me Poupe","Sao Paulo, Non-U.S.",60.0,2023-01-28,0.5,Finance,0,Unknown,0,Brazil,1/29/2023
Meati,Boulder,,2024-02-20,0.3,Food,0,"Series C",274,"United States",2/21/2024
"Meati Foods",Denver,,2023-06-03,0.05,Food,0,"Series C",274,"United States",6/5/2023
Medallia,"SF Bay Area",59.0,2023-02-24,,Support,0,Acquired,325,"United States",2/24/2023
Mediafly,Chicago,,2023-04-13,,Sales,0,"Private Equity",59,"United States",4/14/2023
MediaMath,"New York City",,2023-06-30,1.0,Marketing,0,"Private Equity",607,"United States",7/1/2023
MediaMath,"New York City",53.0,2020-04-07,0.08,Marketing,0,"Private Equity",607,"United States",4/8/2020
MediBuddy,"Bengaluru, Non-U.S.",200.0,2023-01-20,0.08,Healthcare,0,Acquired,192,India,1/21/2023
Medium,"SF Bay Area",,2021-03-24,,Media,0,"Series C",132,"United States",3/27/2021
Medium,"SF Bay Area",,2022-09-06,0.25,Media,0,Unknown,163,"United States",9/8/2022
Medly,"New York City",,2022-08-04,0.16,Healthcare,0,"Series C",100,"United States",8/9/2022
Medly,"New York City",,2022-09-07,0.5,Healthcare,0,"Series C",100,"United States",9/8/2022
Medly,"New York City",,2023-02-08,1.0,Healthcare,0,"Series C",100,"United States",2/11/2023
Medsaf,"Lagos, Non-U.S.",30.0,2023-07-07,1.0,Healthcare,0,Unknown,0,Nigeria,7/15/2023
Medtronic,"Jerusalem, Non-U.S.",60.0,2025-10-27,,Healthcare,0,Post-IPO,5900,"United States",12/8/2025
Medtronic,"SF Bay Area",,2024-06-13,,Healthcare,0,Post-IPO,5900,"United States",6/14/2024
Medtronic,"SF Bay Area",59.0,2023-04-12,,Healthcare,0,Post-IPO,5900,"United States",4/14/2023
Meero,"Paris, Non-U.S.",350.0,2022-05-09,0.5,Other,0,"Series C",293,France,3/4/2023
Meesho,"Bengaluru, Non-U.S.",150.0,2022-04-11,,Retail,0,"Series F",1100,India,4/15/2022
Meesho,"Bengaluru, Non-U.S.",200.0,2020-04-08,0.28,Retail,0,"Series D",215,India,4/10/2020
Meesho,"Bengaluru, Non-U.S.",251.0,2023-05-05,0.15,Retail,0,"Series F",1100,India,5/5/2023
Meesho,"Bengaluru, Non-U.S.",300.0,2022-08-29,,Retail,0,"Series F",1100,India,8/29/2022
Meetup,"New York City",,2024-02-05,,Consumer,0,Acquired,18,"United States",2/6/2024
Megaport,"Brisbane, Non-U.S.",,2023-01-05,,Infrastructure,0,Post-IPO,98,Australia,1/6/2023
Megaport,"Brisbane, Non-U.S.",50.0,2023-04-27,0.16,Infrastructure,0,Post-IPO,98,Australia,4/29/2023
Mejuri,"Toronto, Non-U.S.",36.0,2020-04-09,0.15,Retail,0,"Series B",28,Canada,4/10/2020
Mejuri,"Toronto, Non-U.S.",50.0,2022-08-05,0.1,Retail,0,"Series B",28,Canada,8/8/2022
Melio,"New York City",40.0,2024-03-04,0.07,Finance,0,"Series D",504,"United States",3/5/2024
Melio,"New York City",60.0,2022-08-09,,Finance,0,"Series D",504,"United States",8/9/2022
Memmo,"Stockholm, Non-U.S.",,2022-06-08,0.4,Consumer,0,Unknown,24,Sweden,6/11/2022
"Mensa Brands","Bengaluru, Non-U.S.",30.0,2023-05-30,,Retail,0,Unknown,254,India,5/31/2023
Menulog,"Sydney, Non-U.S.",,2022-11-24,,Food,0,Acquired,0,Australia,11/28/2022
"Meow Wolf","Santa Fe",201.0,2020-04-10,,Media,0,Unknown,185,"United States",4/12/2020
"Meow Wolf","Santa Fe",8.0,2023-12-04,,Media,0,Unknown,185,"United States",12/7/2023
Merama,"Mexico City, Non-U.S.",,2023-06-29,0.1,Retail,0,"Series B",445,Mexico,7/1/2023
Merative,"Ann Arbor",200.0,2023-02-23,0.1,Healthcare,0,Acquired,0,"United States",2/26/2023
Merative,"Dublin, Non-U.S.",100.0,2023-09-21,,Healthcare,0,Acquired,0,Ireland,9/24/2023
MercadoLibre,"Buenos Aires, Non-U.S.",116.0,2026-01-12,,Retail,0,Post-IPO,5100,Brazil,1/14/2026
"Mercari U.S.","SF Bay Area",,2024-07-19,0.5,Retail,0,Subsidiary,0,"United States",7/20/2024
Mercos,"Joinville, Non-U.S.",51.0,2020-05-13,0.4,Sales,0,Unknown,2,Brazil,5/13/2020
MeridianLink,"Los Angeles",,2024-01-08,0.09,Finance,0,Post-IPO,485,"United States",1/13/2024
MeridianLink,"Los Angeles",,2023-02-28,0.09,Finance,0,Post-IPO,485,"United States",3/1/2023
MessageBird,"Amsterdam, Non-U.S.",,2026-05-11,0.2,Other,0,"Series C",1100,Netherlands,5/13/2026
MessageBird,"Amsterdam, Non-U.S.",,2022-11-29,0.31,Other,0,"Series C",1100,Netherlands,11/30/2022
MessageBird,"Amsterdam, Non-U.S.",120.0,2025-02-10,0.33,Other,0,"Series C",1100,Netherlands,2/11/2025
MessageBird,"Amsterdam, Non-U.S.",90.0,2024-03-05,0.2,Other,0,"Series C",1100,Netherlands,3/8/2024
Messari,"New York City",,2023-02-23,0.15,Crypto,0,"Series B",61,"United States",2/23/2023
Meta,"SF Bay Area",,2024-10-16,,Consumer,0,Post-IPO,26000,"United States",10/17/2024
Meta,"SF Bay Area",,2023-10-04,,Consumer,0,Post-IPO,26000,"United States",10/4/2023
Meta,"SF Bay Area",,2024-03-06,,Consumer,0,Post-IPO,26000,"United States",3/8/2024
Meta,"SF Bay Area",100.0,2025-04-24,,Consumer,0,Post-IPO,26000,"United States",4/29/2025
Meta,"SF Bay Area",10000.0,2023-03-14,,Consumer,0,Post-IPO,26000,"United States",3/14/2023
Meta,"SF Bay Area",11000.0,2022-11-09,0.13,Consumer,0,Post-IPO,26000,"United States",11/9/2022
Meta,"SF Bay Area",1500.0,2026-01-13,0.02,Consumer,0,Post-IPO,26000,"United States",1/14/2026
Meta,"SF Bay Area",200.0,2026-04-02,,Consumer,0,Post-IPO,26000,"United States",4/7/2026
Meta,"SF Bay Area",3600.0,2025-02-10,0.05,Consumer,0,Post-IPO,26000,"United States",1/16/2025
Meta,"SF Bay Area",600.0,2025-10-22,,Consumer,0,Post-IPO,26000,"United States",10/22/2025
Meta,"SF Bay Area",700.0,2026-03-25,0.01,Consumer,0,Post-IPO,26000,"United States",3/25/2026
Meta,"SF Bay Area",8000.0,2026-05-20,0.1,Consumer,0,Post-IPO,26000,"United States",4/20/2026
Metaplex,Chicago,,2022-11-18,,Crypto,0,Unknown,0,"United States",11/20/2022
Metigy,"Sydney, Non-U.S.",75.0,2022-07-31,1.0,Marketing,0,"Series B",18,Australia,8/2/2022
"Metro Africa Xpress","Lagos, Non-U.S.",150.0,2025-02-13,,Logistics,0,Unknown,64,Nigeria,3/28/2025
Metromile,"SF Bay Area",100.0,2020-04-06,0.33,Finance,0,"Series E",293,"United States",4/7/2020
Metromile,"SF Bay Area",60.0,2022-07-28,0.2,Finance,0,Acquired,510,"United States",7/29/2022
Mews,"Amsterdam, Non-U.S.",200.0,2026-07-07,0.15,Travel,0,"Series D",817,Netherlands,7/8/2026
Mews,"Prague, Non-U.S.",,2020-04-03,,Travel,0,"Series B",41,"Czech Republic",4/7/2020
MFine,"Bengaluru, Non-U.S.",600.0,2022-05-21,0.75,Healthcare,0,"Series C",97,India,5/22/2022
Micron,Boise,2400.0,2023-02-17,0.05,Hardware,0,Post-IPO,50,"United States",4/1/2023
Micron,Boise,300.0,2025-08-12,,Hardware,0,Post-IPO,50,"United States",11/11/2025
Micron,Boise,4800.0,2023-01-01,0.1,Hardware,0,Post-IPO,50,"United States",4/1/2023
Microsoft,Seattle,,2025-01-14,,Other,0,Post-IPO,1,"United States",1/15/2025
Microsoft,Seattle,,2025-01-07,,Other,0,Post-IPO,1,"United States",1/11/2025
Microsoft,Seattle,,2022-10-17,,Other,0,Post-IPO,1,"United States",11/15/2022
Microsoft,Seattle,,2025-06-24,,Other,0,Post-IPO,1,"United States",6/25/2025
Microsoft,Seattle,,2022-07-12,,Other,0,Post-IPO,1,"United States",11/15/2022
Microsoft,Seattle,,2024-07-03,,Other,0,Post-IPO,1,"United States",7/8/2024
Microsoft,Seattle,1000.0,2024-06-03,,Other,0,Post-IPO,1,"United States",6/3/2024
Microsoft,Seattle,1000.0,2023-07-18,,Other,0,Post-IPO,1,"United States",7/10/2023
Microsoft,Seattle,10000.0,2023-01-18,0.05,Other,0,Post-IPO,1,"United States",1/18/2023
Microsoft,Seattle,158.0,2023-05-10,,Other,0,Post-IPO,1,"United States",5/11/2023
Microsoft,Seattle,1900.0,2024-01-25,,Other,0,Post-IPO,1,"United States",1/25/2024
Microsoft,Seattle,305.0,2025-06-02,0.03,Other,0,Post-IPO,1,"United States",6/5/2025
Microsoft,Seattle,42.0,2025-09-08,,Other,0,Post-IPO,1,"United States",9/8/2025
Microsoft,Seattle,4800.0,2026-07-06,0.02,Other,0,Post-IPO,1,"United States",7/6/2026
Microsoft,Seattle,6000.0,2025-05-13,0.03,Other,0,Post-IPO,1,"United States",5/13/2025
Microsoft,Seattle,650.0,2024-09-12,,Other,0,Post-IPO,1,"United States",9/12/2024
Microsoft,Seattle,9000.0,2025-07-02,0.04,Other,0,Post-IPO,1,"United States",7/2/2025
MicroVision,Seattle,49.0,2026-03-03,,Other,0,Post-IPO,415,"United States",3/7/2026
Migo,"SF Bay Area",,2020-04-28,0.25,Finance,0,"Series B",37,"United States",5/29/2020
Milkbasket,"Gurugram, Non-U.S.",400.0,2023-07-27,0.67,Food,0,Acquired,39,India,7/29/2023
Milkrun,"Sydney, Non-U.S.",,2023-02-15,0.2,Food,0,"Series A",86,Australia,2/15/2023
Milkrun,"Sydney, Non-U.S.",400.0,2023-04-11,1.0,Food,0,"Series A",86,Australia,4/11/2023
MindBody,"San Luis Obispo",400.0,2022-10-26,0.15,Fitness,0,Post-IPO,114,"United States",10/26/2022
MindBody,"San Luis Obispo",700.0,2020-04-02,0.35000000000000003,Fitness,0,Post-IPO,114,"United States",4/2/2020
Mindgeek,"Luxembourg, Non-U.S.",,2022-06-22,,Media,0,Unknown,0,Luxembourg,6/26/2022
Mindstrong,"SF Bay Area",127.0,2023-02-02,,Healthcare,0,"Series C",160,"United States",2/3/2023
Minted,"SF Bay Area",147.0,2020-04-03,0.37,Retail,0,"Series E",297,"United States",4/5/2020
"Minute Media","London, Non-U.S.",50.0,2023-01-08,0.1,Media,0,"Series I",160,"United Kingdom",1/9/2023
MiQ,"London, Non-U.S.",,2023-07-20,,Marketing,0,"Private Equity",0,"United Kingdom",7/21/2023
Miro,"SF Bay Area",119.0,2023-02-02,0.07,Other,0,"Series C",476,"United States",2/2/2023
Miro,"SF Bay Area",275.0,2024-10-30,0.18,Other,0,"Series C",476,"United States",10/30/2024
"Misfits Market",Philadelphia,649.0,2023-02-09,0.33,Food,0,"Series C",526,"United States",2/16/2023
MissFresh,"Beijing, Non-U.S.",,2022-07-29,,Food,0,Post-IPO,1700,China,7/29/2022
"Mister Spex","Berlin, Non-U.S.",,2024-08-15,0.1,Retail,0,Post-IPO,158,Germany,8/15/2024
Mixpanel,"SF Bay Area",65.0,2020-05-12,0.19,Data,0,"Series B",77,"United States",5/13/2020
Mixtroz,Birmingham,,2024-12-06,1.0,Other,0,Seed,2,"United States",12/11/2024
"Mobile Premier League","Bengaluru, Non-U.S.",100.0,2022-05-30,0.1,Consumer,0,"Series E",375,India,5/31/2022
"Mobile Premier League","Bengaluru, Non-U.S.",300.0,2025-09-01,,Consumer,0,"Series E",375,India,9/2/2025
Mobileye,"Jerusalem, Non-U.S.",100.0,2024-09-09,,Transportation,0,Post-IPO,2100,Israel,9/24/2024
Mobileye,"Jerusalem, Non-U.S.",200.0,2025-12-08,0.04,Transportation,0,Post-IPO,2100,Israel,12/8/2025
"Mobius Motors","Nairobi, Non-U.S.",,2024-08-06,1.0,Transportation,0,Unknown,6,Kenya,8/6/2024
"Mode Analytics","SF Bay Area",17.0,2020-05-13,,Data,0,"Series C",46,"United States",5/13/2020
"Mode Analytics","SF Bay Area",25.0,2022-09-12,,Data,0,"Series D",81,"United States",9/22/2022
"Mode Global","London, Non-U.S.",,2023-01-26,1.0,Finance,0,Post-IPO,0,"United Kingdom",1/30/2023
"Modern Hydrogen",Seattle,,2025-12-03,,Energy,0,"Series B",99,"United States",12/4/2025
"Modern Treasury","SF Bay Area",,2022-12-16,0.18,Finance,0,"Series C",183,"United States",12/21/2022
Modsy,"SF Bay Area",,2020-04-02,,Retail,0,"Series C",70,"United States",4/2/2020
Modsy,"SF Bay Area",,2022-06-29,,Retail,0,"Series C",72,"United States",7/1/2022
Moglix,Singapore,40.0,2023-01-05,0.02,Retail,0,"Series F",472,Singapore,1/6/2023
Mogo,"Vancouver, Non-U.S.",78.0,2020-03-27,0.3,Finance,0,Post-IPO,201,Canada,4/3/2020
Mojo,"New York City",,2023-11-30,,Consumer,0,Unknown,100,"United States",12/3/2023
"Mojo Vision","SF Bay Area",,2023-01-06,0.75,Hardware,0,"Series B",204,"United States",1/6/2023
Mojocare,"Bengaluru, Non-U.S.",170.0,2023-06-17,0.8,Healthcare,0,"Series A",24,India,6/17/2023
Moladin,"Jakarta, Non-U.S.",360.0,2023-02-12,0.11,Transportation,0,"Series B",138,Indonesia,2/13/2023
Mollie,"Amsterdam, Non-U.S.",,2023-09-11,,Finance,0,"Series C",928,Netherlands,9/11/2023
"Momentis Surgical","Tel Aviv, Non-U.S.",70.0,2023-05-08,0.6,Healthcare,0,"Series D",0,Israel,5/13/2023
"Monarch Tractor","SF Bay Area",102.0,2025-11-19,,Other,0,Unknown,214,"United States",11/23/2025
"Monarch Tractor","SF Bay Area",35.0,2024-11-08,0.1,Other,0,Unknown,214,"United States",11/9/2024
Monday.com,"Tel Aviv, Non-U.S.",630.0,2026-07-22,0.2,Product,0,Post-IPO,384,Israel,7/23/2026
Monese,"Lisbon, Non-U.S.",35.0,2020-05-01,,Finance,0,Unknown,80,Portugal,6/1/2020
"Monte Carlo","SF Bay Area",,2026-03-26,0.3,Data,0,"Series D",236,"United States",3/31/2026
Monzo,"Las Vegas",165.0,2020-04-09,,Finance,0,"Series F",324,"United States",4/9/2020
Monzo,"London, Non-U.S.",120.0,2020-06-03,0.08,Finance,0,"Series F",324,"United Kingdom",6/3/2020
Monzo,"London, Non-U.S.",50.0,2026-03-31,,Finance,0,"Series F",324,"United Kingdom",3/31/2026
"Moon Active","Tel Aviv, Non-U.S.",,2025-01-27,,Consumer,0,Unknown,425,Israel,1/29/2025
"Moon Active","Tel Aviv, Non-U.S.",110.0,2026-01-27,0.05,Consumer,0,Unknown,425,Israel,3/7/2026
MoonPay,Dover,30.0,2024-06-05,0.1,Crypto,0,Unknown,651,"United States",6/5/2024
"Moore Threads","Beijing, Non-U.S.",,2023-11-06,,Hardware,0,"Series B",0,China,11/9/2023
Moov,"Cedar Falls",50.0,2024-09-25,,Finance,0,"Series B",77,"United States",9/26/2024
Moove,"Lagos, Non-U.S.",,2022-12-06,,Transportation,0,Unknown,630,Nigeria,12/21/2022
Moovel,Portland,28.0,2020-04-01,0.37,Transportation,0,Unknown,0,"United States",4/2/2020
Moovit,"Tel Aviv, Non-U.S.",20.0,2024-06-19,0.1,Transportation,0,Acquired,131,Israel,6/23/2024
"Morning Brew","New York City",,2022-11-17,0.14,Media,0,Acquired,0,"United States",11/19/2022
"Morning Brew","New York City",40.0,2023-03-09,,Media,0,Acquired,0,"United States",3/9/2023
"Morning Consult","Washington D.C.",,2023-01-20,,Data,0,"Series B",91,"United States",1/24/2023
"Morning Consult","Washington D.C.",,2024-01-09,,Data,0,"Series B",91,"United States",1/16/2024
Moss,"Berlin, Non-U.S.",30.0,2023-05-19,,Finance,0,"Series B",150,Germany,5/24/2023
Moss,"Berlin, Non-U.S.",70.0,2022-09-23,0.15,Finance,0,"Series B",150,Germany,9/24/2022
"Motif Foodworks",Boston,,2022-07-06,,Food,0,"Series B",344,"United States",7/15/2022
"Motif Foodworks",Boston,,2024-09-06,1.0,Food,0,Unknown,343,"United States",9/9/2024
"Motif Investing","SF Bay Area",,2020-04-18,1.0,Finance,0,"Series E",126,"United States",5/3/2020
Motional,Boston,,2022-11-30,,Transportation,0,Unknown,0,"United States",12/3/2022
Motional,Boston,,2024-02-28,0.05,Transportation,0,Unknown,0,"United States",2/28/2024
Motional,Pittsburgh,550.0,2024-05-10,0.4,Transportation,0,Unknown,0,"United States",5/8/2024
Motive,"SF Bay Area",,2023-07-10,0.05,Transportation,0,"Series F",567,"United States",7/13/2023
Motive,"SF Bay Area",237.0,2022-12-07,0.06,Transportation,0,"Series F",567,"United States",12/8/2022
Movidesk,"Blumenau, Non-U.S.",118.0,2022-11-22,,Support,0,Acquired,11,Brazil,5/24/2023
Movidesk,"Blumenau, Non-U.S.",33.0,2020-04-20,0.25,Support,0,Seed,1,Brazil,4/27/2020
"Moxion Power","SF Bay Area",101.0,2024-06-26,,Energy,0,Unknown,124,"United States",6/29/2024
"Moxion Power","SF Bay Area",248.0,2024-07-29,1.0,Energy,0,Unknown,124,"United States",7/30/2024
MoxiWorks,Seattle,,2024-07-11,,"Real Estate",0,"Private Equity",0,"United States",7/16/2024
Mozilla,"SF Bay Area",250.0,2020-08-11,0.25,Consumer,0,Unknown,2,"United States",8/11/2020
Mozilla,"SF Bay Area",60.0,2024-02-13,0.05,Consumer,0,Unknown,2,"United States",2/13/2024
"Mozilla Foundation","SF Bay Area",,2024-11-05,0.3,Consumer,0,Subsidiary,2,"United States",11/6/2024
mPharma,"Accra, Non-U.S.",150.0,2023-09-04,,Healthcare,0,"Series D",90,Ghana,9/7/2023
MPL,"Bengaluru, Non-U.S.",350.0,2023-08-08,,Consumer,0,Unknown,375,India,8/8/2023
"Mr Yum","Melbourne, Non-U.S.",40.0,2023-03-21,,Food,0,"Series A",101,Australia,3/21/2023
"Mr. Yum","Melbourne, Non-U.S.",,2022-08-22,0.17,Food,0,"Series A",73,Australia,8/23/2022
"MRI Software",Cleveland,200.0,2026-05-11,,"Real Estate",0,Acquired,16,"United States",5/13/2026
Mudafy,"Mexico City, Non-U.S.",,2023-01-19,0.7000000000000001,"Real Estate",0,"Series A",13,Mexico,1/20/2023
Multiverse,"London, Non-U.S.",,2023-10-25,,Education,0,"Series D",414,"United Kingdom",11/29/2023
Multiverse,"London, Non-U.S.",,2023-11-28,0.05,Education,0,"Series D",414,"United Kingdom",11/29/2023
Multiverse,"London, Non-U.S.",55.0,2026-01-05,,Education,0,"Series D",414,"United Kingdom",1/13/2026
"Muni Tienda","Bogota, Non-U.S.",,2022-11-23,1.0,Other,0,"Series A",20,Colombia,3/10/2023
Mural,"SF Bay Area",,2022-07-21,,Product,0,"Series C",192,"United States",7/22/2022
Mural,"SF Bay Area",170.0,2023-06-01,,Product,0,"Series C",192,"United States",6/6/2023
Mural,"SF Bay Area",90.0,2022-05-05,0.1,Product,0,"Series C",192,"United States",5/6/2022
Mutiny,"SF Bay Area",,2023-06-21,0.3,Marketing,0,"Series B",69,"United States",7/14/2023
Muvin,"Bengaluru, Non-U.S.",,2024-02-05,1.0,Finance,0,Seed,4,India,2/6/2024
Mux,"SF Bay Area",40.0,2022-09-29,0.2,Infrastructure,0,"Series D",173,"United States",10/2/2022
Mux,"SF Bay Area",40.0,2023-05-31,0.3,Infrastructure,0,"Series D",173,"United States",6/2/2023
MVPindex,Austin,12.0,2024-01-25,0.3,Marketing,0,"Series B",27,"United States",2/16/2024
MX,Lehi,200.0,2022-10-11,,Finance,0,"Series C",450,"United States",10/12/2022
MyBambu,Memphis,141.0,2025-11-05,1.0,Finance,0,Unknown,15,"United States",11/7/2025
MyGate,"Bengaluru, Non-U.S.",200.0,2023-02-20,0.3,Other,0,"Series B",79,India,2/20/2023
MyHeritage,"Tel Aviv, Non-U.S.",500.0,2026-07-08,0.15,Consumer,0,Acquired,49,Israel,7/9/2026
Myntra,"Bengaluru, Non-U.S.",50.0,2023-07-26,,Retail,0,Acquired,516,India,7/26/2023
"Mythical Games","Los Angeles",,2022-11-04,0.1,Crypto,0,"Series C",260,"United States",11/6/2022
"N-able Technologies",Raleigh,,2022-12-09,,Other,0,Post-IPO,225,"United States",12/9/2022
N26,"Berlin, Non-U.S.",14.0,2023-09-29,,Finance,0,"Series E",1700,Germany,9/29/2023
N26,"Berlin, Non-U.S.",71.0,2023-04-28,0.04,Finance,0,"Series E",1700,Germany,4/28/2023
N26,"New York City",9.0,2020-05-08,0.01,Finance,0,"Series D",782,"United States",5/12/2020
Namely,"New York City",110.0,2020-05-01,0.4,HR,0,"Series E",217,"United States",5/2/2020
Namogoo,"Tel Aviv, Non-U.S.",20.0,2023-01-23,0.15,Marketing,0,"Series C",69,Israel,1/24/2023
Namogoo,"Tel Aviv, Non-U.S.",25.0,2022-11-09,0.15,Marketing,0,"Series C",69,Israel,1/24/2023
NanoLock,"Tel Aviv, Non-U.S.",,2025-02-06,1.0,Security,0,"Series B",18,Israel,2/26/2025
NanoString,Seattle,,2022-11-08,0.1,Healthcare,0,Post-IPO,731,"United States",11/17/2022
"NanoString Technologies",Seattle,50.0,2024-01-06,0.09,Healthcare,0,Post-IPO,826,"United States",1/9/2024
Nansen,"Singapore, Non-U.S.",,2023-05-30,,Crypto,0,"Series B",88,Singapore,5/31/2023
Nate,"New York City",,2023-01-27,,Retail,0,"Series A",47,"United States",1/29/2023
Nate,"New York City",30.0,2022-08-30,,Retail,0,"Series A",47,"United States",8/30/2022
Nate,"New York City",30.0,2022-06-30,0.2,Retail,0,"Series A",47,"United States",6/30/2022
Natera,"SF Bay Area",,2022-11-22,,Healthcare,0,Post-IPO,809,"United States",11/29/2022
"National Instruments",Austin,,2023-01-31,0.04,Hardware,0,Post-IPO,0,"United States",2/4/2023
Nativo,"Los Angeles",,2020-03-26,0.4,Marketing,0,"Series B",35,"United States",4/3/2020
Nav,"Salt Lake City",30.0,2020-04-07,,Finance,0,"Series C",99,"United States",4/19/2020
Navan,"SF Bay Area",145.0,2023-12-05,0.05,Finance,0,Unknown,2200,"United States",12/6/2023
Navan,"SF Bay Area",145.0,2023-12-06,,Travel,0,Unknown,2200,"United States",1/3/2024
Navi,"Bengaluru, Non-U.S.",40.0,2020-06-17,0.25,Finance,0,"Private Equity",582,India,6/20/2020
"Navi Technologies","Bengaluru, Non-U.S.",200.0,2023-07-13,,Finance,0,Unknown,659,India,7/13/2023
Nayax,"Tel Aviv, Non-U.S.",32.0,2026-04-15,0.03,Finance,0,Post-IPO,245,Israel,5/5/2026
Nayax,"Tel Aviv, Non-U.S.",70.0,2025-07-07,0.06,Finance,0,Post-IPO,245,Israel,12/8/2025
"NCC Group","Manchester, Non-U.S.",,2023-08-10,,Security,0,Post-IPO,0,"United Kingdom",8/17/2023
"NCC Group","Manchester, Non-U.S.",125.0,2023-02-02,0.07,Security,0,Post-IPO,0,"United Kingdom",2/3/2023
nCino,Wilmington,,2025-05-27,0.07,Finance,0,Post-IPO,1100,"United States",5/28/2025
nCino,Wilmington,100.0,2023-01-18,0.07,Finance,0,Post-IPO,1100,"United States",1/19/2023
NCSoft,"Seoul, Non-U.S.",,2023-02-02,0.2,Consumer,0,Post-IPO,240,"South Korea",2/3/2023
NCX,"SF Bay Area",,2022-11-28,0.4,Energy,0,"Series B",78,"United States",12/1/2022
Nearmap,"Sydney, Non-U.S.",,2020-04-22,0.1,Construction,0,Post-IPO,15,Australia,5/10/2020
Nearmap,"Sydney, Non-U.S.",,2023-02-08,0.2,Construction,0,Acquired,15,Australia,2/8/2023
"Neoleukin Therapeutics",Seattle,,2023-03-09,0.7,Healthcare,0,Post-IPO,157,"United States",3/13/2023
Neon,"Sao Paulo, Non-U.S.",180.0,2023-10-10,,Finance,0,"Series D",727,Brazil,2/16/2024
Neon,"Sao Paulo, Non-U.S.",210.0,2023-02-15,0.09,Finance,0,"Series D",720,Brazil,2/15/2023
Neon,"Sao Paulo, Non-U.S.",70.0,2020-04-13,0.1,Finance,0,"Series B",120,Brazil,4/14/2020
NerdWallet,"SF Bay Area",,2024-07-30,0.15,Finance,0,Post-IPO,105,"United States",7/31/2024
Nerdy,"St. Louis",,2022-12-08,0.17,Education,0,Post-IPO,150,"United States",12/11/2022
Nestcoin,"Lagos, Non-U.S.",30.0,2022-11-14,,Crypto,0,Seed,6,Nigeria,11/20/2022
NetApp,"SF Bay Area",700.0,2025-04-30,0.06,Data,0,Post-IPO,0,"United States",5/3/2025
NetApp,"SF Bay Area",77.0,2026-05-27,,Data,0,Post-IPO,0,"United States",5/28/2026
NetApp,"SF Bay Area",960.0,2023-01-31,0.08,Data,0,Post-IPO,0,"United States",1/31/2023
NetEase,"Tokyo, Non-U.S.",,2025-02-22,,Consumer,0,Post-IPO,0,Japan,2/23/2025
Netflix,"SF Bay Area",150.0,2022-05-17,0.01,Media,0,Post-IPO,121900,"United States",5/17/2022
Netflix,"SF Bay Area",25.0,2022-04-28,,Media,0,Post-IPO,121900,"United States",5/12/2022
Netflix,"SF Bay Area",30.0,2022-09-14,,Media,0,Post-IPO,121900,"United States",9/16/2022
Netflix,"SF Bay Area",300.0,2022-06-23,0.03,Media,0,Post-IPO,121900,"United States",6/23/2022
Netlify,"SF Bay Area",,2023-07-13,,Other,0,"Series D",212,"United States",7/14/2023
Netlify,"SF Bay Area",48.0,2022-12-01,0.16,Product,0,"Series D",212,"United States",12/8/2022
NeuroPixel.AI,"Bengaluru, Non-U.S.",,2026-04-03,1.0,Retail,0,Seed,1,India,4/7/2026
Nevro,"SF Bay Area",63.0,2024-01-09,0.05,Healthcare,0,Post-IPO,556,"United States",1/10/2024
"New Relic",Portland,20.0,2020-06-29,,Infrastructure,0,Post-IPO,215,"United States",6/30/2020
"New Relic","SF Bay Area",,2024-11-12,,Infrastructure,0,Acquired,214,"United States",11/13/2024
"New Relic","SF Bay Area",,2024-04-03,,Infrastructure,0,Acquired,214,"United States",4/4/2024
"New Relic","SF Bay Area",110.0,2022-08-18,0.05,Infrastructure,0,Post-IPO,214,"United States",8/18/2022
"New Relic","SF Bay Area",160.0,2021-04-06,0.07,Infrastructure,0,Post-IPO,215,"United States",4/7/2021
"New Relic","SF Bay Area",255.0,2023-06-27,0.1,Infrastructure,0,Post-IPO,214,"United States",6/27/2023
"New Work SE","Hamburg, Non-U.S.",400.0,2024-01-11,,Consumer,0,Post-IPO,0,Germany,1/12/2024
"Newfront Insurance","SF Bay Area",94.0,2020-04-07,,Finance,0,Unknown,0,"United States",4/8/2020
Nexar,"New York City",12.0,2023-07-31,,Transportation,0,"Series D",149,"United States",9/4/2023
Nexar,"New York City",17.0,2023-09-04,0.14,Transportation,0,"Series D",149,"United States",9/4/2023
Nexar,"New York City",25.0,2022-11-30,,Transportation,0,"Series D",149,"United States",9/4/2023
"Next Insurance","SF Bay Area",150.0,2022-07-07,0.17,Finance,0,"Series E",881,"United States",7/7/2022
Nextbite,Denver,,2023-05-18,,Food,0,"Series C",150,"United States",5/20/2023
Nextbite,Denver,,2022-07-09,,Food,0,"Series C",150,"United States",7/11/2022
Nextdoor,"SF Bay Area",,2023-11-07,0.25,Consumer,0,Post-IPO,736,"United States",11/7/2023
Nextdoor,"SF Bay Area",67.0,2025-08-07,0.12,Consumer,0,Post-IPO,736,"United States",8/18/2025
"NextGen Healthcare","St. Louis",84.0,2023-11-17,,Healthcare,0,Acquired,0,"United States",11/18/2023
Nextiva,Phoenix,,2022-12-06,0.17,Other,0,"Private Equity",200,"United States",12/7/2022
NextRoll,"SF Bay Area",,2022-07-08,0.03,Marketing,0,Unknown,108,"United States",7/8/2022
NextRoll,"SF Bay Area",,2022-09-15,0.07,Marketing,0,Unknown,108,"United States",9/21/2022
Niantic,"Los Angeles",100.0,2023-08-09,,Other,0,"Series D",770,"United States",8/11/2023
Niantic,"SF Bay Area",85.0,2022-06-29,0.08,Consumer,0,"Series D",770,"United States",6/29/2022
Niantic,"SF Bay Area",230.0,2023-06-29,,Other,0,"Series D",770,"United States",6/29/2023
Niantic,"SF Bay Area",68.0,2025-03-25,,Other,0,"Series D",770,"United States",3/27/2025
Niche,Pittsburgh,24.0,2024-03-08,0.07,Education,0,"Series C",44,"United States",3/11/2024
Nikola,Phoenix,130.0,2024-10-11,0.15,Transportation,0,Post-IPO,3300,"United States",10/17/2024
Nikola,Phoenix,270.0,2023-06-16,,Transportation,0,Post-IPO,3300,"United States",6/17/2023
"Ninja Van","Singapore, Non-U.S.",,2024-07-01,0.05,Transportation,0,"Series E",974,Singapore,7/3/2024
"Ninja Van","Singapore, Non-U.S.",21.0,2024-04-29,0.1,Transportation,0,"Series E",974,Singapore,7/3/2024
Ninjacart,"Bengaluru, Non-U.S.",200.0,2021-02-23,,Food,0,Unknown,194,India,2/23/2021
NIO,"Shanghai, Non-U.S.",,2023-11-03,0.1,Transportation,0,Post-IPO,7200,China,11/6/2023
"Nirvana Money",Miami,,2022-11-15,1.0,Finance,0,Unknown,0,"United States",11/16/2022
"No Fluff Jobs","Gydnia, Non-U.S.",13.0,2023-03-04,,HR,0,Acquired,0,Poland,4/3/2023
"Noa Technologies","SF Bay Area",69.0,2026-04-22,,Other,0,Unknown,0,"United States",6/19/2026
Noice,"Helsinki, Non-U.S.",,2023-08-15,,Consumer,0,Seed,5,Finland,8/15/2023
Nomad,"Sao Paulo, Non-U.S.",,2022-08-04,0.2,Finance,0,"Series B",290,Brazil,8/10/2022
"Nomad Health","New York City",,2024-02-05,,Healthcare,0,Unknown,218,"United States",2/6/2024
"Nomad Health","New York City",,2023-10-20,0.25,Healthcare,0,Unknown,218,"United States",10/20/2023
"Nomad Health","New York City",119.0,2023-10-20,0.17,Healthcare,0,Unknown,218,"United States",2/10/2023
Noogata,"Tel Aviv, Non-U.S.",10.0,2025-05-15,1.0,AI,0,"Series A",28,Israel,5/16/2025
Noom,"New York City",,2023-01-25,,Fitness,0,"Series F",657,"United States",1/26/2023
Noom,"New York City",,2024-01-30,,Fitness,0,"Series F",657,"United States",1/31/2024
Noom,"New York City",495.0,2022-04-29,,Healthcare,0,"Series F",657,"United States",5/2/2022
Noom,"New York City",500.0,2022-10-11,0.1,Healthcare,0,"Series F",657,"United States",10/12/2022
Noon,"Riyadh, Non-U.S.",340.0,2023-04-18,0.1,Retail,0,Unknown,0,"Saudi Arabia",4/19/2023
Nori,Seattle,,2024-09-09,1.0,Energy,0,Unknown,19,"United States",9/10/2024
Nori,Seattle,10.0,2023-04-10,0.37,Energy,0,Unknown,13,"United States",5/31/2023
Northvolt,"Stockholm, Non-U.S.",1600.0,2024-09-23,0.2,Energy,0,Unknown,13800,Sweden,9/26/2024
Northvolt,"Stockholm, Non-U.S.",2800.0,2025-03-31,0.62,Energy,0,Unknown,13800,Sweden,4/1/2025
"Notable Labs","SF Bay Area",,2024-09-20,0.65,Healthcare,0,"Series B",0,"United States",9/21/2024
Notarize,Boston,110.0,2022-06-15,0.25,Legal,0,"Series D",213,"United States",6/16/2022
Notarize,Boston,60.0,2022-10-31,,Legal,0,"Series D",213,"United States",11/1/2022
"Nova Benefits","Bengaluru, Non-U.S.",,2022-06-28,0.3,Healthcare,0,"Series B",41,India,6/30/2022
Nowadays,"SF Bay Area",,2023-09-18,1.0,Food,0,Seed,10,"United States",10/2/2023
Nowports,"Monterrey, Non-U.S.",,2023-03-30,0.15,Logistics,0,"Series C",0,Mexico,5/10/2023
NS8,"Las Vegas",240.0,2020-09-11,0.9500000000000001,Data,0,"Series A",158,"United States",9/11/2020
NSO,"Tel Aviv, Non-U.S.",100.0,2022-08-21,0.14,Security,0,Seed,1,Israel,8/22/2022
"Nuance Communications",Boston,,2023-05-20,,Healthcare,0,Acquired,0,"United States",5/22/2023
Nubank,"Sao Paulo, Non-U.S.",296.0,2023-06-07,,Finance,0,Post-IPO,4100,Brazil,6/8/2023
Nubank,"Sao Paulo, Non-U.S.",30.0,2023-03-15,,Finance,0,Post-IPO,4100,Brazil,6/8/2023
Nubank,"Sao Paulo, Non-U.S.",40.0,2023-01-31,,Finance,0,Post-IPO,4100,Brazil,6/8/2023
Numbrs,"Zurich, Non-U.S.",62.0,2020-05-07,0.5,Finance,0,"Series B",78,Switzerland,5/8/2020
NuoDB,Boston,20.0,2020-04-10,0.29,Data,0,Unknown,85,"United States",4/11/2020
Nuri,"Berlin, Non-U.S.",,2022-10-17,1.0,Crypto,0,"Series B",42,Germany,10/19/2022
Nuri,"Berlin, Non-U.S.",45.0,2022-05-25,0.2,Finance,0,"Series B",42,Germany,5/25/2022
Nuro,"SF Bay Area",300.0,2022-11-18,0.2,Transportation,0,"Series D",2100,"United States",11/18/2022
Nuro,"SF Bay Area",340.0,2023-05-12,0.3,Transportation,0,"Series D",2100,"United States",5/11/2023
Nuro,"SF Bay Area",7.0,2022-07-13,,Transportation,0,"Series D",2100,"United States",7/16/2022
"NuScale Power",Corvallis,154.0,2024-01-08,0.28,Energy,0,Post-IPO,470,"United States",1/7/2024
Nutanix,"SF Bay Area",270.0,2022-08-09,0.04,Infrastructure,0,Post-IPO,1100,"United States",8/9/2022
NYDIG,"New York City",110.0,2022-09-22,0.33,Crypto,0,"Private Equity",1400,"United States",10/14/2022
Nylas,"SF Bay Area",80.0,2022-08-02,0.25,Product,0,"Series C",175,"United States",8/2/2022
Nyriad,Austin,,2022-10-10,0.33,Infrastructure,0,Unknown,58,"United States",10/25/2022
"O'Reilly Media","SF Bay Area",75.0,2020-03-25,0.15,Media,0,Unknown,0,"United States",3/30/2020
Oatly,"MalmÃ¶, Non-U.S.",,2022-11-15,,Food,0,Post-IPO,441,Sweden,11/17/2022
Observe.AI,"SF Bay Area",,2023-02-15,,Support,0,"Series C",214,"United States",2/16/2023
Ocado,"London, Non-U.S.",1000.0,2023-12-31,,Food,0,Post-IPO,2000,"United Kingdom",7/26/2024
Ocado,"London, Non-U.S.",1000.0,2026-02-26,0.05,Food,0,Post-IPO,2000,"United Kingdom",3/3/2026
Ocavu,Lehi,20.0,2022-11-10,0.48,Crypto,0,"Series A",11,"United States",11/12/2022
"Octopus Network","Beau Vallon, Non-U.S.",,2022-12-27,0.4,Crypto,0,"Series A",8,Seychelles,12/30/2022
Oda,"Oslo, Non-U.S.",150.0,2024-06-05,,Food,0,Unknown,691,Norway,6/5/2024
Oda,"Oslo, Non-U.S.",70.0,2022-11-01,0.06,Food,0,Unknown,479,Norway,11/30/2022
Oda,"Oslo, Non-U.S.",70.0,2022-11-01,0.18,Food,0,Unknown,377,Sweden,11/1/2022
Oda,"Oslo, Non-U.S.",70.0,2022-11-01,0.18,Food,0,Unknown,477,Norway,11/11/2022
Oddle,"Singapore, Non-U.S.",,2023-04-27,0.25,Food,0,"Series B",9,Singapore,4/29/2023
Offerpad,Phoenix,,2022-11-11,0.07,"Real Estate",0,Post-IPO,355,"United States",11/17/2022
OfferUp,Seattle,,2025-10-15,,Retail,0,Unknown,381,"United States",10/22/2025
OfferUp,Seattle,,2022-11-15,0.19,Retail,0,Unknown,381,"United States",11/17/2022
OfferUp,Seattle,,2024-12-11,0.22,Retail,0,Unknown,381,"United States",12/13/2024
"OFFOR Health",Columbus,16.0,2023-01-24,,Healthcare,0,"Series A",14,"United States",1/28/2023
"Oh My Green","SF Bay Area",40.0,2020-03-27,,Food,0,Seed,20,"United States",3/29/2020
"Ohm Mobility",Bengaluru,,2025-07-24,1.0,Transportation,0,Seed,0,India,7/26/2025
OKCredit,"New Delhi, Non-U.S.",30.0,2022-02-24,,Finance,0,"Series B",85,India,2/26/2022
Okra,"Lagos, Non-U.S.",,2025-07-02,1.0,Finance,0,"Series A",12,Nigeria,7/7/2025
Okta,"SF Bay Area",180.0,2025-02-04,0.03,Security,0,Post-IPO,1200,"United States",2/4/2025
Okta,"SF Bay Area",24.0,2022-08-26,,Security,0,Post-IPO,1200,"United States",8/26/2022
Okta,"SF Bay Area",300.0,2023-02-02,0.05,Security,0,Post-IPO,1200,"United States",2/2/2023
Okta,"SF Bay Area",400.0,2024-02-01,0.07,Security,0,Post-IPO,1200,"United States",2/1/2024
Ola,"Bengaluru, Non-U.S.",1000.0,2022-07-29,,Transportation,0,"Series J",5000,India,7/29/2022
Ola,"Bengaluru, Non-U.S.",1400.0,2020-05-20,0.35000000000000003,Transportation,0,"Series J",3800,India,5/20/2020
Ola,"Bengaluru, Non-U.S.",180.0,2024-04-29,0.1,Transportation,0,"Series J",5000,India,4/30/2024
Ola,"Bengaluru, Non-U.S.",200.0,2023-01-13,,Transportation,0,"Series J",5000,India,1/13/2023
Ola,"Bengaluru, Non-U.S.",200.0,2022-09-19,,Transportation,0,"Series J",5000,India,9/19/2022
"Ola Electric","Bengaluru, Non-U.S.",1000.0,2025-03-03,,Transportation,0,Post-IPO,1700,India,3/5/2025
"Ola Electric","Bengaluru, Non-U.S.",500.0,2024-11-22,,Transportation,0,Post-IPO,1700,India,11/24/2024
Olist,"Curitiba, Non-U.S.",,2023-01-30,,Retail,0,"Series E",322,Brazil,1/31/2023
Olist,"Curitiba, Non-U.S.",,2022-05-23,,Retail,0,"Series E",322,Brazil,5/25/2022
Olive,Columbus,,2023-10-31,1.0,Healthcare,0,"Series H",856,"United States",11/2/2023
Olive,Columbus,450.0,2022-07-19,0.31,Healthcare,0,"Series H",856,"United States",7/19/2022
"Olive AI",Columbus,215.0,2023-02-09,0.35000000000000003,Healthcare,0,"Series H",856,"United States",2/10/2023
Olo,"New York City",,2024-09-23,0.09,Food,0,Post-IPO,184,"United States",9/24/2024
Olo,"New York City",81.0,2023-06-14,0.11,Food,0,Post-IPO,184,"United States",6/14/2023
"OLX Group","Amsterdam, Non-U.S.",1500.0,2023-01-30,0.15,Marketing,0,Acquired,0,Netherlands,1/30/2023
"OLX Group","Amsterdam, Non-U.S.",800.0,2023-06-20,,Marketing,0,Acquired,0,Netherlands,6/20/2023
"OLX India","New Delhi, Non-U.S.",250.0,2020-10-10,,Marketing,0,Acquired,28,India,10/12/2020
Omie,"Sao Paulo, Non-U.S.",136.0,2020-04-09,0.31,Finance,0,"Series B",26,Brazil,4/9/2020
Omnipresent,"London, Non-U.S.",,2023-02-01,,HR,0,"Series B",137,"United Kingdom",2/3/2023
Omuni,"Bengaluru, Non-U.S.",60.0,2023-08-30,0.35,Retail,0,Acquired,10,India,8/30/2023
ON,"SF Bay Area",60.0,2024-07-16,1.0,Retail,0,Unknown,81,"United States",7/17/2024
"On Deck","SF Bay Area",72.0,2022-05-05,0.25,Education,0,"Series A",20,"United States",5/5/2022
"On Deck","SF Bay Area",73.0,2022-08-04,0.33,Education,0,"Series A",20,"United States",8/4/2022
OnDeck,"New York City",,2020-07-08,,Finance,0,Post-IPO,1200,"United States",7/13/2020
"One Identity","Dresden, Non-U.S.",41.0,2026-05-11,,Security,0,Unknown,0,Germany,5/15/2026
OneFootball,"Berlin, Non-U.S.",150.0,2023-02-23,0.32,Marketing,0,"Series D",442,Germany,2/24/2023
OneFootball,"Berlin, Non-U.S.",62.0,2022-12-09,0.115,Marketing,0,"Series D",442,Germany,12/21/2022
OnePipe,"Lagos, Non-U.S.",,2023-03-29,,Finance,0,Seed,9,Nigeria,3/31/2023
OneStudyTeam,Boston,,2022-12-06,0.25,Healthcare,0,"Series D",479,"United States",12/7/2022
OneTrust,Atlanta,150.0,2020-04-09,0.1,Legal,0,"Series B",410,"United States",4/10/2020
OneTrust,Atlanta,950.0,2022-06-09,0.25,Security,0,"Series C",926,"United States",6/10/2022
OneWeb,"London, Non-U.S.",451.0,2020-03-27,0.85,Aerospace,0,Unknown,3000,"United Kingdom",3/28/2020
Onfido,"London, Non-U.S.",,2023-07-24,,Finance,0,"Series D",182,"United Kingdom",7/26/2023
OnlyFans,"London, Non-U.S.",,2022-08-01,,Media,0,Unknown,0,"United Kingdom",8/4/2022
"OP Labs","New York City",20.0,2026-03-12,,Crypto,0,,0,"United States",7/13/2026
Opal,Portland,20.0,2020-03-27,,Marketing,0,"Series B",25,"United States",3/28/2020
OPay,"Lagos, Non-U.S.",,2020-05-06,0.7000000000000001,Finance,0,"Series B",170,Nigeria,5/15/2020
Open,"Bengaluru, Non-U.S.",47.0,2023-04-20,,Finance,0,"Series D",190,India,4/20/2023
"Open Co","Sao Paulo, Non-U.S.",,2023-02-10,,Finance,0,"Series D",140,Brazil,2/15/2023
Opencare,"Toronto, Non-U.S.",18.0,2020-04-03,0.25,Healthcare,0,"Series A",24,Canada,4/4/2020
OpenClassrooms,"Paris, Non-U.S.",,2023-04-14,0.25,Education,0,"Series C",150,France,2/8/2024
Opendoor,"Bengaluru, Non-U.S.",250.0,2026-06-10,,"Real Estate",0,Post-IPO,1900,India,6/12/2026
Opendoor,"SF Bay Area",300.0,2024-11-07,0.17,"Real Estate",0,Post-IPO,1900,"United States",11/8/2024
Opendoor,"SF Bay Area",550.0,2022-11-02,0.18,"Real Estate",0,Post-IPO,1900,"United States",11/2/2022
Opendoor,"SF Bay Area",560.0,2023-04-18,0.22,"Real Estate",0,Post-IPO,1900,"United States",4/18/2023
Opendoor,"SF Bay Area",600.0,2020-04-15,0.35000000000000003,"Real Estate",0,"Series E",1500,"United States",4/15/2020
Openpay,"Melbourne, Non-U.S.",83.0,2023-02-07,1.0,Finance,0,Post-IPO,299,Australia,2/7/2023
OpenSea,"New York City",,2022-07-14,0.2,Crypto,0,"Series C",427,"United States",7/14/2022
OpenSea,"New York City",,2023-11-03,0.5,Crypto,0,"Series C",427,"United States",11/3/2023
OpenSpace,"SF Bay Area",,2023-11-02,,Construction,0,"Series D",200,"United States",11/2/2023
OpenText,"Waterloo, Non-U.S.",,2026-03-24,,Data,0,Post-IPO,1100,Canada,3/25/2026
OpenText,"Waterloo, Non-U.S.",,2023-01-31,0.08,Data,0,Post-IPO,1100,Canada,2/1/2023
OpenText,"Waterloo, Non-U.S.",1200.0,2024-07-03,0.02,Data,0,Post-IPO,1100,Canada,7/3/2024
OpenText,"Waterloo, Non-U.S.",1600.0,2025-05-06,,Data,0,Post-IPO,1100,Canada,5/16/2025
OpenText,"Waterloo, Non-U.S.",400.0,2026-07-08,0.02,Data,0,Post-IPO,1100,Canada,7/10/2026
OpenWeb,"Tel Aviv, Non-U.S.",14.0,2022-06-15,0.05,Media,0,"Series E",223,Israel,6/15/2022
OpenX,"Los Angeles",35.0,2020-04-28,0.15,Marketing,0,Unknown,70,"United States",4/29/2020
Opora,"SF Bay Area",,2023-06-08,1.0,Security,0,Seed,7,"United States",6/9/2023
Oportun,"SF Bay Area",155.0,2023-02-09,0.1,Finance,0,Post-IPO,566,"United States",3/2/2023
Oportun,"SF Bay Area",185.0,2023-11-07,0.07,Finance,0,Post-IPO,766,"United States",3/9/2024
Optimizely,"SF Bay Area",60.0,2020-07-15,0.15,Marketing,0,"Series D",251,"United States",7/16/2020
Optimove,"Tel Aviv, Non-U.S.",,2026-06-17,0.1,Marketing,0,"Series A",20,Israel,6/19/2026
Oracle,"Kansas City",,2025-09-02,,Other,0,Post-IPO,0,"United States",9/8/2025
Oracle,Seattle,101.0,2025-09-03,,Other,0,Post-IPO,0,"United States",9/8/2025
Oracle,Seattle,161.0,2025-08-13,,Other,0,Post-IPO,0,"United States",8/18/2025
Oracle,"SF Bay Area",,2023-01-17,,Other,0,Post-IPO,0,"United States",1/27/2023
Oracle,"SF Bay Area",,2022-08-01,,Other,0,Post-IPO,0,"United States",11/17/2022
Oracle,"SF Bay Area",101.0,2025-08-19,,Other,0,Post-IPO,0,"United States",8/23/2025
Oracle,"SF Bay Area",188.0,2025-08-13,,Other,0,Post-IPO,0,"United States",8/18/2025
Oracle,"SF Bay Area",200.0,2022-11-01,,Other,0,Post-IPO,0,"United States",11/17/2022
Oracle,"SF Bay Area",21000.0,2026-06-23,0.13,Other,0,Post-IPO,0,"United States",3/31/2026
Oracle,"SF Bay Area",254.0,2025-09-04,,Other,0,Post-IPO,0,"United States",9/8/2025
Oracle,"SF Bay Area",289.0,2025-08-13,,Other,0,Post-IPO,0,"United States",9/8/2025
Orbit,"SF Bay Area",,2022-08-12,,Other,0,"Series A",20,"United States",8/17/2022
Orbotech,"Yavne, Non-U.S.",100.0,2024-03-19,,Manufacturing,0,Acquired,0,Israel,3/20/2024
"Orca Security","Tel Aviv, Non-U.S.",60.0,2024-01-03,0.15,Security,0,"Series C",632,Israel,1/3/2024
OrCam,"Jerusalem, Non-U.S.",,2024-07-28,,Healthcare,0,Unknown,86,Israel,7/29/2024
OrCam,"Jerusalem, Non-U.S.",100.0,2024-06-03,0.5,Healthcare,0,Unknown,86,Israel,6/4/2024
OrCam,"Jerusalem, Non-U.S.",50.0,2024-02-28,0.19,Healthcare,0,Unknown,86,Israel,6/4/2024
OrCam,"Jerusalem, Non-U.S.",62.0,2022-10-23,0.16,Healthcare,0,Unknown,86,Israel,10/24/2022
Orchard,"New York City",,2023-11-02,,"Real Estate",0,"Series D",472,"United States",11/3/2023
Orchard,"New York City",,2023-03-02,,"Real Estate",0,"Series D",472,"United States",3/19/2023
Orchard,"New York City",,2022-06-23,0.1,"Real Estate",0,"Series D",472,"United States",6/23/2022
Orchard,"New York City",180.0,2022-11-17,,"Real Estate",0,"Series D",472,"United States",11/18/2022
Oriente,"Hong Kong, Non-U.S.",400.0,2020-05-04,0.2,Finance,0,"Series B",175,"Hong Kong",5/5/2020
"Oscar Health","New York City",70.0,2020-04-23,0.05,Healthcare,0,Unknown,1300,"United States",4/24/2020
OSlash,"Bengaluru, Non-U.S.",,2023-11-09,1.0,Other,0,Seed,7,India,11/10/2023
"Osso VR","SF Bay Area",67.0,2024-04-01,,Healthcare,0,"Series C",109,"United States",4/2/2024
Otipy,"New Delhi, Non-U.S.",300.0,2025-05-23,1.0,Food,0,"Series B",44,India,5/26/2025
Otonomo,"Tel Aviv, Non-U.S.",,2022-08-28,,Transportation,0,Post-IPO,231,Israel,10/26/2022
Otonomo,"Tel Aviv, Non-U.S.",80.0,2022-12-08,0.5,Transportation,0,Post-IPO,231,Israel,12/11/2022
Otorio,"Tel Aviv, Non-U.S.",45.0,2025-03-17,0.56,Security,0,Acquired,0,Israel,3/18/2025
Otovo,"Oslo, Non-U.S.",65.0,2024-02-08,0.15,Energy,0,Post-IPO,247,Norway,2/20/2024
"Our Next Energy",Detroit,128.0,2023-11-27,0.25,Transportation,0,"Series B",390,"United States",11/28/2023
"Our Next Energy",Detroit,40.0,2024-03-04,0.13,Transportation,0,"Series B",390,"United States",3/5/2024
Ouster,"SF Bay Area",,2022-09-20,0.1,Transportation,0,Post-IPO,282,"United States",9/24/2022
Ouster,"SF Bay Area",,2020-09-08,0.1,Transportation,0,"Series B",132,"United States",9/9/2020
OutboundEngine,Austin,52.0,2020-03-25,0.28,Marketing,0,"Series C",48,"United States",3/28/2020
Outbrain,"New York City",200.0,2025-02-05,,Marketing,0,Post-IPO,394,"United States",2/5/2025
Outbrain,"New York City",38.0,2022-07-26,0.03,Marketing,0,Post-IPO,394,"United States",7/26/2022
Outbrain,"New York City",90.0,2023-06-01,0.1,Marketing,0,Post-IPO,394,"United States",6/2/2023
Outdoorsy,"SF Bay Area",,2020-06-04,,Transportation,0,"Series C",75,"United States",6/4/2020
Outreach,Seattle,,2023-08-01,0.05,Sales,0,"Series G",489,"United States",8/1/2023
Outreach,Seattle,,2023-09-20,0.12,Sales,0,"Series G",489,"United States",9/22/2023
Outreach,Seattle,60.0,2022-08-02,0.05,Sales,0,"Series G",489,"United States",8/2/2022
Outreach,Seattle,67.0,2024-11-06,0.09,Sales,0,"Series G",489,"United States",11/7/2024
Outreach,Seattle,70.0,2023-02-27,0.07,Sales,0,"Series G",489,"United States",2/28/2023
Outschool,"SF Bay Area",31.0,2022-07-05,0.18,Education,0,"Series D",240,"United States",7/5/2022
Outschool,"SF Bay Area",43.0,2022-12-10,0.25,Education,0,"Series D",240,"United States",12/13/2022
Outside,Boulder,,2022-11-15,0.12,Media,0,"Series B",174,"United States",11/17/2022
Outside,Boulder,87.0,2022-05-20,0.15,Media,0,"Series B",174,"United States",5/22/2022
OutSystems,Boston,150.0,2024-04-19,0.08,Product,0,"Series G",802,"United States",5/3/2024
Overtime,"New York City",30.0,2020-03-25,0.23,Media,0,"Series B",35,"United States",4/2/2020
Owlet,Lehi,,2022-07-22,,Healthcare,0,Post-IPO,178,"United States",8/3/2022
Own,"New York City",,2024-11-19,,Data,0,Acquired,507,"United States",11/21/2024
OwnBackup,"New York City",170.0,2022-11-15,0.17,Security,0,"Series E",507,"United States",11/17/2022
"Oye Rickshaw","New Delhi, Non-U.S.",40.0,2022-06-29,0.2,Transportation,0,Unknown,13,India,7/1/2022
OYO,Dallas,,2020-06-24,,Travel,0,"Series F",3200,"United States",7/9/2020
OYO,"Gurugram, Non-U.S.",600.0,2022-12-03,,Travel,0,"Series F",4000,India,12/4/2022
OYO,"Gurugram, Non-U.S.",600.0,2020-12-08,,Travel,0,"Series F",3200,India,12/9/2020
OYO,"London, Non-U.S.",150.0,2020-05-01,,Travel,0,"Series F",2400,"United Kingdom",5/4/2020
OYO,"Sao Paulo, Non-U.S.",500.0,2020-04-25,,Travel,0,"Series F",2400,Brazil,5/11/2020
Oyster,Charlotte,,2023-01-11,,HR,0,"Series C",224,"United States",1/11/2023
Oyster,Charlotte,,2023-01-30,,HR,0,"Series C",224,"United States",2/1/2023
Oyster,Charlotte,,2023-09-11,,HR,0,"Series C",224,"United States",9/13/2023
"Ozy Media","SF Bay Area",,2021-10-01,1.0,Media,0,"Series C",70,"United States",10/1/2021
Pacaso,"SF Bay Area",100.0,2022-10-11,0.3,"Real Estate",0,"Series C",217,"United States",10/13/2022
Packable,"New York City",138.0,2022-08-23,0.2,Retail,0,Unknown,472,"United States",8/24/2022
PacketFabric,"Los Angeles",,2023-05-30,,Infrastructure,0,Unknown,109,"United States",5/31/2023
PacketFabric,"Los Angeles",,2024-08-15,,Infrastructure,0,Unknown,110,"United States",8/16/2024
"PACT Pharma","SF Bay Area",94.0,2022-07-18,,Healthcare,0,"Series C",200,"United States",7/20/2022
Paddle,"London, Non-U.S.",,2023-01-11,0.08,Finance,0,"Series D",293,"United Kingdom",1/12/2023
Pagarbook,"Bengaluru, Non-U.S.",80.0,2021-07-26,,HR,0,"Series A",17,India,7/29/2021
Pagaya,"Tel Aviv, Non-U.S.",100.0,2024-06-05,0.2,Finance,0,Post-IPO,2000,Israel,6/5/2024
Pagaya,"Tel Aviv, Non-U.S.",140.0,2023-01-18,0.2,Finance,0,Post-IPO,571,Israel,1/18/2023
PagBank,"Sao Paulo, Non-U.S.",500.0,2023-01-16,0.07,Finance,0,Post-IPO,0,Brazil,1/17/2023
PagerDuty,"SF Bay Area",,2023-01-24,0.07,Product,0,Post-IPO,173,"United States",1/24/2023
PagSeguro,"Sao Paulo, Non-U.S.",,2023-01-25,0.07,Finance,0,Post-IPO,0,Brazil,2/7/2023
PaisaBazaar,"Gurugram, Non-U.S.",1500.0,2020-06-16,0.5,Finance,0,"Series G",496,India,6/16/2020
Palantir,Denver,120.0,2025-03-27,,Data,0,Post-IPO,3000,"United States",4/1/2025
Palantir,Denver,75.0,2023-02-27,0.02,Data,0,Post-IPO,3000,"United States",2/27/2023
"Palmetto Clean Technology",Charleston,,2023-12-21,,Energy,0,"Private Equity",628,"United States",12/22/2023
Pana,Denver,18.0,2020-04-01,,Travel,0,"Series A",11,"United States",4/2/2020
"Panda Squad","SF Bay Area",6.0,2020-03-13,0.75,Consumer,0,Seed,1,"United States",4/17/2020
Pandion,Seattle,63.0,2025-01-10,1.0,Logistics,0,"Series B",76,"United States",1/12/2025
Panther,"Tampa Bay",,2023-06-19,1.0,HR,0,Seed,2,"United States",6/20/2023
Papa,Miami,,2022-07-13,0.15,Other,0,"Series D",241,"United States",7/13/2022
Paper,"Montreal, Non-U.S.",106.0,2023-08-01,0.04,Education,0,"Series D",389,Canada,8/1/2023
Paper,"Montreal, Non-U.S.",81.0,2023-04-17,0.03,Education,0,"Series D",389,Canada,5/17/2023
Paper,"Montreal, Non-U.S.",81.0,2024-08-16,0.45,Education,0,"Series D",389,Canada,8/28/2024
Paper,"Montreal, Non-U.S.",87.0,2023-09-12,0.03,Education,0,"Series D",389,Canada,9/14/2023
"Paperless Parts",Boston,,2023-05-22,,Manufacturing,0,"Series B",30,"United States",5/24/2023
"Parallel Wireless",Nashua,60.0,2022-06-29,,Infrastructure,0,Unknown,8,"United States",6/30/2022
Pared,"SF Bay Area",,2020-07-29,,Food,0,Unknown,13,"United States",7/31/2020
"Parity Technologies","London, Non-U.S.",100.0,2023-10-23,0.3,Crypto,0,Unknown,0,"United Kingdom",10/12/2023
Parker,"New York City",,2026-05-09,1.0,Finance,0,"Series B",57,"United States",5/11/2026
Parler,Nashville,60.0,2023-01-10,0.75,Consumer,0,"Series B",36,"United States",1/11/2023
Parsable,"SF Bay Area",40.0,2020-04-15,0.25,HR,0,"Series C",72,"United States",4/28/2020
PartnerStack,"Toronto, Non-U.S.",40.0,2023-01-24,0.2,Sales,0,"Series B",36,Canada,1/24/2023
Passport,Charlotte,44.0,2020-03-26,,Transportation,0,"Series D",123,"United States",3/28/2020
Pastel,"SF Bay Area",,2022-09-30,1.0,Food,0,Unknown,0,"United States",10/8/2022
PathAI,Boston,87.0,2023-07-21,,Healthcare,0,"Series C",255,"United States",7/11/2023
PatientPop,"Los Angeles",100.0,2020-04-01,0.2,Healthcare,0,"Series B",75,"United States",4/1/2020
Patreon,"SF Bay Area",30.0,2020-04-21,0.13,Media,0,"Series D",165,"United States",4/21/2020
Patreon,"SF Bay Area",36.0,2021-04-26,,Media,0,"Series D",165,"United States",4/29/2021
Patreon,"SF Bay Area",5.0,2022-09-09,,Media,0,"Series F",413,"United States",9/9/2022
Patreon,"SF Bay Area",80.0,2022-09-13,0.17,Media,0,"Series F",413,"United States",9/13/2022
Patreon,"SF Bay Area",93.0,2026-07-23,0.2,Media,0,"Series F",413,"United States",7/24/2026
PaulCamper,"Berlin, Non-U.S.",,2023-07-07,,Travel,0,Acquired,12,Germany,8/4/2023
"Pavilion Data","SF Bay Area",96.0,2022-10-10,0.96,Infrastructure,0,"Series D",103,"United States",10/25/2022
Pax8,Denver,,2024-04-18,0.05,Infrastructure,0,Unknown,400,"United States",4/20/2024
Paxos,"New York City",65.0,2024-06-12,0.2,Crypto,0,Unknown,543,"United States",6/15/2024
Paycom,"Oklahoma City",500.0,2025-10-01,,HR,0,Post-IPO,0,"United States",10/1/2025
Payfactors,Boston,46.0,2020-04-07,,HR,0,Unknown,0,"United States",4/9/2020
PayFit,"Paris, Non-U.S.",200.0,2023-03-01,0.2,HR,0,"Series E",495,France,3/2/2023
PayJoy,"SF Bay Area",27.0,2020-04-28,0.25,Finance,0,"Series B",71,"United States",5/27/2020
Payoneer,"New York City",200.0,2023-06-26,0.1,Finance,0,Post-IPO,0,"United States",6/27/2023
Payoneer,"New York City",60.0,2025-12-08,0.06,Finance,0,Post-IPO,0,"United States",12/8/2025
PayPal,"SF Bay Area",2000.0,2023-01-31,0.07,Finance,0,Post-IPO,216,"United States",1/31/2023
PayPal,"SF Bay Area",2500.0,2024-01-30,0.09,Finance,0,Post-IPO,216,"United States",1/30/2024
PayPal,"SF Bay Area",4760.0,2026-05-05,0.2,Finance,0,Post-IPO,216,"United States",5/6/2026
PayPal,"SF Bay Area",83.0,2022-05-23,,Finance,0,Post-IPO,216,"United States",5/26/2022
PayPal,"SF Bay Area",85.0,2024-06-18,,Finance,0,Post-IPO,216,"United States",6/23/2024
PayScale,Seattle,14.0,2023-07-14,0.02,HR,0,Acquired,33,"United States",7/15/2023
PaySense,"Mumbai, Non-U.S.",40.0,2020-07-09,,Finance,0,Acquired,26,India,7/10/2020
Paystack,"Lagos, Non-U.S.",33.0,2023-11-16,,Finance,0,Acquired,10,Nigeria,11/17/2023
Paytm,"New Delhi, Non-U.S.",500.0,2020-04-21,,Finance,0,Unknown,2200,India,4/22/2020
Paytm,"Noida, Non-U.S.",1000.0,2023-12-25,,Finance,0,Unknown,0,India,12/26/2023
Paytm,"Noida, Non-U.S.",3500.0,2024-06-10,,Finance,0,Subsidiary,0,India,6/10/2024
Paytm,"Noida, Non-U.S.",400.0,2026-06-09,0.01,Finance,0,Subsidiary,0,India,6/22/2026
PayU,"Amsterdam, Non-U.S.",150.0,2022-12-26,0.06,Finance,0,Acquired,0,Netherlands,12/26/2022
"Pear Therapeutics",Boston,170.0,2023-04-07,0.92,Healthcare,0,Post-IPO,409,"United States",4/8/2023
"Pear Therapeutics",Boston,25.0,2022-07-25,0.09,Healthcare,0,Post-IPO,409,"United States",7/26/2022
"Pear Therapeutics",Boston,59.0,2022-11-14,0.22,Healthcare,0,Post-IPO,409,"United States",11/17/2022
"Pear Therapeutics",Boston,59.0,2022-11-16,0.22,Healthcare,0,Post-IPO,409,"United States",12/11/2022
Pebble,"SF Bay Area",,2023-10-24,1.0,Consumer,0,Seed,1,"United States",10/25/2023
Pebblepost,"New York City",,2020-04-01,0.6,Marketing,0,"Series C",81,"United States",4/6/2020
"Pecan AI","Tel Aviv, Non-U.S.",30.0,2023-01-05,0.25,Data,0,"Series C",116,Israel,1/9/2023
Peek,"Salt Lake City",45.0,2020-03-20,,Travel,0,"Series B",39,"United States",4/3/2020
Peerfit,"Tampa Bay",,2020-03-24,0.4,HR,0,Unknown,47,"United States",3/30/2020
Peerspace,"SF Bay Area",41.0,2020-03-26,0.75,"Real Estate",0,"Series B",34,"United States",3/31/2020
PeerStreet,"Los Angeles",51.0,2020-03-30,0.3,Finance,0,"Series C",110,"United States",3/31/2020
PeerStreet,"Los Angeles",75.0,2022-05-25,,Finance,0,"Series C",121,"United States",5/28/2022
PeerStreet,"Los Angeles",,2023-02-21,,"Real Estate",0,"Series C",121,"United States",2/22/2023
Pegasystems,Boston,240.0,2023-08-31,0.04,HR,0,Post-IPO,0,"United States",9/1/2023
Pegasystems,Boston,245.0,2023-01-03,0.04,HR,0,Post-IPO,0,"United States",1/4/2023
Peloton,"New York City",,2025-08-07,0.06,Fitness,0,Post-IPO,1900,"United States",8/10/2025
Peloton,"New York City",,2026-01-30,0.11,Fitness,0,Post-IPO,1900,"United States",2/3/2026
Peloton,"New York City",11.0,2023-07-13,,Fitness,0,Post-IPO,1900,"United States",7/17/2023
Peloton,"New York City",2800.0,2022-02-08,0.2,Fitness,0,Post-IPO,1900,"United States",2/8/2022
Peloton,"New York City",400.0,2024-05-02,0.15,Fitness,0,Post-IPO,1900,"United States",5/2/2024
Peloton,"New York City",500.0,2022-10-06,0.12,Fitness,0,Post-IPO,1900,"United States",10/6/2022
Peloton,"New York City",784.0,2022-08-12,0.13,Fitness,0,Post-IPO,1900,"United States",8/12/2022
Pendo,Raleigh,100.0,2023-06-12,0.12,Product,0,"Series F",469,"United States",6/12/2023
Pendo,Raleigh,45.0,2022-09-07,0.05,Product,0,"Series F",469,"United States",9/10/2022
Pendo,Raleigh,90.0,2026-04-07,0.1,Product,0,"Series F",469,"United States",4/8/2026
Pentera,Boston,40.0,2026-04-27,0.08,Security,0,"Series D",249,"United States",4/30/2026
People.ai,"SF Bay Area",30.0,2020-04-17,0.18,Marketing,0,"Series C",100,"United States",4/17/2020
People.ai,"SF Bay Area",,2022-07-22,,Sales,0,"Series D",200,"United States",7/26/2022
PeopleGrove,"SF Bay Area",,2020-04-03,,HR,0,"Series A",7,"United States",4/7/2020
"Pepper Pay",Miami,,2026-04-09,1.0,Finance,0,Unknown,0,"United States",4/17/2026
"Perceptive Automata",Boston,,2022-08-01,1.0,Transportation,0,"Series A",20,"United States",8/4/2022
"Perfect Day","SF Bay Area",134.0,2023-07-06,0.15,Food,0,"Series D",711,"United States",7/13/2023
"Perimeter 81","Tel Aviv, Non-U.S.",20.0,2022-12-06,0.08,Security,0,"Series C",165,Israel,12/7/2022
Perion,"Tel Aviv, Non-U.S.",20.0,2022-08-08,0.05,Marketing,0,Post-IPO,76,Israel,8/8/2022
Perion,"Tel Aviv, Non-U.S.",35.0,2024-06-25,0.05,Marketing,0,Post-IPO,76,Israel,6/26/2024
Perkbox,"London, Non-U.S.",,2020-07-27,,HR,0,Unknown,30,"United Kingdom",7/27/2020
PerkSpot,Chicago,10.0,2020-04-06,0.1,HR,0,"Private Equity",50,"United States",4/10/2020
Permutive,"London, Non-U.S.",30.0,2022-08-10,0.12,Marketing,0,"Series C",105,"United Kingdom",8/10/2022
Permutive,"London, Non-U.S.",80.0,2023-04-11,0.4,Marketing,0,"Series C",105,"United Kingdom",4/14/2023
Personalis,"SF Bay Area",,2023-01-19,0.3,Healthcare,0,Post-IPO,225,"United States",1/20/2023
Personetics,"New York City",30.0,2023-01-05,0.08,Support,0,"Private Equity",178,"United States",1/6/2023
Personio,"Munich, Non-U.S.",100.0,2024-01-24,,HR,0,"Series E",724,Germany,1/25/2024
Personio,"Munich, Non-U.S.",115.0,2024-11-07,0.06,HR,0,"Series E",724,Germany,11/7/2024
Personio,"Munich, Non-U.S.",165.0,2025-10-29,0.1,HR,0,"Series E",724,Germany,10/31/2025
"Perx Health","Sydney, Non-U.S.",,2022-07-02,,Healthcare,0,Seed,2,Australia,7/4/2022
Pesto,"SF Bay Area",,2022-09-23,1.0,Other,0,Seed,6,"United States",9/24/2022
Petal,"New York City",,2020-05-12,,Finance,0,"Series B",47,"United States",5/15/2020
Petal,"New York City",,2022-08-18,0.1,Finance,0,"Series D",704,"United States",8/22/2022
Petal,"New York City",,2023-06-30,0.2,Finance,0,"Series D",704,"United States",12/4/2023
PetLove,"Sao Paulo, Non-U.S.",94.0,2023-02-13,,Retail,0,"Series C",225,Brazil,2/15/2023
PhableCare,"Bengaluru, Non-U.S.",,2023-02-14,0.7000000000000001,Healthcare,0,"Series B",40,India,2/15/2023
"Phantom Auto","SF Bay Area",100.0,2024-03-12,1.0,Transportation,0,Unknown,86,"United States",3/12/2024
PharmEasy,"Mumbai, Non-U.S.",,2022-12-10,,Healthcare,0,Unknown,1600,India,12/11/2022
PharmEasy,"Mumbai, Non-U.S.",,2023-05-01,,Healthcare,0,Unknown,1600,India,5/2/2023
PharmEasy,"Mumbai, Non-U.S.",40.0,2022-06-16,,Healthcare,0,Unknown,1600,India,6/17/2022
Philips,"Amsterdam, Non-U.S.",4000.0,2022-10-24,0.05,Healthcare,0,Post-IPO,0,Netherlands,1/21/2023
Philips,"Amsterdam, Non-U.S.",6000.0,2023-01-30,0.13,Healthcare,0,Post-IPO,0,Netherlands,1/30/2023
Phunware,Austin,,2023-07-20,,Other,0,Post-IPO,87,"United States",7/22/2023
"Physics Wallah","Noida, Non-U.S.",120.0,2023-11-19,0.01,Education,0,"Series A",100,India,11/20/2023
PickYourTrail,"Chennai, Non-U.S.",70.0,2020-05-21,0.35000000000000003,Travel,0,"Series A",3,India,9/14/2020
Picnic,Seattle,,2023-02-01,,Food,0,Unknown,52,"United States",2/22/2023
Picnic,Seattle,,2026-05-26,1.0,Food,0,Unknown,52,"United States",5/26/2026
"Pico Interactive","SF Bay Area",,2023-11-06,,Other,0,Acquired,62,"United States",11/7/2023
"Pico Interactive","SF Bay Area",400.0,2023-02-16,0.2,Other,0,Acquired,62,"United States",2/16/2023
PicoBrew,Seattle,,2020-04-30,1.0,Food,0,"Series A",15,"United States",5/1/2020
Picsart,Miami,90.0,2022-05-17,0.08,Consumer,0,"Series C",195,"United States",5/17/2022
"Pie Insurance","Washington D.C.",63.0,2023-05-18,0.14,Finance,0,"Series D",621,"United States",5/18/2023
Pier,"Sao Paulo, Non-U.S.",111.0,2023-01-12,0.39,Finance,0,"Series B",42,Brazil,1/12/2023
Pilot,"SF Bay Area",45.0,2023-06-16,0.13,Finance,0,Unknown,116,"United States",7/1/2023
"Ping Identity",Denver,,2023-11-14,,Security,0,Acquired,128,"United States",11/15/2023
Pinterest,"SF Bay Area",,2022-11-30,,Consumer,0,Post-IPO,1500,"United States",12/1/2022
Pinterest,"SF Bay Area",150.0,2023-02-01,,Consumer,0,Post-IPO,1500,"United States",2/2/2023
Pinterest,"SF Bay Area",700.0,2026-01-27,0.15,Consumer,0,Post-IPO,1500,"United States",1/27/2026
Pipe,"SF Bay Area",200.0,2025-11-16,0.5,Finance,0,"Series D",453,"United States",11/17/2025
Pipedrive,"Tallinn, Non-U.S.",,2023-11-30,,Sales,0,"Private Equity",90,Estonia,12/2/2023
Pipedrive,"Tallinn, Non-U.S.",143.0,2022-11-14,0.15,Sales,0,"Private Equity",90,Estonia,11/15/2022
Pipedrive,"Tallinn, Non-U.S.",31.0,2020-05-05,,Sales,0,"Series C",90,Estonia,5/7/2020
Pipl,Spokane,22.0,2022-06-23,0.13,Security,0,Unknown,19,"United States",6/23/2022
Pitch,"Berlin, Non-U.S.",59.0,2022-09-14,0.3,Marketing,0,"Series B",137,Germany,9/14/2022
Pitch,"Berlin, Non-U.S.",80.0,2024-01-08,0.67,Other,0,"Series B",138,Germany,1/8/2024
Pivo,"Abuja, Non-U.S.",,2023-12-05,1.0,Finance,0,Seed,3,Nigeria,12/7/2023
Pivot3,Austin,,2020-03-27,,Infrastructure,0,"Series H",273,"United States",3/28/2020
Pix,"SF Bay Area",,2022-08-24,,Food,0,Unknown,0,"United States",8/24/2022
Placer.ai,"SF Bay Area",150.0,2025-01-29,0.18,Data,0,Unknown,267,"United States",1/30/2025
Plaid,"SF Bay Area",260.0,2022-12-07,0.2,Finance,0,"Series D",734,"United States",12/7/2022
Planet,"SF Bay Area",117.0,2023-08-01,0.1,Aerospace,0,Post-IPO,574,"United States",8/1/2023
Planet,"SF Bay Area",180.0,2024-06-26,0.17,Aerospace,0,Post-IPO,574,"United States",6/29/2024
Planetly,"Berlin, Non-U.S.",200.0,2022-11-04,1.0,Other,0,Acquired,5,Germany,11/5/2022
PlanetScale,"SF Bay Area",,2024-03-06,,Data,0,"Series C",105,"United States",3/6/2024
Plato,"SF Bay Area",29.0,2022-08-23,0.5,HR,0,Seed,3,"United States",8/26/2022
PlaxidityX,"Tel Aviv, Non-U.S.",65.0,2025-07-23,0.36,Security,0,Acquired,25,Israel,12/8/2025
PlaxidityX,"Tel Aviv, Non-U.S.",80.0,2026-06-30,,Security,0,Acquired,25,Israel,7/1/2026
Playdots,"New York City",65.0,2022-10-13,1.0,Consumer,0,Acquired,10,"United States",11/5/2022
Playtika,"Tel Aviv, Non-U.S.",250.0,2022-05-31,0.06,Consumer,0,Post-IPO,0,Israel,5/31/2022
Playtika,"Tel Aviv, Non-U.S.",300.0,2024-01-11,0.1,Consumer,0,Post-IPO,0,Israel,1/12/2024
Playtika,"Tel Aviv, Non-U.S.",500.0,2026-01-14,0.15,Consumer,0,Post-IPO,0,Israel,1/15/2026
Playtika,"Tel Aviv, Non-U.S.",600.0,2022-12-09,0.15,Consumer,0,Post-IPO,0,Israel,12/11/2022
Playtika,"Tel Aviv, Non-U.S.",700.0,2025-11-17,0.2,Consumer,0,Post-IPO,0,Israel,11/23/2025
Playtika,"Tel Aviv, Non-U.S.",90.0,2025-06-05,,Consumer,0,Post-IPO,0,Israel,6/10/2025
Pleo,"Copenhagen, Non-U.S.",100.0,2025-11-19,0.12,Finance,0,"Series C",428,Denmark,11/23/2025
Pleo,"Copenhagen, Non-U.S.",150.0,2022-11-03,0.15,Finance,0,"Series C",428,Denmark,11/3/2022
Pleo,"Copenhagen, Non-U.S.",50.0,2026-06-12,,Finance,0,"Series C",428,Denmark,6/12/2026
Plerk,"Guadalajara, Non-U.S.",,2022-11-29,0.4,Finance,0,"Series A",13,Mexico,11/30/2022
Plex,"SF Bay Area",37.0,2023-06-28,0.2,Media,0,Unknown,81,"United States",6/28/2023
Pliops,"Tel Aviv, Non-U.S.",12.0,2022-08-16,0.09,Data,0,"Series D",205,Israel,8/18/2022
Plum,"Bengaluru, Non-U.S.",36.0,2022-11-09,0.1,Healthcare,0,"Series A",20,India,11/11/2022
Plume,Denver,24.0,2023-10-18,,Healthcare,0,"Series B",38,"United States",10/19/2023
Pluralsight,"Salt Lake City",,2023-04-21,,Education,0,Acquired,192,"United States",4/23/2023
Pluralsight,"Salt Lake City",,2023-07-25,,Education,0,Acquired,192,"United States",7/26/2023
Pluralsight,"Salt Lake City",,2025-06-24,0.17,Education,0,Acquired,192,"United States",6/27/2025
Pluralsight,"Salt Lake City",400.0,2022-12-12,0.2,Education,0,Acquired,192,"United States",12/12/2022
"Plus One Robotics","San Antonio",,2023-01-26,0.1,Other,0,"Series B",43,"United States",1/27/2023
"Pocket Aces","Mumbai, Non-U.S.",50.0,2023-02-06,0.25,Media,0,Unknown,19,India,2/6/2023
"Pocket FM","Bengaluru, Non-U.S.",100.0,2026-05-06,0.1,Media,0,"Series D",212,India,5/6/2026
"Pocket FM","Bengaluru, Non-U.S.",200.0,2024-07-27,,Media,0,"Series D",212,India,7/29/2024
"Pocket FM","Bengaluru, Non-U.S.",75.0,2025-01-16,,Media,0,"Series D",212,India,1/21/2025
Pocketmath,Singapore,21.0,2021-01-20,1.0,Marketing,0,Unknown,20,Singapore,1/21/2021
Podium,Lehi,,2023-08-09,,Support,0,"Series D",419,"United States",8/11/2023
Podium,Lehi,,2022-12-01,0.12,Support,0,"Series D",419,"United States",12/1/2022
Point,"SF Bay Area",61.0,2023-07-27,0.28,"Real Estate",0,"Series C",149,"United States",9/7/2023
PokerStars,"Leeds, Non-U.S.",,2023-10-15,,Consumer,0,Acquired,0,"United Kingdom",10/17/2023
PokerStars,"Leeds, Non-U.S.",,2026-07-07,,Consumer,0,Acquired,0,"United Kingdom",7/8/2026
Polarr,"SF Bay Area",10.0,2020-03-29,,Consumer,0,"Series A",13,"United States",4/8/2020
PolicyGenius,"New York City",170.0,2022-06-02,0.25,Finance,0,"Series E",286,"United States",6/2/2022
"Politico / Protocol","Washington D.C.",13.0,2020-04-21,,Media,0,Unknown,0,"United States",4/22/2020
Pollen,"London, Non-U.S.",,2022-08-10,1.0,Marketing,0,"Series C",238,"United Kingdom",8/10/2022
Pollen,"London, Non-U.S.",200.0,2022-05-10,0.33,Travel,0,"Series C",238,"United Kingdom",5/20/2022
Pollen,"London, Non-U.S.",69.0,2020-05-19,0.31,Travel,0,"Series B",88,"United Kingdom",5/19/2020
Polly,Burlington,47.0,2022-12-02,0.15,Finance,0,"Series C",184,"United States",12/4/2022
Polygon,"Bengaluru, Non-U.S.",100.0,2023-02-21,0.2,Crypto,0,Unknown,451,India,2/21/2023
Polygon,"Cayman Islands, Non-U.S.",,2026-07-16,,Crypto,0,Unknown,451,"Cayman Islands",7/20/2026
Polygon,"Cayman Islands, Non-U.S.",60.0,2026-01-16,,Crypto,0,Unknown,451,"Cayman Islands",1/16/2026
Polygon,"Cayman Islands, Non-U.S.",60.0,2024-02-01,0.19,Crypto,0,Unknown,451,"Cayman Islands",2/1/2024
"Pomelo Fashion","Bangkok, Non-U.S.",55.0,2022-09-08,0.08,Retail,0,Unknown,120,Thailand,9/10/2022
Poparazzi,"Los Angeles",,2023-04-28,1.0,Consumer,0,"Series A",15,"United States",5/3/2023
Popcore,"Berlin, Non-U.S.",,2024-02-13,,Consumer,0,Acquired,0,Germany,2/28/2024
Popin,"New York City",,2020-03-19,1.0,Fitness,0,Unknown,13,"United States",4/6/2020
Poppulo,Denver,85.0,2023-04-27,,HR,0,Acquired,30,"United States",4/29/2023
Porter,"Bengaluru, Non-U.S.",350.0,2025-11-04,0.18,Logistics,0,"Series F",357,India,11/7/2025
Poshmark,"SF Bay Area",,2023-02-24,0.02,Retail,0,Acquired,153,"United States",2/24/2023
Postmates,"SF Bay Area",180.0,2021-01-23,0.15,Food,0,Acquired,763,"United States",1/25/2021
Postscript,"SF Bay Area",43.0,2022-06-26,,Marketing,0,"Series C",106,"United States",6/25/2022
PowerReviews,Chicago,,2020-04-23,,Retail,0,Acquired,78,"United States",4/27/2020
PowerSchool,Sacramento,,2025-12-12,,Education,0,Acquired,31,"United States",12/15/2025
Practically,"Hyderabad, Non-U.S.",,2022-11-06,,Education,0,Unknown,14,India,11/6/2022
Practo,"Bengaluru, Non-U.S.",41.0,2023-04-08,,Healthcare,0,"Series D",222,India,4/9/2023
Prefect,"Washington D.C.",20.0,2025-03-25,,Data,0,"Series B",47,"United States",3/27/2025
PrepLadder,"New Delhi, Non-U.S.",145.0,2024-05-08,0.25,Education,0,Acquired,0,India,5/9/2024
Preply,Boston,26.0,2022-06-09,0.05,Education,0,"Series C",100,"United States",6/10/2022
Presto,"SF Bay Area",,2023-11-20,0.17,Food,0,Post-IPO,167,"United States",1/13/2024
Priceline,Norwalk,103.0,2024-06-28,0.07,Travel,0,Acquired,77,"United States",7/3/2024
"Prime Trust","Las Vegas",,2023-01-30,0.33,Crypto,0,"Series B",176,"United States",2/1/2023
Primer,"London, Non-U.S.",85.0,2022-12-09,0.33,Finance,0,"Series B",73,"United Kingdom",12/9/2022
Prisma,"SF Bay Area",,2023-01-19,0.28,Data,0,"Series B",56,"United States",1/21/2023
"Pristyn Care","Gurugram, Non-U.S.",120.0,2024-03-01,0.07,Healthcare,0,"Series E",177,India,3/1/2024
"Pristyn Care","Gurugram, Non-U.S.",300.0,2023-03-07,0.15,Healthcare,0,"Series E",177,India,3/7/2023
Privitar,"London, Non-U.S.",20.0,2021-01-27,,Data,0,"Series C",150,"United Kingdom",1/28/2021
Procore,"Los Angeles",180.0,2020-07-28,0.09,Construction,0,Unknown,649,"United States",7/28/2020
Procore,"Santa Barbara",,2024-01-30,0.04,Construction,0,Post-IPO,654,"United States",2/29/2024
"Product Hunt",,,2023-10-09,0.6,Consumer,0,Acquired,0,"United States",10/15/2023
Productboard,"SF Bay Area",,2024-01-26,,Product,0,"Series D",0,"United States",1/27/2024
Productboard,"SF Bay Area",,2023-08-31,0.1,Product,0,"Series D",0,"United States",1/27/2024
Productboard,"SF Bay Area",,2026-04-15,0.3,Product,0,"Series D",0,"United States",4/16/2026
Productboard,"SF Bay Area",100.0,2022-11-15,0.2,Product,0,"Series D",0,"United States",11/17/2022
Progrexion,"Salt Lake City",100.0,2022-05-05,,Finance,0,Acquired,202,"United States",4/19/2023
"Project Ronin","SF Bay Area",150.0,2024-03-01,1.0,Healthcare,0,Unknown,0,"United States",3/5/2024
Project44,Chicago,116.0,2023-09-14,,Logistics,0,Unknown,817,"United States",9/20/2023
Project44,Chicago,130.0,2023-05-26,0.1,Logistics,0,Unknown,817,"United States",5/27/2023
Project44,Chicago,63.0,2022-07-15,0.05,Logistics,0,Unknown,817,"United States",7/15/2022
Proofpoint,"SF Bay Area",280.0,2024-01-31,0.06,Security,0,Acquired,885,"United States",1/31/2024
Properly,"Toronto, Non-U.S.",71.0,2022-11-15,,"Real Estate",0,"Series B",154,Canada,11/17/2022
PropertyGuru,"Singapore, Non-U.S.",79.0,2024-02-27,,"Real Estate",0,Post-IPO,676,Singapore,2/27/2024
Propzy,"Ho Chi Minh City, Non-U.S.",,2022-06-07,0.5,"Real Estate",0,"Series A",33,Vietnam,9/15/2022
Propzy,"Ho Chi Minh City, Non-U.S.",,2022-09-13,1.0,"Real Estate",0,"Series A",33,Vietnam,9/15/2022
Prosus,"Amsterdam, Non-U.S.",,2023-01-25,0.3,Other,0,Unknown,0,Netherlands,1/25/2023
"Protego Trust Bank",Seattle,,2023-03-01,0.5,Crypto,0,"Series A",70,"United States",3/3/2023
Proterra,"SF Bay Area",300.0,2023-01-19,,Transportation,0,Post-IPO,1200,"United States",3/7/2023
Protocol,"SF Bay Area",60.0,2022-11-15,1.0,Media,0,Acquired,0,"United States",11/15/2022
"Protocol Labs","SF Bay Area",89.0,2023-02-03,0.2,Crypto,0,Unknown,10,"United States",2/4/2023
Proton.ai,Boston,,2022-11-29,,Sales,0,"Series A",20,"United States",12/3/2022
Protonn,"Bengaluru, Non-U.S.",,2022-01-20,1.0,Other,0,Seed,9,India,12/4/2023
Provi,Chicago,,2022-11-03,,Food,0,"Series C",150,"United States",11/5/2022
Providoor,"Melbourne, Non-U.S.",,2023-04-28,1.0,Food,0,Unknown,0,Australia,4/29/2023
PubMatic,"SF Bay Area",12.0,2024-10-07,0.01,Marketing,0,Post-IPO,63,"United States",10/7/2024
PuduTech,"Shenzen, Non-U.S.",1500.0,2022-07-08,,Other,0,"Series C",184,China,8/4/2022
"Pulse Secure","SF Bay Area",78.0,2020-12-23,,Security,0,Acquired,0,"United States",12/28/2020
Puppet,Portland,,2022-08-03,0.15,Infrastructure,0,Acquired,189,"United States",8/8/2022
Puppet,Portland,50.0,2020-03-26,0.1,Infrastructure,0,"Series F",149,"United States",3/28/2020
"Pure Storage","SF Bay Area",275.0,2024-02-08,,Data,0,Post-IPO,529,"United States",2/8/2024
Purse,"SF Bay Area",,2020-04-16,1.0,Crypto,0,Seed,1,"United States",4/16/2020
Q4,"Toronto, Non-U.S.",50.0,2022-08-23,0.08,Other,0,"Series C",91,Canada,8/24/2022
Qin1,"Noida, Non-U.S.",,2022-10-14,1.0,Education,0,Seed,0,India,10/15/2022
Qoala,"Jakarta, Non-U.S.",80.0,2023-07-31,,Finance,0,"Series B",89,Indonesia,8/5/2023
Qomplx,"Washington D.C.",60.0,2023-08-04,,AI,0,"Series A",107,"United States",8/5/2023
"Qt Company","Oslo, Non-U.S.",200.0,2026-04-20,,Product,0,"Series B",7,Norway,6/9/2026
Quadream,"Tel Aviv, Non-U.S.",,2023-04-16,1.0,Security,0,Unknown,0,Israel,4/17/2023
Qualcomm,"Haifa, Non-U.S.",30.0,2023-05-23,,Hardware,0,Post-IPO,0,Israel,6/2/2023
Qualcomm,"San Diego",104.0,2026-04-09,,Hardware,0,Post-IPO,0,"United States",6/9/2026
Qualcomm,"San Diego",1258.0,2023-10-12,0.02,Hardware,0,Post-IPO,0,"United States",10/13/2023
Qualcomm,"San Diego",153.0,2022-12-22,,Hardware,0,Post-IPO,0,"United States",1/4/2023
Qualcomm,"SF Bay Area",84.0,2023-06-16,,Hardware,0,Post-IPO,0,"United States",7/19/2023
Qualtrics,"Salt Lake City",270.0,2023-01-11,0.05,Other,0,Post-IPO,400,"United States",1/12/2023
Qualtrics,"Salt Lake City",780.0,2023-10-04,0.14,Other,0,Acquired,400,"United States",10/4/2023
Quandoo,"Berlin, Non-U.S.",,2026-03-26,1.0,Food,0,Acquired,39,Germany,4/17/2026
Quandoo,"Berlin, Non-U.S.",87.0,2021-02-03,0.2,Food,0,Acquired,39,Germany,2/18/2021
"Quanergy Systems","SF Bay Area",72.0,2022-12-14,,Transportation,0,Post-IPO,175,"United States",12/15/2022
Quantcast,"SF Bay Area",30.0,2020-04-08,0.05,Marketing,0,"Series C",65,"United States",4/8/2020
Quantcast,"SF Bay Area",40.0,2022-07-29,0.06,Marketing,0,"Series C",65,"United States",8/2/2022
Quanterix,Boston,130.0,2022-08-09,0.25,Healthcare,0,Post-IPO,533,"United States",11/17/2022
Quanto,"Sao Paulo, Non-U.S.",,2023-05-16,0.85,Finance,0,"Series A",20,Brazil,5/18/2023
Quanto,"Sao Paulo, Non-U.S.",28.0,2022-07-22,0.22,Finance,0,"Series A",15,Brazil,7/25/2022
"Quantum SI","New Haven",,2023-01-30,0.12,Healthcare,0,Post-IPO,425,"United States",2/3/2023
Quartz,"New York City",80.0,2020-05-14,0.4,Media,0,Acquired,0,"United States",5/14/2020
Quibi,"Los Angeles",,2020-10-21,1.0,Media,0,"Private Equity",1800,"United States",10/22/2020
Quicko,"Sao Paulo, Non-U.S.",60.0,2022-09-12,,Transportation,0,Acquired,28,Brazil,9/13/2022
Quidax,"Lagos, Non-U.S.",20.0,2022-11-24,0.2,Crypto,0,Unknown,3,Nigeria,11/26/2022
Quillt,"St. Louis",,2023-02-09,,Media,0,Unknown,0,"United States",2/10/2023
QuintoAndar,"Sao Paulo, Non-U.S.",160.0,2022-04-19,0.04,"Real Estate",0,"Series E",755,Brazil,4/24/2022
QuintoAndar,"Sao Paulo, Non-U.S.",88.0,2020-04-17,0.08,"Real Estate",0,"Series D",335,Brazil,4/18/2020
Quizac,"Lagos, Non-U.S.",,2024-08-13,1.0,Education,0,Acquired,0,Nigeria,9/4/2024
Quizlet,"SF Bay Area",79.0,2026-06-05,,Education,0,"Series C",62,"United States",6/12/2026
Quizy,"Gurugram, Non-U.S.",,2023-08-09,1.0,Consumer,0,Seed,0,India,8/9/2023
Qumulo,Seattle,80.0,2022-06-29,0.19,Data,0,"Series E",347,"United States",6/30/2022
Quora,"SF Bay Area",,2023-01-26,,Consumer,0,"Series D",226,"United States",1/27/2023
Quora,"SF Bay Area",,2026-04-16,,Consumer,0,"Series D",226,"United States",4/20/2026
Qwick,Phoenix,,2020-04-27,0.7000000000000001,Recruiting,0,Seed,4,"United States",4/28/2020
Qyuki,"Bengaluru, Non-U.S.",,2023-06-29,0.3,Other,0,Seed,19,India,7/5/2023
R3,"New York City",,2023-09-14,0.2,Crypto,0,"Series A",112,"United States",9/14/2023
Rackspace,"San Antonio",,2026-06-16,0.15,Data,0,Acquired,17,"United States",6/19/2026
Rackspace,"San Antonio",275.0,2023-03-27,,Data,0,Acquired,17,"United States",3/28/2023
"Rad Power Bikes",Seattle,,2023-04-27,,Transportation,0,"Series D",329,"United States",8/1/2024
"Rad Power Bikes",Seattle,,2024-08-01,,Transportation,0,"Series D",329,"United States",8/1/2024
"Rad Power Bikes",Seattle,100.0,2022-04-12,0.14,Transportation,0,"Series D",329,"United States",5/5/2022
"Rad Power Bikes",Seattle,40.0,2023-07-10,,Transportation,0,"Series D",329,"United States",8/1/2024
"Rad Power Bikes",Seattle,63.0,2022-07-21,0.1,Transportation,0,"Series D",329,"United States",7/21/2022
Rain,"Manama, Non-U.S.",,2022-06-02,,Finance,0,"Series B",202,Bahrain,6/4/2022
RainFocus,"Salt Lake City",,2020-04-07,,Marketing,0,"Private Equity",41,"United States",4/9/2020
Raken,"San Diego",60.0,2020-03-27,,Construction,0,"Series A",12,"United States",4/5/2020
"Ranger Insurance","New York City",,2024-04-01,1.0,Finance,0,Seed,5,"United States",4/2/2024
Rangle,"Toronto, Non-U.S.",78.0,2020-03-25,0.3,Product,0,Unknown,0,Canada,3/28/2020
Rapid,"SF Bay Area",115.0,2023-04-25,0.5,Finance,0,"Series D",272,"United States",4/25/2023
Rapid,"SF Bay Area",70.0,2023-04-25,0.3,Finance,0,"Series D",272,"United States",5/5/2023
Rapid7,Boston,470.0,2023-08-08,0.18,Security,0,Post-IPO,89,"United States",8/8/2023
Rappi,"Buenos Aires, Non-U.S.",,2023-01-17,,Food,0,Unknown,2300,Argentina,1/20/2023
Rapyd,"Tel Aviv, Non-U.S.",,2022-11-22,,Finance,0,Unknown,770,Israel,11/30/2022
Rapyd,"Tel Aviv, Non-U.S.",,2026-05-28,,Finance,0,Unknown,770,Israel,5/28/2026
Rapyd,"Tel Aviv, Non-U.S.",30.0,2024-06-18,,Finance,0,Unknown,770,Israel,6/19/2024
Rasa,"Berlin, Non-U.S.",59.0,2022-03-30,0.4,Data,0,"Series B",40,Germany,3/30/2022
RateGenius,Austin,,2023-01-17,,Finance,0,Acquired,2,"United States",1/18/2023
"RDX Works","London, Non-U.S.",,2023-03-07,0.25,Crypto,0,Unknown,6,"United Kingdom",3/23/2023
Reach,"Calgary, Non-U.S.",,2022-12-16,0.12,Retail,0,"Series A",30,Canada,12/19/2022
"Ready Robotics",Columbus,,2024-08-09,,Manufacturing,0,Unknown,41,"United States",8/9/2024
Reali,"SF Bay Area",140.0,2022-08-24,1.0,"Real Estate",0,"Series B",117,"United States",8/24/2022
RealPage,Dallas,260.0,2024-06-27,0.04,"Real Estate",0,Acquired,105,"United States",7/3/2024
reAlpha,Columbus,,2026-05-06,0.25,"Real Estate",0,Post-IPO,229,"United States",5/10/2026
RealSelf,Seattle,,2024-12-19,,Healthcare,0,"Series B",42,"United States",1/15/2025
RealSelf,Seattle,11.0,2022-07-21,0.05,Healthcare,0,"Series B",42,"United States",7/21/2022
RealSelf,Seattle,40.0,2020-04-21,0.13,Healthcare,0,"Series B",42,"United States",4/22/2020
Realtor.com,"SF Bay Area",,2022-09-08,,"Real Estate",0,Acquired,0,"United States",9/10/2022
"Rebel Foods","Mumbai, Non-U.S.",,2023-01-16,0.02,Food,0,Unknown,548,India,1/16/2023
"Rebellion Defense","Washington D.C.",90.0,2023-04-27,,Data,0,"Series B",150,"United States",4/29/2023
"Rec Room",Seattle,,2025-03-03,0.16,Consumer,0,"Series F",294,"United States",3/5/2025
"Rec Room",Seattle,,2026-03-31,1.0,Consumer,0,"Series F",294,"United States",4/1/2026
"Rec Room",Seattle,141.0,2025-08-27,,Consumer,0,"Series F",294,"United States",8/30/2025
Recast,"Edinburgh, Non-U.S.",,2023-09-22,1.0,Media,0,"Series A",14,"United Kingdom",9/24/2023
Received,"New York City",,2024-08-23,1.0,Finance,0,Unknown,0,"United States",8/28/2024
Recharge,"Los Angeles",84.0,2022-10-27,0.17,Finance,0,"Series B",277,"United States",10/28/2022
Recur,Miami,,2023-08-21,,Crypto,0,"Series A",55,"United States",8/23/2023
"Recur Forever",Miami,235.0,2022-12-07,,Crypto,0,"Series A",55,"United States",1/20/2023
"Red Hat",Raleigh,760.0,2023-04-24,0.04,Other,0,Acquired,0,"United States",4/24/2023
Redbox,Chicago,1000.0,2024-07-10,1.0,Media,0,Acquired,51,"United States",7/22/2024
Redbubble,"Melbourne, Non-U.S.",,2023-01-18,0.14,Retail,0,Post-IPO,55,Australia,1/18/2023
Redbubble,"Melbourne, Non-U.S.",70.0,2023-05-10,0.23,Retail,0,Post-IPO,55,Australia,5/10/2023
Reddit,"SF Bay Area",90.0,2023-06-06,0.05,Consumer,0,"Series F",1300,"United States",6/6/2023
RedDoorz,"Singapore, Non-U.S.",,2020-04-14,,Travel,0,"Series C",134,Singapore,4/28/2020
RedDoorz,"Singapore, Non-U.S.",,2020-04-08,0.1,Travel,0,"Series C",134,Singapore,5/10/2020
"Redesign Health","New York City",67.0,2022-10-10,0.2,Healthcare,0,"Series C",315,"United States",10/10/2022
"Redesign Health","New York City",77.0,2024-02-13,,Healthcare,0,Unknown,315,"United States",2/14/2024
"Redesign Health","New York City",77.0,2024-02-23,,Healthcare,0,"Series C",315,"United States",2/24/2024
Redfin,Seattle,201.0,2023-04-11,0.04,"Real Estate",0,Post-IPO,320,"United States",4/14/2023
Redfin,Seattle,236.0,2020-04-07,0.07,"Real Estate",0,Post-IPO,319,"United States",4/7/2020
Redfin,Seattle,450.0,2025-02-12,,"Real Estate",0,Post-IPO,320,"United States",2/18/2025
Redfin,Seattle,46.0,2025-01-09,,"Real Estate",0,Post-IPO,320,"United States",1/15/2025
Redfin,Seattle,470.0,2022-06-14,0.08,"Real Estate",0,Post-IPO,319,"United States",6/14/2022
Redfin,Seattle,82.0,2024-08-22,0.02,"Real Estate",0,Post-IPO,320,"United States",8/28/2024
Redfin,Seattle,862.0,2022-11-09,0.13,"Real Estate",0,Post-IPO,320,"United States",11/9/2022
Redis,"SF Bay Area",200.0,2026-07-13,,Data,0,"Series G",357,"United States",7/13/2026
Redox,Madison,44.0,2020-06-16,0.25,Healthcare,0,"Series C",50,"United States",6/23/2020
"REE Automotive","Tel Aviv, Non-U.S.",100.0,2023-02-09,0.5,Transportation,0,Post-IPO,317,Israel,12/8/2025
"REE Automotive","Tel Aviv, Non-U.S.",31.0,2023-02-09,0.11,Transportation,0,Post-IPO,317,Israel,2/11/2023
Reef,Miami,750.0,2022-05-06,0.05,Transportation,0,Unknown,1500,"United States",5/6/2022
Refinery29,"New York City",,2024-12-17,,Media,0,Acquired,134,"United States",12/18/2024
Reforge,"SF Bay Area",,2022-11-10,,Education,0,"Series B",81,"United States",11/12/2022
Reforge,"SF Bay Area",,2023-04-11,,Education,0,"Series B",81,"United States",4/12/2023
Refurbed,"Vienna, Non-U.S.",,2025-02-06,0.2,Retail,0,"Series C",191,Austria,5/15/2026
"Regrow Ag",Durham,,2024-08-16,0.19,Food,0,"Series B",64,"United States",8/20/2024
Relativity,Chicago,150.0,2022-12-07,0.1,Legal,0,"Private Equity",125,"United States",12/8/2022
Relevel,"Bengaluru, Non-U.S.",40.0,2023-01-10,0.2,HR,0,Unknown,0,India,1/12/2023
"Reliance JioMart","Mumbai, Non-U.S.",1000.0,2023-05-23,,Food,0,Subsidiary,0,India,5/23/2023
"Religion of Sports","Los Angeles",,2023-02-15,,Media,0,"Series B",63,"United States",2/26/2023
Remarkable,"Oslo, Non-U.S.",200.0,2026-04-22,,Hardware,0,Unknown,104,Norway,5/20/2026
Remedy,Austin,82.0,2020-10-29,,Healthcare,0,"Series A",13,"United States",11/3/2020
Remesh,"New York City",,2022-07-01,,Support,0,"Series A",38,"United States",7/6/2022
Remote,"SF Bay Area",100.0,2022-07-06,0.09,HR,0,"Series C",496,"United States",7/6/2022
"Remote Year",Chicago,50.0,2020-03-19,0.5,Travel,0,"Series B",17,"United States",3/28/2020
Renmoney,"Lagos, Non-U.S.",391.0,2020-04-28,0.5,Finance,0,Unknown,0,Nigeria,5/15/2020
RenoRun,"Montreal, Non-U.S.",,2023-04-26,1.0,Construction,0,"Series B",163,Canada,5/2/2023
RenoRun,"Montreal, Non-U.S.",210.0,2022-10-27,0.43,Construction,0,"Series B",163,Canada,10/28/2022
RenoRun,"Montreal, Non-U.S.",70.0,2022-08-04,0.12,Construction,0,"Series B",163,Canada,8/17/2022
"Rent the Runway","New York City",,2020-03-28,,Retail,0,"Series F",541,"United States",3/29/2020
"Rent the Runway","New York City",,2022-09-12,0.24,Retail,0,Post-IPO,526,"United States",9/13/2022
"Rent the Runway","New York City",37.0,2024-01-09,0.1,Retail,0,Post-IPO,526,"United States",1/9/2024
"Repertoire Immune Medicines",Boston,65.0,2022-11-08,0.5,Healthcare,0,"Series B",257,"United States",11/9/2022
Replicated,"Los Angeles",50.0,2022-05-31,,Infrastructure,0,"Series C",85,"United States",6/1/2022
Replit,"SF Bay Area",30.0,2024-05-16,0.2,Product,0,Unknown,222,"United States",5/16/2024
ResearchGate,"Berlin, Non-U.S.",25.0,2022-11-28,0.1,Other,0,"Series D",87,Germany,11/28/2022
Reserve,"SF Bay Area",,2023-02-17,,Crypto,0,Unknown,0,"United States",3/3/2023
ReshaMandi,"Bengaluru, Non-U.S.",,2024-06-20,0.8,Food,0,Unknown,54,India,6/23/2024
ReshaMandi,"Bengaluru, Non-U.S.",,2024-08-20,1.0,Food,0,Unknown,54,India,8/22/2024
Restaurant365,"Los Angeles",100.0,2025-08-14,0.09,Food,0,"Series C",127,"United States",8/18/2025
Restaurant365,"Los Angeles",175.0,2020-03-27,,Food,0,"Series C",127,"United States",3/28/2020
Retention.com,Austin,15.0,2024-08-16,,Marketing,0,Unknown,0,"United States",8/20/2024
Retool,"SF Bay Area",,2023-06-22,0.09,Other,0,"Series C",141,"United States",6/22/2023
Retrain.ai,"New York City",20.0,2025-07-02,1.0,HR,0,Unknown,34,Israel,12/8/2025
Rev.com,Austin,85.0,2022-10-07,,Data,0,"Series D",30,"United States",10/12/2022
Revel,"New York City",1000.0,2024-06-06,,Transportation,0,Unknown,214,"United States",6/10/2024
Revelate,"Montreal, Non-U.S.",24.0,2022-12-16,0.3,Data,0,"Series A",26,Canada,12/19/2022
Reverb,Chicago,40.0,2024-09-20,,Retail,0,Acquired,47,"United States",9/26/2024
Revolut,"London, Non-U.S.",60.0,2020-05-11,0.03,Finance,0,"Series D",837,"United Kingdom",5/20/2020
Rewind,"Ottawa, Non-U.S.",,2023-03-22,,Data,0,"Series B",80,Canada,3/22/2023
Rewire,"Tel Aviv, Non-U.S.",110.0,2026-02-04,,Finance,0,Acquired,57,Israel,2/18/2026
"Reynen Court","Amsterdam, Non-U.S.",,2022-11-22,,Legal,0,Unknown,23,Netherlands,7/26/2023
Rezi,"New York City",,2024-04-01,1.0,"Real Estate",0,"Series B",230,"United States",4/2/2024
Rhino,"New York City",57.0,2022-02-03,0.2,"Real Estate",0,Unknown,133,"United States",2/4/2022
Rhumbix,"SF Bay Area",16.0,2020-04-10,0.27,Construction,0,"Series B",35,"United States",4/13/2020
Ribbon,"New York City",136.0,2022-07-28,,"Real Estate",0,"Series C",405,"United States",7/29/2022
Ribbon,"New York City",170.0,2022-11-14,0.85,"Real Estate",0,"Series C",405,"United States",11/22/2022
Ridecell,"SF Bay Area",35.0,2020-05-14,0.15,Transportation,0,"Series B",73,"United States",5/19/2020
"Rigetti Computing","SF Bay Area",,2023-02-10,0.28,Hardware,0,Post-IPO,298,"United States",2/10/2023
RigUp,Austin,120.0,2020-03-30,0.25,Energy,0,"Series D",423,"United States",3/31/2020
RingCentral,"SF Bay Area",,2022-11-09,0.1,Other,0,Post-IPO,44,"United States",11/10/2022
RingCentral,"SF Bay Area",30.0,2023-01-17,,Other,0,Post-IPO,44,"United States",1/18/2023
RingCentral,"SF Bay Area",50.0,2022-08-04,,Support,0,Post-IPO,44,"United States",8/4/2022
"Riot Games","Los Angeles",46.0,2023-01-19,,Consumer,0,Acquired,21,"United States",1/20/2023
"Riot Games","Los Angeles",530.0,2024-01-22,0.11,Consumer,0,Acquired,21,"United States",1/22/2024
Ripl,Seattle,,2023-07-26,,Marketing,0,Unknown,9,"United States",4/10/2024
RiseUp,"Tel Aviv, Non-U.S.",50.0,2024-04-30,0.5,Finance,0,"Series B",30,Israel,6/5/2024
Riskified,"New York City",,2025-02-19,,Retail,0,Post-IPO,229,"United States",2/21/2025
Riskified,"New York City",40.0,2024-02-13,0.06,Retail,0,Post-IPO,229,"United States",2/14/2024
Ritual,"Toronto, Non-U.S.",196.0,2020-04-02,0.54,Food,0,"Series C",112,Canada,4/2/2020
Ritual,"Toronto, Non-U.S.",23.0,2022-06-22,0.16,Food,0,"Series C",134,Canada,6/23/2022
Ritual,"Toronto, Non-U.S.",38.0,2023-06-21,0.4,Food,0,"Series C",134,Canada,6/24/2023
Rivian,Detroit,,2024-04-17,0.01,Transportation,0,Post-IPO,10700,"United States",4/18/2024
Rivian,Detroit,,2026-06-16,0.02,Transportation,0,Post-IPO,10700,"United States",6/16/2026
Rivian,Detroit,,2023-02-01,0.06,Transportation,0,Post-IPO,10700,"United States",2/1/2023
Rivian,Detroit,,2024-02-21,0.1,Transportation,0,Post-IPO,10700,"United States",2/22/2024
Rivian,Detroit,20.0,2023-12-07,,Transportation,0,Post-IPO,10700,"United States",12/22/2023
Rivian,Detroit,40.0,2020-06-02,0.02,Transportation,0,"Private Equity",3100,"United States",6/3/2020
Rivian,Detroit,840.0,2022-07-27,0.06,Transportation,0,Post-IPO,10700,"United States",7/28/2022
Rivian,"Los Angeles",120.0,2024-05-10,,Transportation,0,Post-IPO,10700,"United States",5/11/2024
Rivian,"Los Angeles",140.0,2025-06-26,0.01,Transportation,0,Post-IPO,10700,"United States",6/27/2025
Rivian,"Los Angeles",150.0,2024-05-03,0.01,Transportation,0,Post-IPO,10700,"United States",5/11/2024
Rivian,"Los Angeles",200.0,2025-09-05,0.01,Transportation,0,Post-IPO,10700,"United States",9/8/2025
Rivian,"Los Angeles",600.0,2025-10-23,0.04,Transportation,0,Post-IPO,10700,"United States",10/25/2025
Rivos,"SF Bay Area",24.0,2023-08-23,0.06,Hardware,0,Unknown,0,"United States",11/10/2023
Ro,"New York City",,2022-06-23,0.18,Healthcare,0,Unknown,1000,"United States",6/23/2022
"Robin AI","London, Non-U.S.",,2025-10-24,0.33,Legal,0,"Series B",68,"United Kingdom",10/28/2025
Robinhood,"SF Bay Area",,2023-09-21,,Finance,0,Post-IPO,5600,"United States",9/24/2023
Robinhood,"SF Bay Area",150.0,2023-06-26,0.07,Finance,0,Post-IPO,5600,"United States",6/26/2023
Robinhood,"SF Bay Area",290.0,2026-06-16,0.1,Finance,0,Post-IPO,6200,"United States",6/16/2026
Robinhood,"SF Bay Area",340.0,2022-04-26,0.09,Finance,0,Post-IPO,5600,"United States",4/26/2022
Robinhood,"SF Bay Area",713.0,2022-08-02,0.23,Finance,0,Post-IPO,5600,"United States",8/2/2022
Roblox,"New York City",30.0,2023-09-22,,Consumer,0,Post-IPO,857,"United States",9/22/2023
"Roblox China","Shenzen, Non-U.S.",15.0,2023-10-23,,Consumer,0,Subsidiary,0,China,10/25/2023
"Rock Content","Belo Horizonte, Non-U.S.",100.0,2020-04-06,0.2,Marketing,0,"Series A",1,Brazil,4/6/2020
"Rock Content",Miami,,2023-01-12,0.15,Marketing,0,"Series B",34,"United States",1/12/2023
"Rocket Companies",Detroit,,2025-07-18,0.02,"Real Estate",0,Post-IPO,5200,"United States",7/22/2025
Roku,"SF Bay Area",200.0,2023-03-30,0.06,Media,0,Post-IPO,208,"United States",3/30/2023
Roku,"SF Bay Area",200.0,2022-11-17,0.07,Media,0,Post-IPO,208,"United States",11/17/2022
Roku,"SF Bay Area",360.0,2023-09-06,0.1,Media,0,Post-IPO,208,"United States",9/6/2023
"Roof Stacks","Istanbul, Non-U.S.",220.0,2026-01-24,,Consumer,0,Seed,1,Turkey,5/25/2026
Roofstock,"SF Bay Area",,2022-10-20,0.2,"Real Estate",0,"Series E",365,"United States",10/22/2022
Roofstock,"SF Bay Area",,2023-03-22,0.27,"Real Estate",0,"Series E",365,"United States",3/23/2023
"Root Insurance",Columbus,137.0,2022-11-09,0.2,Finance,0,Post-IPO,527,"United States",11/10/2022
"Root Insurance",Columbus,330.0,2022-01-20,,Finance,0,Post-IPO,527,"United States",1/23/2022
Route,Lehi,,2022-12-05,,Retail,0,Unknown,481,"United States",12/7/2022
Rover,Seattle,194.0,2020-03-31,0.41000000000000003,Consumer,0,"Series G",310,"United States",3/31/2020
Rows,"Berlin, Non-U.S.",18.0,2022-06-29,0.3,Other,0,"Series B",25,Germany,8/5/2022
Ruangguru,"Jakarta, Non-U.S.",,2022-11-18,,Education,0,Unknown,205,Indonesia,11/21/2022
Rubica,Seattle,,2020-11-05,1.0,Security,0,"Series A",14,"United States",12/23/2020
"Rubicon Project","Los Angeles",50.0,2020-05-06,0.08,Marketing,0,Post-IPO,60,"United States",5/7/2020
"Rubicon Technologies",Lexington,,2022-11-15,0.11,Other,0,Post-IPO,382,"United States",11/19/2022
Rubius,Boston,,2022-11-03,0.8200000000000001,Healthcare,0,Post-IPO,445,"United States",11/17/2022
Rubius,Boston,160.0,2022-09-13,0.75,Healthcare,0,Post-IPO,445,"United States",11/17/2022
Rubrik,"SF Bay Area",57.0,2020-05-18,,Infrastructure,0,"Series E",553,"United States",6/25/2020
Ruggable,"Los Angeles",100.0,2023-01-27,,Retail,0,Seed,0,"United States",2/1/2023
"Running Tide",Portland,,2024-06-15,1.0,Energy,0,"Series B",54,"United States",6/19/2024
Runtastic,"Linz, Non-U.S.",170.0,2024-09-16,,Fitness,0,Acquired,0,Austria,9/17/2024
Runtastic,"Linz, Non-U.S.",70.0,2023-03-16,0.28,Fitness,0,Acquired,0,Austria,3/16/2023
Rupeek,"Bengaluru, Non-U.S.",180.0,2022-06-07,0.15,Finance,0,Unknown,172,India,6/7/2022
Rupeek,"Bengaluru, Non-U.S.",50.0,2022-09-07,,Finance,0,Unknown,172,India,9/8/2022
Saarthi.ai,"Bengaluru, Non-U.S.",,2023-07-20,,Support,0,Unknown,0,India,7/22/2023
Sabi,"Lagos, Non-U.S.",50.0,2025-06-19,0.2,Retail,0,"Series B",66,Nigeria,6/21/2025
Sabre,Dallas,1100.0,2023-05-04,0.15,Travel,0,Post-IPO,1700,"United States",5/5/2023
SADA,"Los Angeles",,2022-11-08,0.11,Other,0,Acquired,0,"United States",11/9/2022
SadaPay,"Islamabad, Non-U.S.",,2024-07-12,0.3,Finance,0,Acquired,20,Pakistan,7/16/2024
SafeGraph,"SF Bay Area",27.0,2022-06-27,0.25,Data,0,"Series B",61,"United States",6/28/2022
"Sage Therapeutics",Boston,340.0,2020-04-07,0.53,Healthcare,0,Post-IPO,438,"United States",4/8/2020
"Sage Therapeutics copy",Boston,290.0,2023-09-15,,Healthcare,0,Post-IPO,438,"United States",9/21/2023
Saks.com,"New York City",100.0,2023-01-19,0.05,Retail,0,Unknown,965,"United States",1/21/2023
"Sales Boomerang",Baltimore,20.0,2022-10-20,,Sales,0,"Private Equity",5,"United States",11/1/2022
Salesforce,"Dublin, Non-U.S.",30.0,2025-09-03,,Sales,0,Post-IPO,65,"United States",9/8/2025
Salesforce,"Dublin, Non-U.S.",50.0,2023-08-02,,Sales,0,Post-IPO,65,Ireland,8/4/2023
Salesforce,Seattle,93.0,2025-09-03,,Sales,0,Post-IPO,65,"United States",9/8/2025
Salesforce,"SF Bay Area",,2026-02-09,,Sales,0,Post-IPO,65,"United States",2/11/2026
Salesforce,"SF Bay Area",1000.0,2022-11-07,0.01,Sales,0,Post-IPO,65,"United States",11/9/2022
Salesforce,"SF Bay Area",1000.0,2025-02-03,0.01,Sales,0,Post-IPO,65,"United States",2/4/2025
Salesforce,"SF Bay Area",1000.0,2020-08-26,0.018500000000000003,Sales,0,Post-IPO,65,"United States",8/26/2020
Salesforce,"SF Bay Area",262.0,2025-09-04,,Sales,0,Post-IPO,65,"United States",9/8/2025
Salesforce,"SF Bay Area",300.0,2024-07-15,,Sales,0,Post-IPO,65,"United States",7/15/2024
Salesforce,"SF Bay Area",4000.0,2025-08-31,,Sales,0,Post-IPO,65,"United States",9/2/2025
Salesforce,"SF Bay Area",700.0,2024-01-26,0.01,Sales,0,Post-IPO,65,"United States",1/26/2024
Salesforce,"SF Bay Area",8000.0,2023-01-04,0.1,Sales,0,Post-IPO,65,"United States",1/4/2023
Salesforce,"SF Bay Area",86.0,2026-06-09,,Sales,0,Post-IPO,65,"United States",6/9/2026
Salesforce,"SF Bay Area",90.0,2022-10-13,,Sales,0,Post-IPO,65,"United States",10/14/2022
Salesloft,Atlanta,100.0,2023-02-07,0.1,Sales,0,Acquired,245,"United States",2/8/2023
SalesLoft,Atlanta,55.0,2020-05-07,,Sales,0,"Series D",145,"United States",5/8/2020
Salsify,Boston,110.0,2023-10-25,,Retail,0,Unknown,453,"United States",10/25/2023
Salsify,Boston,60.0,2020-04-03,0.13,Retail,0,"Series D",97,"United States",4/4/2020
Salsify,Boston,90.0,2022-11-16,0.11,Retail,0,"Series F",452,"United States",11/17/2022
Salto,"Tel Aviv, Non-U.S.",30.0,2025-06-10,0.5,Other,0,"Series B",69,Israel,6/12/2025
Sama,"Nairobi, Non-U.S.",1108.0,2026-04-16,,AI,0,"Series B",85,Kenya,5/15/2026
Sama,"SF Bay Area",,2022-09-12,,Data,0,"Series B",84,"United States",11/8/2022
SambaNova,"SF Bay Area",77.0,2025-04-25,0.15,AI,0,"Series D",1100,"United States",5/3/2025
Sami,"Sao Paulo, Non-U.S.",75.0,2022-06-14,0.15,Healthcare,0,Unknown,36,Brazil,6/14/2022
Sampler,"Toronto, Non-U.S.",,2024-08-15,1.0,Retail,0,"Series B",10,Canada,8/28/2024
Samsara,"SF Bay Area",300.0,2020-05-20,0.18,Logistics,0,"Series F",530,"United States",5/20/2020
Samsung,Dallas,100.0,2026-07-19,,Hardware,0,Post-IPO,0,"United States",7/22/2026
Samsung,"New York City",739.0,2026-07-19,,Hardware,0,Post-IPO,0,"United States",7/22/2026
Samsung,"SF Bay Area",30.0,2023-03-14,,Hardware,0,Post-IPO,0,"United States",3/15/2023
Sana,Seattle,,2022-11-30,0.15,Healthcare,0,"Series A",700,"United States",1/6/2023
"Sana Benefits",Austin,,2023-02-07,0.19,HR,0,"Series B",106,"United States",2/8/2023
"Sana Benefits",Austin,73.0,2023-11-01,0.5,HR,0,"Series B",106,"United States",11/2/2023
Sanar,"Sao Paulo, Non-U.S.",60.0,2022-06-10,0.2,Healthcare,0,Unknown,11,Brazil,6/11/2022
"Sandbox VR","SF Bay Area",80.0,2020-05-01,0.8,Consumer,0,"Series A",82,"United States",5/1/2020
Sandvine,"Waterloo, Non-U.S.",,2024-08-23,,Infrastructure,0,Acquired,63,Canada,8/28/2024
SAP,"Walldorf, Non-U.S.",3000.0,2023-01-26,0.03,Other,0,Post-IPO,1300,Germany,1/26/2023
SAP,"Walldorf, Non-U.S.",8000.0,2024-01-23,0.07,Other,0,Post-IPO,1300,Germany,1/24/2024
"SAP Labs","Bengaluru, Non-U.S.",300.0,2023-02-24,,Other,0,Subsidiary,1300,India,2/24/2023
Sapiens,"Tel Aviv, Non-U.S.",700.0,2025-12-28,0.15,Finance,0,Acquired,88,Israel,12/31/2025
Sarcos,Pittsburgh,150.0,2023-11-14,,Aerospace,0,Post-IPO,316,"United States",1/2/2024
Sarcos,"Salt Lake City",75.0,2023-07-17,0.25,Aerospace,0,Post-IPO,316,"United States",7/19/2023
SAS,Raleigh,,2023-07-13,,Data,0,Unknown,0,"United States",7/15/2023
SAS,Raleigh,250.0,2023-05-01,,Data,0,Unknown,0,"United States",7/5/2023
SAS,Raleigh,300.0,2026-06-26,,Data,0,Unknown,0,"United States",6/27/2026
Satellogic,"Montevideo, Non-U.S.",34.0,2024-05-24,0.13,Aerospace,0,Post-IPO,424,Uruguay,6/19/2024
Satellogic,"Montevideo, Non-U.S.",70.0,2024-06-14,0.3,Aerospace,0,Post-IPO,424,Uruguay,6/19/2024
"Sauce Labs","SF Bay Area",30.0,2020-04-02,0.15,Infrastructure,0,Unknown,151,"United States",4/14/2020
Sayurbox,"Jakarta, Non-U.S.",,2023-04-14,,Food,0,"Series C",139,Indonesia,5/26/2023
Sayurbox,"Jakarta, Non-U.S.",,2022-12-07,0.05,Food,0,"Series C",139,Indonesia,12/9/2022
"Scale AI","SF Bay Area",,2023-01-09,0.2,Data,0,"Series E",602,"United States",1/9/2023
"Scale AI","SF Bay Area",200.0,2025-07-16,0.14,Data,0,"Series E",602,"United States",7/17/2025
ScaleFactor,Austin,90.0,2020-06-23,0.9,Finance,0,"Series C",103,"United States",6/23/2020
ScaleFocus,"Sofia, Non-U.S.",120.0,2020-06-11,0.1,Infrastructure,0,Unknown,0,Bulgaria,6/11/2020
Scaler,"Bengaluru, Non-U.S.",150.0,2024-04-10,,Education,0,"Series B",55,India,4/10/2024
SchoolMint,"SF Bay Area",29.0,2023-10-05,0.14,Education,0,Acquired,8,"United States",10/6/2023
"Science 37","Los Angeles",140.0,2023-04-12,,Healthcare,0,Post-IPO,347,"United States",5/5/2023
"Science 37","Los Angeles",90.0,2022-11-14,,Healthcare,0,Post-IPO,347,"United States",11/14/2022
"SCiFi Foods","SF Bay Area",,2024-06-12,1.0,Food,0,"Series A",39,"United States",6/14/2024
Scoop,"SF Bay Area",,2020-11-17,,Transportation,0,"Series C",95,"United States",12/2/2020
Scoop,"SF Bay Area",92.0,2020-04-08,0.33,Transportation,0,"Series C",95,"United States",4/9/2020
Scope3,"New York City",,2025-09-05,,Energy,0,"Series B",45,"United States",9/8/2025
Scoro,"London, Non-U.S.",,2023-01-24,0.09,HR,0,"Series B",23,"United Kingdom",1/24/2023
"Scribe Media",Austin,90.0,2023-05-04,1.0,Marketing,0,Unknown,0,"United States",5/31/2023
Sea,"Bengaluru, Non-U.S.",350.0,2022-03-30,,Retail,0,Post-IPO,8600,India,3/30/2022
Sea,"Singapore, Non-U.S.",,2022-09-02,,Consumer,0,Post-IPO,8600,Singapore,9/2/2022
Seagate,"SF Bay Area",3000.0,2022-10-26,0.08,Hardware,0,Post-IPO,0,"United States",4/1/2023
Seagate,"SF Bay Area",480.0,2023-03-29,,Hardware,0,Post-IPO,0,"United States",4/1/2023
SeatGeek,"New York City",150.0,2025-02-20,0.15,Consumer,0,"Series E",400,"United States",2/21/2025
Secfi,"SF Bay Area",,2022-06-30,,Finance,0,"Series A",7,"United States",8/4/2022
Section4,"New York City",32.0,2022-05-12,,Education,0,"Series A",37,"United States",5/12/2022
SecureWorks,Atlanta,212.0,2023-02-07,0.09,Security,0,Post-IPO,83,"United States",2/7/2023
SecureWorks,Atlanta,300.0,2023-08-14,0.15,Security,0,Post-IPO,83,"United States",8/14/2023
Seedr,"London, Non-U.S.",15.0,2024-01-23,,Finance,0,Acquired,28,"United Kingdom",1/23/2024
Seegrid,Pittsburgh,90.0,2022-08-02,,Logistics,0,Unknown,107,"United States",8/4/2022
SeekOut,Seattle,,2024-05-16,0.3,Recruiting,0,"Series C",0,"United States",5/20/2024
SeekOut,Seattle,16.0,2023-10-05,0.07,Recruiting,0,"Series C",0,"United States",10/6/2023
Segment,"SF Bay Area",50.0,2020-05-06,0.1,Data,0,"Series D",283,"United States",5/7/2020
Selina,"London, Non-U.S.",350.0,2023-06-27,,Travel,0,Post-IPO,612,"United Kingdom",7/7/2023
SellerX,"Berlin, Non-U.S.",28.0,2022-07-19,,Retail,0,Unknown,766,Germany,7/21/2022
Sema4,Stamford,250.0,2022-08-15,0.13,Healthcare,0,Post-IPO,791,"United States",8/16/2022
Sema4,Stamford,500.0,2022-11-14,,Healthcare,0,Post-IPO,791,"United States",11/14/2022
SEND,"Sydney, Non-U.S.",300.0,2022-05-04,1.0,Food,0,Seed,3,Australia,5/9/2022
SendCloud,"Eindhoven, Non-U.S.",,2022-11-10,0.1,Logistics,0,"Series C",200,Netherlands,11/10/2022
Sendle,"Sydney, Non-U.S.",27.0,2022-07-04,0.12,Logistics,0,"Series C",69,Australia,7/4/2022
Sendoso,"SF Bay Area",,2023-10-03,,Marketing,0,"Series C",152,"United States",10/4/2023
Sendoso,"SF Bay Area",,2022-06-06,0.14,Marketing,0,"Series C",152,"United States",6/6/2022
Sendy,"Nairobi, Non-U.S.",,2023-08-08,1.0,Logistics,0,"Series B",26,Kenya,8/8/2023
Sendy,"Nairobi, Non-U.S.",30.0,2022-08-02,0.1,Logistics,0,"Series B",26,Kenya,8/2/2022
Sendy,"Nairobi, Non-U.S.",54.0,2022-08-02,0.2,Logistics,0,"Series B",26,Kenya,10/5/2022
SenseTime,"Hong Kong, Non-U.S.",,2023-08-28,,AI,0,Post-IPO,2600,"Hong Kong",8/28/2023
Sensibill,"Toronto, Non-U.S.",17.0,2020-04-01,0.2,Finance,0,"Series B",50,Canada,5/22/2020
"Sensor Tower","SF Bay Area",,2023-09-08,,Marketing,0,"Private Equity",46,"United States",9/9/2023
SentinelOne,"SF Bay Area",,2023-06-01,0.05,Security,0,Post-IPO,696,"United States",6/2/2023
SentinelOne,"SF Bay Area",230.0,2026-05-29,0.08,Security,0,Post-IPO,696,"United States",5/29/2026
Service,"Los Angeles",,2020-03-16,1.0,Travel,0,Seed,5,"United States",8/31/2020
Service,"Los Angeles",,2020-03-20,1.0,Travel,0,Seed,5,"United States",4/1/2020
ServiceNow,"SF Bay Area",54.0,2026-06-11,,Support,0,Post-IPO,84,"United States",6/12/2026
ServiceTitan,"Los Angeles",221.0,2023-02-15,0.08,Sales,0,"Series G",1100,"United States",2/16/2023
Sezzle,Minneapolis,,2022-03-10,0.2,Finance,0,Post-IPO,301,"United States",3/11/2022
Shakepay,"Montreal, Non-U.S.",21.0,2023-01-27,0.25,Crypto,0,"Series A",45,Canada,1/28/2023
"Share Now","Berlin, Non-U.S.",150.0,2022-12-09,0.36,Transportation,0,Acquired,0,Germany,12/13/2022
ShareChat,"Bengaluru, Non-U.S.",100.0,2022-12-02,,Consumer,0,Unknown,1700,India,12/3/2022
ShareChat,"Bengaluru, Non-U.S.",200.0,2023-12-20,0.15,Consumer,0,"Series H",1700,India,12/20/2023
ShareChat,"Bengaluru, Non-U.S.",500.0,2023-01-16,0.2,Consumer,0,"Series H",1700,India,1/16/2023
ShareChat,"Bengaluru, Non-U.S.",101.0,2020-05-20,0.25,Marketing,0,"Series D",222,India,5/20/2020
ShareChat,"Bengaluru, Non-U.S.",27.0,2025-01-15,0.05,Marketing,0,"Series D",222,India,1/16/2025
ShareChat,"Bengaluru, Non-U.S.",30.0,2024-08-03,0.05,Marketing,0,"Series D",222,India,8/5/2024
ShareFile,Raleigh,199.0,2024-11-07,,Other,0,Acquired,0,"United States",11/8/2024
Sharesies,"Wellington, Non-U.S.",,2023-02-02,,Finance,0,"Series C",60,"New Zealand",3/11/2023
Sharethrough,"SF Bay Area",18.0,2020-07-01,,Marketing,0,"Series D",38,"United States",7/2/2020
Shef,"SF Bay Area",29.0,2022-06-02,,Food,0,"Series A",28,"United States",6/3/2022
Shein,"Singapore, Non-U.S.",17.0,2024-09-30,,Retail,0,"Private Equity",4100,Singapore,10/1/2024
"Shelf Engine",Seattle,43.0,2022-07-29,,Food,0,"Series B",58,"United States",7/30/2022
Sherpa,"Toronto, Non-U.S.",22.0,2022-07-29,,Travel,0,Unknown,11,Canada,7/30/2022
Shift,"SF Bay Area",,2022-08-09,,Transportation,0,Post-IPO,504,"United States",8/9/2022
Shift,"SF Bay Area",,2023-03-29,0.3,Transportation,0,Post-IPO,504,"United States",3/29/2023
Shift,"SF Bay Area",,2023-07-11,0.34,Transportation,0,Post-IPO,504,"United States",7/13/2023
Shift,"SF Bay Area",,2023-10-06,1.0,Transportation,0,Post-IPO,504,"United States",10/8/2023
"SHINE Technologies",Milwaukee,59.0,2023-08-10,,Other,0,"Series C",672,"United States",8/11/2023
ShipBob,Chicago,,2022-08-25,0.07,Logistics,0,"Series E",330,"United States",8/26/2022
Shippo,"SF Bay Area",60.0,2022-11-03,0.2,Logistics,0,"Series E",154,"United States",11/4/2022
Shipsi,"Los Angeles",20.0,2020-04-28,0.5,Retail,0,Seed,2,"United States",4/28/2020
Shipt,Birmingham,,2023-10-24,0.03,Retail,0,Acquired,65,"United States",10/25/2023
Shogun,"SF Bay Area",48.0,2022-08-09,0.3,Retail,0,"Series C",114,"United States",8/10/2022
Shop101,"Mumbai, Non-U.S.",200.0,2020-04-15,0.4,Retail,0,"Series C",19,India,4/21/2020
ShopBack,"Singapore, Non-U.S.",195.0,2024-03-19,0.24,Retail,0,"Series F",355,Singapore,3/20/2024
Shopee,"Jakarta, Non-U.S.",,2022-11-14,,Food,0,Unknown,0,Indonesia,11/15/2022
Shopee,"Jakarta, Non-U.S.",,2022-09-18,,Food,0,Unknown,0,Indonesia,9/19/2022
Shopee,"Jakarta, Non-U.S.",200.0,2023-03-09,,Food,0,Unknown,0,Indonesia,3/10/2023
Shopee,"Singapore, Non-U.S.",,2022-06-14,,Food,0,Unknown,0,Singapore,6/14/2022
Shopee,"Singapore, Non-U.S.",,2026-06-10,0.08,Food,0,Unknown,0,Singapore,6/10/2026
Shopify,"Ottawa, Non-U.S.",,2026-01-22,,Retail,0,Post-IPO,122,Canada,1/26/2026
Shopify,"Ottawa, Non-U.S.",,2025-11-26,,Retail,0,Post-IPO,122,Canada,12/4/2025
Shopify,"Ottawa, Non-U.S.",1000.0,2022-07-26,0.1,Retail,0,Post-IPO,122,Canada,7/26/2022
Shopify,"Ottawa, Non-U.S.",2300.0,2023-05-04,0.2,Retail,0,Post-IPO,122,Canada,5/4/2023
Shopify,"Ottawa, Non-U.S.",30.0,2026-05-04,,Retail,0,Post-IPO,122,Canada,5/7/2026
Shopify,"Ottawa, Non-U.S.",30.0,2020-08-14,,Retail,0,Post-IPO,122,Canada,8/14/2020
Shopify,"Ottawa, Non-U.S.",50.0,2022-07-06,,Retail,0,Post-IPO,122,Canada,7/6/2022
Shopify,"Ottawa, Non-U.S.",70.0,2022-09-01,,Retail,0,Post-IPO,122,Canada,9/1/2022
ShopX,"Bengaluru, Non-U.S.",,2022-08-22,1.0,Retail,0,Unknown,56,India,8/24/2022
Showpad,Chicago,52.0,2020-04-01,0.12,Marketing,0,"Series D",159,"United States",4/1/2020
Showpad,"Ghent, Non-U.S.",50.0,2024-04-18,0.1,Marketing,0,"Series D",159,Belgium,4/24/2024
Shutterfly,"Haifa, Non-U.S.",80.0,2026-04-16,,Manufacturing,0,Post-IPO,50,"United States",4/17/2026
Shutterfly,Minneapolis,246.0,2023-08-10,,Manufacturing,0,Post-IPO,50,"United States",8/11/2023
Shutterfly,"SF Bay Area",360.0,2023-01-25,,Retail,0,Acquired,50,"United States",1/26/2023
Shutterfly,"SF Bay Area",800.0,2021-01-25,,Retail,0,Acquired,50,"United States",1/26/2023
Shuttl,"New Delhi, Non-U.S.",40.0,2020-04-02,,Transportation,0,"Series C",122,India,4/10/2020
Side,"SF Bay Area",,2022-10-19,,"Real Estate",0,Unknown,313,"United States",11/7/2022
Side,"SF Bay Area",,2022-06-01,0.1,"Real Estate",0,Unknown,313,"United States",6/1/2022
"Sidecar Health","Los Angeles",110.0,2022-06-28,0.4,Healthcare,0,"Series C",163,"United States",7/18/2022
"Sierra Space",Boulder,115.0,2023-11-16,,Aerospace,0,"Series B",1700,"United States",11/17/2023
SiFive,"SF Bay Area",130.0,2023-10-24,0.2,Hardware,0,"Series F",365,"United States",10/25/2023
Sift,"SF Bay Area",,2020-05-14,,Security,0,"Series D",106,"United States",5/29/2020
Sigfox,"Toulouse, Non-U.S.",64.0,2022-04-25,,Other,0,Acquired,277,France,2/23/2023
"Sight Diagnostics","Tel Aviv, Non-U.S.",40.0,2024-05-09,0.3,Healthcare,0,"Series D",124,Israel,6/5/2024
Sightful,"Tel Aviv, Non-U.S.",20.0,2024-07-01,0.33,Hardware,0,Unknown,61,Israel,7/3/2024
Signicat,Trondheim,,2022-11-02,,Security,0,Acquired,8,Norway,11/7/2022
Silo,"SF Bay Area",,2024-05-22,0.3,Food,0,"Series C",272,"United States",5/23/2024
Silofit,"Montreal, Non-U.S.",,2023-08-02,1.0,Fitness,0,"Series A",19,Canada,8/5/2023
Similarweb,"New York City",120.0,2022-11-16,0.1,Other,0,Post-IPO,235,"United States",11/17/2022
Similarweb,"New York City",60.0,2023-05-10,0.06,Other,0,Post-IPO,235,"United States",5/11/2023
"Simon Data","New York City",6.0,2020-04-23,,Marketing,0,"Series C",68,"United States",5/15/2020
Simpl,"Bengaluru, Non-U.S.",100.0,2024-05-08,0.15,Finance,0,"Series B",72,India,5/8/2024
Simpl,"Bengaluru, Non-U.S.",150.0,2023-04-09,0.25,Finance,0,"Series B",71,India,4/19/2023
Simpl,"Bengaluru, Non-U.S.",30.0,2024-06-06,,Finance,0,"Series B",72,India,6/10/2024
Simpl,"Bengaluru, Non-U.S.",80.0,2025-10-01,,Finance,0,"Series B",72,India,10/1/2025
Simple,Portland,,2021-01-07,1.0,Finance,0,Acquired,15,"United States",1/8/2021
"Simple Feast","Copenhagen, Non-U.S.",150.0,2022-09-07,1.0,Food,0,Unknown,173,Denmark,9/13/2022
Simplilearn,"Bengaluru, Non-U.S.",200.0,2023-12-07,,Education,0,Acquired,76,India,12/8/2023
Sinch,"Stockholm, Non-U.S.",150.0,2022-10-12,,Other,0,Post-IPO,1500,Sweden,2/1/2023
Singular,"SF Bay Area",,2020-04-23,,Marketing,0,"Series B",50,"United States",4/23/2020
"Singular Genomics","San Diego",,2023-11-15,0.1,Healthcare,0,Post-IPO,176,"United States",11/22/2023
"Singular Genomics","San Diego",,2024-03-19,0.2,Healthcare,0,Post-IPO,176,"United States",4/12/2024
"Singularity 6","Los Angeles",36.0,2024-05-15,,Other,0,"Series B",49,"United States",5/17/2024
"Singularity 6","Los Angeles",49.0,2024-04-08,0.35,Other,0,"Series B",49,"United States",4/10/2024
SIRCLO,"Jakarta, Non-U.S.",160.0,2022-11-22,0.08,Retail,0,"Series B",92,Indonesia,11/22/2022
SirionLabs,Seattle,130.0,2023-01-25,0.15,Legal,0,"Series D",171,"United States",1/26/2023
SiriusXM,"New York City",160.0,2024-02-12,0.03,Media,0,Post-IPO,525,"United States",3/17/2024
SiriusXM,"New York City",475.0,2023-03-06,0.08,Media,0,Post-IPO,525,"United States",3/7/2023
Sirplus,"Berlin, Non-U.S.",60.0,2024-01-17,,Food,0,Seed,0,Germany,1/18/2024
Sisense,"New York City",100.0,2023-07-11,0.15,Data,0,"Series F",274,"United States",7/11/2023
Sisense,"New York City",60.0,2024-01-11,0.13,Data,0,"Series F",274,"United States",1/12/2024
Sisense,"New York City",80.0,2020-04-23,0.09,Data,0,"Series F",274,"United States",4/23/2020
Siteimprove,Minneapolis,40.0,2020-03-31,,Marketing,0,Unknown,55,"United States",4/4/2020
Skai,"Tel Aviv, Non-U.S.",100.0,2026-06-03,0.2,Marketing,0,"Series E",60,Israel,6/7/2026
Skai,"Tel Aviv, Non-U.S.",30.0,2022-07-27,0.04,Marketing,0,"Series E",60,Israel,7/28/2022
Skai,"Tel Aviv, Non-U.S.",80.0,2024-12-03,0.14,Marketing,0,"Series E",60,Israel,12/11/2024
Skedulo,"SF Bay Area",31.0,2022-08-23,0.08,HR,0,"Series C",114,"United States",8/29/2022
Sketch,"The Hague, Non-U.S.",80.0,2022-10-11,,Other,0,"Series A",20,Netherlands,10/11/2022
"Skill Lync","Chennai, Non-U.S.",200.0,2023-07-13,,Education,0,"Series A",17,India,7/13/2023
"Skill Lync","Chennai, Non-U.S.",400.0,2023-04-25,,Education,0,"Series A",17,India,4/25/2023
Skillshare,"New York City",,2022-08-23,,Education,0,Unknown,136,"United States",8/31/2022
Skillshare,"New York City",31.0,2022-06-01,,Education,0,Unknown,136,"United States",6/9/2022
Skillz,"SF Bay Area",,2022-08-29,,Consumer,0,Post-IPO,287,"United States",8/29/2022
Skillz,"SF Bay Area",21.0,2020-04-14,,Consumer,0,"Series D",132,"United States",4/24/2020
Skillz,"SF Bay Area",70.0,2022-05-20,0.1,Consumer,0,Post-IPO,287,"United States",5/21/2022
"Skip the Dishes","Winnipeg, Non-U.S.",800.0,2024-08-20,,Food,0,Acquired,8,Canada,8/21/2024
SkipTheDishes,"Winnipeg, Non-U.S.",350.0,2022-09-09,,Food,0,Acquired,6,Canada,9/11/2022
Skit.ai,"Bengaluru, Non-U.S.",115.0,2023-01-12,,Support,0,"Series B",28,India,1/14/2023
"Skybox Security","SF Bay Area",300.0,2025-02-24,1.0,Security,0,"Private Equity",335,"United States",2/26/2025
SkyKick,Seattle,140.0,2023-08-30,,Other,0,Unknown,198,"United States",8/30/2023
Skyscanner,"Edinburgh, Non-U.S.",300.0,2020-07-14,0.2,Travel,0,Acquired,197,"United Kingdom",7/14/2020
SkySlope,Sacramento,50.0,2020-03-31,0.25,"Real Estate",0,Acquired,0,"United States",5/14/2020
"Slice Labs","New York City",,2020-04-08,,Finance,0,"Series A",35,"United States",4/12/2020
Slickdeals,"Las Vegas",79.0,2023-05-12,0.33,Retail,0,Unknown,0,"United States",5/15/2023
Slite,"Paris, Non-U.S.",10.0,2023-03-23,0.25,Other,0,"Series A",15,France,3/24/2023
Slync,Dallas,,2022-08-05,,Logistics,0,"Series B",76,"United States",8/23/2022
Slync,Dallas,,2023-10-25,1.0,Logistics,0,"Series B",76,"United States",10/26/2023
"Small Robot Company","Salisbury, Non-U.S.",,2024-02-02,1.0,Food,0,Unknown,10,"United Kingdom",2/3/2024
Smallcase,"Bengaluru, Non-U.S.",15.0,2023-03-21,0.04,Finance,0,"Series C",62,India,3/21/2023
Smarsh,Portland,,2022-07-21,,Other,0,"Private Equity",0,"United States",7/30/2022
SmartAsset,"New York City",,2023-06-01,0.19,Finance,0,"Series D",161,"United States",6/2/2023
SmartNews,"Tokyo, Non-U.S.",120.0,2023-01-12,0.4,Media,0,"Series F",410,Japan,1/13/2023
Smartsheet,Seattle,,2026-02-04,,Other,0,Post-IPO,152,"United States",2/7/2026
Smartsheet,Seattle,120.0,2025-10-02,,Other,0,Post-IPO,152,"United States",10/6/2025
Smartsheet,Seattle,85.0,2023-02-16,0.03,Other,0,Post-IPO,152,"United States",2/17/2023
Smashing,"SF Bay Area",7.0,2025-04-16,1.0,Consumer,0,Seed,3,"United States",4/18/2025
Smava,"Berlin, Non-U.S.",100.0,2022-08-31,0.1,Finance,0,Unknown,188,Germany,9/1/2022
Smava,"Berlin, Non-U.S.",100.0,2022-11-02,0.15,Finance,0,Unknown,188,Germany,11/3/2022
SmileDirectClub,Nashville,,2023-12-09,1.0,Healthcare,0,Post-IPO,694,"United States",12/10/2023
Snagajob,Richmond,,2022-08-31,,HR,0,Unknown,221,"United States",9/15/2022
Snap,"Los Angeles",1000.0,2026-04-15,0.16,Consumer,0,Post-IPO,4900,"United States",4/15/2026
Snap,"Los Angeles",1280.0,2022-08-31,0.2,Consumer,0,Post-IPO,4900,"United States",8/30/2022
Snap,"Los Angeles",170.0,2023-09-27,,Consumer,0,Post-IPO,4900,"United States",9/28/2023
Snap,"Los Angeles",20.0,2023-11-08,,Consumer,0,Post-IPO,4900,"United States",11/9/2023
Snap,"Los Angeles",500.0,2024-02-05,0.1,Consumer,0,Post-IPO,4900,"United States",2/5/2024
"Snap Finance","Salt Lake City",,2020-03-31,,Finance,0,Unknown,0,"United States",4/1/2020
Snapdocs,"SF Bay Area",,2022-08-16,0.1,"Real Estate",0,"Series D",253,"United States",11/5/2022
Snapdocs,"SF Bay Area",,2022-11-03,0.15,"Real Estate",0,"Series D",253,"United States",11/5/2022
Snappy,"New York City",100.0,2023-01-15,0.3,Marketing,0,"Series C",104,"United States",1/19/2023
Snaptravel,"Toronto, Non-U.S.",,2020-07-16,,Travel,0,"Series A",22,Canada,7/17/2020
Snowflake,"SF Bay Area",70.0,2026-03-19,,Data,0,Post-IPO,2900,"United States",3/24/2026
Snowplow,"London, Non-U.S.",40.0,2023-02-02,,Data,0,"Series B",55,"United Kingdom",2/3/2023
Snyk,Boston,,2026-06-24,,Security,0,"Series F",849,"United States",6/24/2026
Snyk,Boston,128.0,2023-04-13,,Security,0,"Series F",849,"United States",4/14/2023
Snyk,Boston,198.0,2022-10-24,0.14,Security,0,"Series F",849,"United States",10/24/2022
Snyk,Boston,30.0,2022-06-30,,Security,0,"Series F",849,"United States",7/1/2022
Socure,Reno,104.0,2023-01-05,0.19,Finance,0,"Series E",646,"United States",1/6/2023
Socure,Reno,69.0,2022-06-17,0.13,Finance,0,"Series E",646,"United States",6/18/2022
SoFi,"SF Bay Area",,2023-01-30,,Finance,0,Post-IPO,3000,"United States",1/31/2023
SoFi,"SF Bay Area",,2024-01-10,0.04,Finance,0,Post-IPO,3000,"United States",1/12/2024
SoFi,"SF Bay Area",112.0,2020-05-20,0.07,Finance,0,"Private Equity",2500,"United States",5/20/2020
"Software AG","Frankfurt, Non-U.S.",200.0,2023-01-31,0.04,Data,0,Post-IPO,344,Germany,2/4/2023
Sojern,"SF Bay Area",,2023-12-13,0.2,Marketing,0,Unknown,172,"United States",12/13/2023
Sojern,"SF Bay Area",300.0,2020-04-03,0.5,Marketing,0,"Series D",162,"United States",4/3/2020
SolarEdge,"Tel Aviv, Non-U.S.",400.0,2025-01-06,,Energy,0,Post-IPO,155,Israel,1/8/2025
SolarEdge,"Tel Aviv, Non-U.S.",400.0,2024-07-15,,Energy,0,Post-IPO,155,Israel,7/16/2024
SolarEdge,"Tel Aviv, Non-U.S.",500.0,2024-11-27,0.12,Energy,0,Post-IPO,155,Israel,1/8/2025
SolarEdge,"Tel Aviv, Non-U.S.",900.0,2024-01-21,0.16,Energy,0,Post-IPO,155,Israel,1/22/2024
Solarisbank,"Berlin, Non-U.S.",,2022-09-29,0.1,Finance,0,Unknown,385,Germany,9/30/2022
Solarisbank,"Berlin, Non-U.S.",20.0,2023-12-14,,Finance,0,Unknown,385,Germany,12/19/2023
Solidigm,Sacramento,98.0,2023-07-06,,Hardware,0,Unknown,0,"United States",7/13/2023
Soluto,"Tel Aviv, Non-U.S.",120.0,2022-07-24,1.0,Support,0,Acquired,18,Israel,7/25/2022
Sonatype,Baltimore,100.0,2023-05-09,0.14,Security,0,Acquired,154,"United States",5/11/2023
Sonder,"SF Bay Area",,2025-04-14,,Travel,0,Post-IPO,839,"United States",4/16/2025
Sonder,"SF Bay Area",,2025-11-10,1.0,Travel,0,Post-IPO,839,"United States",11/10/2025
Sonder,"SF Bay Area",100.0,2023-03-01,0.14,Travel,0,Post-IPO,839,"United States",3/2/2023
Sonder,"SF Bay Area",106.0,2024-02-15,0.17,Travel,0,Post-IPO,839,"United States",2/21/2024
Sonder,"SF Bay Area",250.0,2022-06-08,0.21,Travel,0,Post-IPO,839,"United States",6/9/2022
Sonder,"SF Bay Area",400.0,2020-03-24,0.33,Travel,0,"Series D",359,"United States",3/28/2020
SonderMind,Denver,,2022-12-16,0.15,Healthcare,0,"Series C",183,"United States",12/18/2022
SonderMind,Denver,49.0,2024-01-16,0.17,Healthcare,0,"Series C",183,"United States",1/18/2024
"Sono Motors","Munich, Non-U.S.",,2023-10-02,,Transportation,0,Post-IPO,127,Germany,10/2/2023
"Sono Motors","Munich, Non-U.S.",300.0,2023-02-27,,Transportation,0,Post-IPO,126,Germany,2/28/2023
Sonos,"New York City",,2023-11-16,,Consumer,0,Post-IPO,455,"United States",12/14/2023
Sonos,"New York City",130.0,2023-06-14,0.07,Consumer,0,Post-IPO,455,"United States",6/14/2023
Sonos,"New York City",174.0,2020-06-24,0.12,Consumer,0,Post-IPO,455,"United States",6/25/2020
Sonos,"Santa Barbara",,2026-04-01,,Consumer,0,Post-IPO,455,"United States",4/7/2026
Sonos,"Santa Barbara",,2026-06-25,0.03,Consumer,0,Post-IPO,455,"United States",6/27/2026
Sonos,"Santa Barbara",100.0,2024-08-14,0.06,Consumer,0,Post-IPO,455,"United States",8/14/2024
Sonos,"Santa Barbara",200.0,2025-02-05,0.12,Consumer,0,Post-IPO,455,"United States",2/5/2025
"Sony Interactive","SF Bay Area",900.0,2024-02-27,0.08,Consumer,0,Subsidiary,0,"United States",2/27/2024
Sophos,"Oxford, Non-U.S.",,2025-02-13,0.06,Security,0,Acquired,125,"United Kingdom",2/13/2025
Sophos,"Oxford, Non-U.S.",450.0,2023-01-18,0.1,Security,0,Acquired,125,"United Kingdom",1/18/2023
Sorabel,"Jakarta, Non-U.S.",,2020-07-23,1.0,Retail,0,"Series B",27,Indonesia,7/24/2020
Sorare,"New York City",22.0,2024-03-06,0.13,Crypto,0,"Series B",739,"United States",3/6/2024
Sorbet,"Tel Aviv, Non-U.S.",,2025-09-14,,Finance,0,"Series A",58,Israel,12/8/2025
SoundCloud,"Berlin, Non-U.S.",,2023-05-23,0.08,Consumer,0,Unknown,542,Germany,5/24/2023
SoundCloud,"Berlin, Non-U.S.",,2022-08-03,0.2,Consumer,0,Unknown,542,Germany,8/3/2022
SoundHound,"SF Bay Area",200.0,2023-01-05,0.5,Other,0,Post-IPO,326,"United States",1/5/2023
SoundHound,"SF Bay Area",45.0,2022-11-10,0.1,Other,0,Post-IPO,326,"United States",11/10/2022
Soundwide,"Berlin, Non-U.S.",,2023-01-27,0.08,Other,0,,0,Germany,5/1/2023
Sourcegraph,"SF Bay Area",24.0,2022-06-21,0.08,Product,0,"Series D",248,"United States",6/23/2022
Spaces,"Los Angeles",,2020-08-24,,Media,0,Acquired,10,"United States",8/26/2020
Spaceship,"Sydney, Non-U.S.",,2023-01-19,,Finance,0,"Series A",41,Australia,1/24/2023
"Spartan Poker","Kolkata, Non-U.S.",125.0,2023-08-19,0.4,Consumer,0,Unknown,0,India,8/19/2023
Spectrm,"Berlin, Non-U.S.",,2024-12-10,,Marketing,0,"Series B",11,Germany,12/18/2024
Spendesk,"Paris, Non-U.S.",151.0,2024-09-18,,Finance,0,"Series C",0,France,10/1/2024
Spin,"SF Bay Area",,2022-01-08,0.25,Transportation,0,Acquired,8,"United States",1/9/2022
Spin,"SF Bay Area",78.0,2022-09-30,0.1,Transportation,0,Acquired,8,"United States",10/3/2022
Spinny,"Gurugram, Non-U.S.",300.0,2023-08-02,0.05,Transportation,0,"Series E",513,India,8/4/2023
Splice,"New York City",23.0,2022-07-20,,Media,0,"Series D",159,"United States",8/5/2022
Splunk,"SF Bay Area",325.0,2023-02-01,0.04,Data,0,Post-IPO,2400,"United States",2/1/2023
Splunk,"SF Bay Area",500.0,2023-11-01,0.07,Data,0,Post-IPO,2400,"United States",11/1/2023
Splunk,"SF Bay Area",70.0,2020-06-16,0.01,Data,0,Post-IPO,40,"United States",6/18/2020
Splyt,"London, Non-U.S.",57.0,2022-11-18,,Transportation,0,"Series B",34,"United Kingdom",1/18/2023
"Spora Health","SF Bay Area",,2022-11-28,1.0,Healthcare,0,Seed,4,"United States",10/31/2023
Sportradar,"St. Gallen, Non-U.S.",,2023-11-02,0.1,Data,0,Post-IPO,84,Switzerland,1/24/2024
SpotHero,Chicago,,2020-03-24,,Transportation,0,"Series D",117,"United States",3/28/2020
SpotHero,Chicago,40.0,2020-06-03,0.21,Transportation,0,"Series D",117,"United States",6/3/2020
Spotify,"Stockholm, Non-U.S.",,2022-10-06,,Media,0,Post-IPO,2100,Sweden,10/7/2022
Spotify,"Stockholm, Non-U.S.",,2022-11-09,,Media,0,Post-IPO,2100,Sweden,11/10/2022
Spotify,"Stockholm, Non-U.S.",15.0,2026-03-23,,Media,0,Post-IPO,2100,Sweden,3/25/2026
Spotify,"Stockholm, Non-U.S.",15.0,2023-03-30,,Media,0,Post-IPO,2100,Sweden,4/1/2023
Spotify,"Stockholm, Non-U.S.",1500.0,2023-12-04,0.17,Media,0,Post-IPO,2100,Sweden,12/4/2023
Spotify,"Stockholm, Non-U.S.",200.0,2023-06-05,0.02,Media,0,Post-IPO,2100,Sweden,6/5/2023
Spotify,"Stockholm, Non-U.S.",40.0,2024-07-15,,Media,0,Post-IPO,2100,Sweden,7/16/2024
Spotify,"Stockholm, Non-U.S.",600.0,2023-01-23,0.06,Media,0,Post-IPO,2100,Sweden,1/23/2023
Spotter,"Los Angeles",,2024-12-11,,Other,0,Unknown,238,"United States",12/13/2024
Spotter,"Los Angeles",,2025-04-28,,Other,0,Unknown,238,"United States",5/3/2025
Spreetail,Austin,,2022-10-27,,Retail,0,,0,"United States",10/28/2022
Spring,"SF Bay Area",,2022-07-12,,Retail,0,Unknown,61,"United States",7/13/2022
Springbig,Miami,37.0,2022-12-01,0.23,Sales,0,Post-IPO,32,"United States",12/19/2022
Springlane,"DÃ¼sseldorf, Non-U.S.",,2022-10-28,0.35000000000000003,Food,0,"Series C",11,Germany,10/28/2022
Sprinklr,"New York City",,2020-06-25,,Support,0,"Series F",228,"United States",6/26/2020
Sprinklr,"New York City",100.0,2023-02-15,0.04,Support,0,Post-IPO,429,"United States",2/15/2023
Sprinklr,"New York City",116.0,2024-05-03,0.03,Support,0,Post-IPO,429,"United States",5/3/2024
Sprinklr,"New York City",50.0,2022-06-22,,Support,0,Post-IPO,429,"United States",6/26/2022
Sprinklr,"New York City",500.0,2025-02-06,0.15,Support,0,Post-IPO,429,"United States",2/8/2025
"Sprout Social",Chicago,,2024-11-25,,Marketing,0,Post-IPO,111,"United States",12/13/2024
"Sprout Social",Chicago,260.0,2026-07-15,0.2,Marketing,0,Post-IPO,111,"United States",7/15/2026
Sproutt,Hartford,,2024-05-01,1.0,Finance,0,"Series B",38,"United States",5/2/2024
Spyce,Boston,4.0,2020-04-08,0.12,Food,0,"Series A",26,"United States",4/8/2020
SQream,"New York City",30.0,2022-07-06,0.18,Data,0,"Series B",77,"United States",7/6/2022
SquadVoice,Columbus,,2020-04-16,,"Real Estate",0,"Series A",2,"United States",5/3/2020
"Square Roots","New York City",,2023-07-18,,Food,0,Unknown,91,"United States",7/22/2023
"SQZ Biotech",Boston,,2022-12-01,0.6,Healthcare,0,Post-IPO,229,"United States",12/11/2022
SRTX,"Montreal, Non-U.S.",140.0,2025-02-05,,Manufacturing,0,Unknown,151,Canada,2/5/2025
SSense,"Montreal, Non-U.S.",138.0,2023-01-27,0.07,Retail,0,"Series A",0,Canada,1/28/2023
SSense,"Montreal, Non-U.S.",215.0,2026-03-05,,Retail,0,"Series A",0,Canada,3/7/2026
"Stability AI","London, Non-U.S.",20.0,2024-04-18,,AI,0,Unknown,174,"United Kingdom",4/18/2024
"Stack Overflow","New York City",,2023-10-16,0.28,Recruiting,0,Acquired,153,"United States",10/16/2023
"Stack Overflow","New York City",40.0,2020-05-05,0.15,Recruiting,0,"Series D",68,"United States",5/7/2020
"Stack Overflow","New York City",58.0,2023-05-10,0.1,Recruiting,0,Acquired,153,"United States",5/11/2023
Stackpath,Dallas,,2024-06-17,1.0,Infrastructure,0,"Series B",396,"United States",6/23/2024
Staffbase,"Chemnitz, Non-U.S.",176.0,2026-05-08,0.22,Other,0,"Series E",306,Germany,5/11/2026
Staffbase,"Chemnitz, Non-U.S.",90.0,2023-06-02,,Other,0,"Series E",307,Germany,6/4/2023
Starburst,Boston,,2023-06-28,0.15,Data,0,"Series D",414,"United States",7/13/2023
StarkWare,"Tel Aviv, Non-U.S.",,2026-04-13,,Crypto,0,"Series D",273,Israel,4/17/2026
Starry,Boston,,2022-10-20,0.5,Other,0,Post-IPO,260,"United States",10/20/2022
Starry,Boston,100.0,2023-01-18,0.24,Other,0,Post-IPO,260,"United States",1/18/2023
Starship,"SF Bay Area",,2022-06-09,0.11,Transportation,0,"Series B",197,"United States",6/14/2022
"Starship Technologies","Tallinn, Non-U.S.",30.0,2020-03-30,,Transportation,0,"Series A",82,Estonia,4/8/2020
Stash,"New York City",32.0,2022-12-06,0.08,Finance,0,Unknown,480,"United States",12/7/2022
Stash,"New York City",40.0,2023-05-17,0.1,Finance,0,Unknown,480,"United States",5/19/2023
Stash,"New York City",80.0,2024-03-13,0.25,Finance,0,Unknown,480,"United States",3/13/2024
Stash,"New York City",88.0,2024-12-04,0.4,Finance,0,Unknown,480,"United States",12/7/2024
"Stash Financial","New York City",40.0,2022-06-30,0.08,Finance,0,Unknown,480,"United States",10/26/2022
Stashaway,"Singapore, Non-U.S.",31.0,2022-06-09,0.14,Finance,0,"Series D",61,Singapore,6/9/2022
Stax,Orlando,24.0,2023-02-24,,Finance,0,"Series D",263,"United States",2/26/2023
"Stay Alfred",Spokane,221.0,2020-05-20,1.0,Travel,0,"Series B",62,"United States",5/21/2020
Stedi,Boulder,23.0,2022-08-02,0.3,Product,0,"Series B",75,"United States",8/4/2022
"Stellar Pizza","Los Angeles",,2023-12-14,0.5,Food,0,"Series A",25,"United States",12/14/2023
StellarAlgo,"Calgary, Non-U.S.",21.0,2023-10-19,0.28,Data,0,"Series A",16,Canada,10/20/2023
Stem,"SF Bay Area",,2025-04-29,0.27,Energy,0,Post-IPO,583,"United States",5/3/2025
StepStone,"Berlin, Non-U.S.",215.0,2023-10-30,0.05,Recruiting,0,Acquired,0,Germany,10/31/2023
Stint,"London, Non-U.S.",28.0,2022-07-19,0.2,HR,0,Unknown,0,"United Kingdom",7/25/2022
"Stitch Fix",Dallas,,2024-01-18,,Retail,0,Post-IPO,79,"United States",1/25/2024
"Stitch Fix",Dallas,558.0,2023-10-09,,Retail,0,Post-IPO,79,"United States",10/15/2023
"Stitch Fix",Philadelphia,400.0,2023-07-12,,Retail,0,Post-IPO,79,"United States",7/14/2023
"Stitch Fix","SF Bay Area",,2023-01-05,0.2,Retail,0,Post-IPO,79,"United States",1/5/2023
"Stitch Fix","SF Bay Area",1400.0,2020-06-01,0.18,Retail,0,Post-IPO,79,"United States",6/2/2020
"Stitch Fix","SF Bay Area",330.0,2022-06-09,0.15,Retail,0,Post-IPO,79,"United States",6/9/2022
Stoa,"Bengaluru, Non-U.S.",,2024-11-12,1.0,Education,0,Seed,0,India,11/14/2024
Stoa,Phoenix,80.0,2023-07-20,0.8,"Real Estate",0,Unknown,0,"United States",7/22/2023
"Stockwell AI","SF Bay Area",,2020-06-15,1.0,Retail,0,"Series B",10,"United States",6/16/2020
StockX,Detroit,100.0,2020-04-23,0.12,Retail,0,"Series C",160,"United States",4/24/2020
StockX,Detroit,120.0,2022-06-28,0.08,Retail,0,"Series E",690,"United States",6/29/2022
StockX,Detroit,80.0,2022-06-28,,Retail,0,"Series E",690,"United States",11/3/2022
Stone,"Sao Paulo, Non-U.S.",1300.0,2020-05-12,0.2,Finance,0,Post-IPO,0,Brazil,5/13/2020
Stone,"Sao Paulo, Non-U.S.",400.0,2026-03-13,0.03,Finance,0,Post-IPO,521,Brazil,3/17/2026
Stoqo,"Jakarta, Non-U.S.",250.0,2020-04-25,1.0,Food,0,"Series A",0,Indonesia,4/26/2020
Stord,Atlanta,59.0,2022-06-02,0.08,Logistics,0,"Series D",325,"United States",6/3/2022
StoreDot,"Tel Aviv, Non-U.S.",,2026-01-13,,Other,0,"Series D",184,Israel,1/14/2026
StoryBlocks,"Washington D.C.",,2022-11-18,0.25,Media,0,Acquired,18,"United States",11/19/2022
Storytel,"Stockholm, Non-U.S.",80.0,2024-02-15,0.13,Consumer,0,Post-IPO,312,Sweden,2/16/2024
Storytel,"Stockholm, Non-U.S.",100.0,2022-03-17,0.1,Media,0,Post-IPO,275,Sweden,5/17/2022
Storytel,"Stockholm, Non-U.S.",80.0,2024-01-24,0.13,Media,0,Post-IPO,275,Sweden,1/24/2024
Strake,Boulder,,2023-12-28,1.0,Infrastructure,0,Unknown,0,"United States",1/2/2024
Strava,"SF Bay Area",,2022-12-01,0.14,Fitness,0,"Series F",151,"United States",12/4/2022
Stream,Boulder,20.0,2022-06-30,0.12,Product,0,"Series B",58,"United States",7/1/2022
StreamElements,"Tel Aviv, Non-U.S.",,2022-06-23,0.2,Media,0,"Series B",111,Israel,6/24/2022
StreamElements,"Tel Aviv, Non-U.S.",40.0,2023-01-10,0.2,Media,0,"Series B",111,Israel,1/11/2023
StreamElements,"Tel Aviv, Non-U.S.",60.0,2023-08-17,0.35,Media,0,"Series B",111,Israel,8/18/2023
StreamSets,"SF Bay Area",,2020-08-20,,Data,0,"Series C",76,"United States",8/24/2020
StreetBees,"London, Non-U.S.",,2022-12-20,,Data,0,Unknown,63,"United Kingdom",1/21/2023
Stripe,"SF Bay Area",,2023-06-29,,Finance,0,"Series I",8700,"United States",6/30/2023
Stripe,"SF Bay Area",1000.0,2022-11-03,0.14,Finance,0,"Series H",2300,"United States",11/3/2022
Stripe,"SF Bay Area",300.0,2025-01-21,0.03,Finance,0,"Series I",8700,"United States",1/21/2025
Stripe,"SF Bay Area",50.0,2022-08-19,,Finance,0,"Series H",2300,"United States",8/19/2022
StrongDM,"SF Bay Area",40.0,2023-02-23,,Infrastructure,0,"Series B",76,"United States",2/23/2023
StubHub,"SF Bay Area",,2022-08-04,,Consumer,0,Acquired,59,"United States",8/4/2022
StubHub,"SF Bay Area",200.0,2020-05-28,,Consumer,0,Acquired,19,"United States",6/18/2020
Studio,"SF Bay Area",,2022-11-03,,Education,0,"Series B",50,"United States",11/5/2022
Studio,"SF Bay Area",33.0,2022-06-13,0.4,Education,0,"Series B",50,"United States",6/14/2022
StudySmarter,"Berlin, Non-U.S.",70.0,2022-11-30,,Education,0,"Series A",64,Germany,1/12/2023
StyleSeat,"SF Bay Area",,2022-07-15,0.17,Consumer,0,"Series C",40,"United States",8/9/2022
StyleSeat,"SF Bay Area",,2023-08-09,0.17,Consumer,0,"Series C",40,"United States",10/2/2023
Stytch,"SF Bay Area",19.0,2023-02-27,0.25,Security,0,"Series B",126,"United States",3/1/2023
Submittable,Missoula,30.0,2020-04-25,0.2,Other,0,"Series B",17,"United States",5/14/2020
Submittable,Missoula,40.0,2024-08-08,,Other,0,Unknown,115,"United States",10/17/2024
Subspace,"Los Angeles",,2021-03-03,,Infrastructure,0,"Series B",0,"United States",3/4/2021
Subspace,"Los Angeles",,2022-05-13,1.0,Infrastructure,0,"Series B",0,"United States",5/17/2022
Substack,"SF Bay Area",13.0,2022-06-29,0.14,Media,0,"Series B",82,"United States",6/29/2022
"Subtl AI","Hyderabad, Non-U.S.",,2025-07-03,1.0,AI,0,Seed,0,India,7/7/2025
SummerBio,"SF Bay Area",101.0,2022-06-20,1.0,Healthcare,0,Unknown,7,"United States",6/22/2022
"Sumo Logic","SF Bay Area",79.0,2023-06-07,,Data,0,Acquired,340,"United States",6/10/2023
SumUp,"London, Non-U.S.",,2021-05-05,,Finance,0,Unknown,53,"United Kingdom",5/6/2021
SumUp,"Sao Paulo, Non-U.S.",100.0,2022-05-30,0.03,Finance,0,Unknown,50,Brazil,5/31/2022
Sundae,"SF Bay Area",,2022-06-30,0.15,"Real Estate",0,"Series C",135,"United States",6/30/2022
Sunday,Atlanta,90.0,2022-06-24,0.23,Finance,0,"Series A",124,"United States",6/28/2022
SundaySky,"New York City",24.0,2022-07-11,0.13,Marketing,0,"Series D",74,"United States",7/11/2022
Sunfolding,"SF Bay Area",,2023-12-09,1.0,Energy,0,"Series B",32,"United States",12/10/2023
Superhuman,"SF Bay Area",23.0,2022-06-03,0.22,Consumer,0,"Series C",108,"United States",6/3/2022
SuperLearn,"Bengaluru, Non-U.S.",,2022-06-21,1.0,Education,0,Seed,0,India,6/22/2022
Superloop,"Brisbane, Non-U.S.",30.0,2020-08-24,,Infrastructure,0,Post-IPO,36,Australia,6/26/2022
Supernal,"Los Angeles",296.0,2026-03-04,0.8,Transportation,0,Unknown,0,"United States",3/7/2026
SuperOps,"Chennai, Non-U.S.",60.0,2026-04-24,0.3,Other,0,"Series C",54,India,4/30/2026
Superpedestrian,Boston,,2023-12-15,,Transportation,0,"Series C",262,"United States",12/18/2023
Superpedestrian,Boston,35.0,2022-06-22,0.07,Transportation,0,"Series C",261,"United States",6/23/2022
SuperRare,Wilmington,,2023-01-06,0.3,Crypto,0,"Series A",9,"United States",1/6/2023
Sure,"New York City",70.0,2025-02-03,,Finance,0,"Series C",123,"United States",2/5/2025
SurveyMonkey,"SF Bay Area",,2023-02-15,0.14,Marketing,0,Post-IPO,1100,"United States",2/17/2023
SurveyMonkey,"SF Bay Area",180.0,2022-10-10,0.11,Marketing,0,Post-IPO,1100,"United States",10/13/2022
Swappie,"Helsinki, Non-U.S.",250.0,2022-06-15,0.17,Retail,0,"Series C",169,Finland,6/15/2022
SweetEscape,"Jakarta, Non-U.S.",,2020-04-15,0.3,Consumer,0,"Series A",7,Indonesia,4/20/2020
Sweetgreen,"Los Angeles",,2022-08-09,,Food,0,Post-IPO,478,"United States",8/9/2022
Sweetgreen,"Los Angeles",35.0,2020-04-17,0.1,Food,0,"Series I",478,"United States",4/17/2020
Swiggy,"Bengaluru, Non-U.S.",1100.0,2020-05-18,0.14,Food,0,"Series I",1600,India,5/18/2020
Swiggy,"Bengaluru, Non-U.S.",250.0,2022-12-08,0.03,Food,0,Unknown,3600,India,12/9/2022
Swiggy,"Bengaluru, Non-U.S.",350.0,2020-07-27,0.05,Food,0,"Series I",1600,India,7/28/2020
Swiggy,"Bengaluru, Non-U.S.",380.0,2023-01-20,0.06,Food,0,Unknown,3600,India,1/20/2023
Swiggy,"Bengaluru, Non-U.S.",400.0,2024-01-25,0.07,Food,0,Unknown,3600,India,1/25/2024
Swiggy,"Bengaluru, Non-U.S.",800.0,2020-04-21,,Food,0,"Series I",1600,India,4/22/2020
"Swing Education","SF Bay Area",,2020-09-05,,Education,0,"Series B",23,"United States",9/8/2020
"Sword Health","New York City",13.0,2024-11-11,,Healthcare,0,Unknown,450,"United States",11/12/2024
SWVL,"Cairo, Non-U.S.",,2022-11-23,0.5,Transportation,0,Post-IPO,264,Egypt,11/25/2022
SWVL,"Dubai, Non-U.S.",400.0,2022-05-30,0.32,Transportation,0,Post-IPO,132,"United Arab Emirates",5/31/2022
Swyft,"Toronto, Non-U.S.",10.0,2022-06-15,0.3,Logistics,0,"Series A",20,Canada,6/15/2022
Swyftx,"Brisbane, Non-U.S.",37.0,2026-04-15,0.15,Crypto,0,Unknown,0,Australia,5/21/2026
Swyftx,"Brisbane, Non-U.S.",74.0,2022-08-17,0.21,Crypto,0,Unknown,0,Australia,8/18/2022
Swyftx,"Brisbane, Non-U.S.",90.0,2022-12-05,0.4,Crypto,0,Unknown,0,Australia,12/5/2022
"Syft Technologies","Auckland, Non-U.S.",30.0,2023-02-10,0.2,Manufacturing,0,"Private Equity",0,"New Zealand",4/22/2023
Symend,"Calgary, Non-U.S.",,2024-05-10,,Other,0,"Series C",148,Canada,8/9/2024
Symend,"Calgary, Non-U.S.",,2022-11-17,0.13,Other,0,"Series C",148,Canada,11/17/2022
Symend,"Calgary, Non-U.S.",50.0,2023-03-17,0.25,Other,0,"Series C",148,Canada,3/23/2023
Synamedia,"London, Non-U.S.",200.0,2023-02-22,0.12,Media,0,Unknown,0,"United Kingdom",2/27/2023
Synapse,"SF Bay Area",,2023-06-14,0.18,Finance,0,"Series B",50,"United States",6/15/2023
Synapse,"SF Bay Area",86.0,2023-10-02,0.4,Finance,0,"Series B",50,"United States",10/6/2023
SynapseFI,"SF Bay Area",63.0,2020-06-12,0.48,Finance,0,"Series B",50,"United States",6/13/2020
Synapsica,"New Delhi, Non-U.S.",30.0,2022-10-21,0.3,Healthcare,0,"Series A",4,India,10/22/2022
Synctera,"SF Bay Area",17.0,2024-03-26,0.15,Finance,0,"Series A",79,"United States",3/26/2024
Synergysuite,"Salt Lake City",5.0,2020-04-02,0.07,Food,0,"Series A",6,"United States",4/3/2020
Synlogic,Boston,,2022-12-01,0.25,Healthcare,0,Post-IPO,321,"United States",12/11/2022
Synopsys,"SF Bay Area",100.0,2023-01-27,,Other,0,Post-IPO,0,"United States",1/28/2023
Synopsys,"SF Bay Area",2000.0,2025-11-12,0.1,Other,0,Post-IPO,0,"United States",11/14/2025
Synthego,"SF Bay Area",105.0,2022-11-18,0.2,Healthcare,0,"Series E",459,"United States",11/29/2022
Syte,"Tel Aviv, Non-U.S.",13.0,2022-07-05,0.08,Retail,0,"Series C",71,Israel,7/5/2022
Tabnine,"Tel Aviv, Non-U.S.",15.0,2025-02-05,0.18,AI,0,"Series B",57,Israel,2/6/2025
Taboola,"New York City",100.0,2026-04-15,0.05,Marketing,0,Post-IPO,445,"United States",5/5/2026
Taboola,"New York City",100.0,2022-09-13,0.06,Marketing,0,Post-IPO,445,"United States",9/13/2022
Tackle,Boise,,2023-02-15,0.15,Other,0,"Series C",148,"United States",2/15/2023
Tackle.io,Boise,75.0,2023-06-21,,Infrastructure,0,"Series C",148,"United States",6/23/2023
TADA,"Seoul, Non-U.S.",45.0,2023-06-15,0.6,Transportation,0,Subsidiary,0,"South Korea",6/17/2023
Tails.com,"London, Non-U.S.",55.0,2024-02-20,0.25,Retail,0,"Series A",5,"United Kingdom",2/21/2024
"Tailwind Labs","Oklahoma City",3.0,2026-01-08,,Product,0,Unknown,0,"United States",1/13/2026
Take-Two,"New York City",579.0,2024-04-16,0.05,Consumer,0,Post-IPO,4100,"United States",4/16/2024
"Take-Two Interactive","New York City",,2023-03-07,,Consumer,0,Post-IPO,2700,"United States",3/8/2023
TakeOff,"Kyiv, Non-U.S.",50.0,2023-03-23,,Retail,0,Unknown,146,Ukraine,3/26/2023
Takl,Nashville,130.0,2020-03-24,,Consumer,0,Unknown,0,"United States",4/2/2020
Talent.com,"Montreal, Non-U.S.",,2023-09-05,,Recruiting,0,"Series B",150,Canada,9/7/2023
Talent.com,"Montreal, Non-U.S.",86.0,2023-04-05,0.18,Recruiting,0,"Series B",150,Canada,9/7/2023
"Talis Biomedical","SF Bay Area",,2022-03-15,0.25,Healthcare,0,Post-IPO,8,"United States",6/17/2022
Talkdesk,"SF Bay Area",,2023-02-02,,Support,0,"Series D",497,"United States",2/6/2023
Talkdesk,"SF Bay Area",,2022-08-05,,Support,0,"Series D",497,"United States",8/5/2022
Talkdesk,"SF Bay Area",,2023-09-26,,Support,0,"Series D",497,"United States",9/27/2023
Talkwalker,"Luxembourg, Non-U.S.",,2022-08-03,0.15,Marketing,0,"Private Equity",9,Luxembourg,8/4/2022
Tally,"SF Bay Area",,2024-08-12,1.0,Finance,0,"Series C",172,"United States",8/13/2024
Tally,"SF Bay Area",28.0,2020-05-07,0.23,Finance,0,"Series C",92,"United States",5/11/2020
"Tamara Mellon","Los Angeles",20.0,2020-03-12,0.4,Retail,0,"Series C",90,"United States",3/31/2020
Tanium,Seattle,30.0,2021-08-30,,Security,0,Unknown,1000,"United States",6/7/2022
"Tapas Media","SF Bay Area",,2022-07-28,,Media,0,Acquired,17,"United States",8/2/2022
"Tapps Games","Sao Paulo, Non-U.S.",10.0,2022-11-01,,Consumer,0,Unknown,0,Brazil,1/21/2023
TaskUs,"Los Angeles",52.0,2022-06-21,0.0,Support,0,Post-IPO,279,"United States",6/22/2022
TaskUs,"San Antonio",186.0,2023-02-22,,Support,0,Post-IPO,279,"United States",2/23/2023
TaxBit,"Salt Lake City",,2022-12-13,,Crypto,0,"Series B",235,"United States",12/18/2022
TaxBit,"SF Bay Area",80.0,2023-06-11,0.4,Crypto,0,Unknown,253,"United States",6/12/2023
Taxfix,"Berlin, Non-U.S.",120.0,2023-05-30,0.2,Finance,0,"Series D",330,Germany,5/31/2023
TCR2,Boston,,2023-01-05,0.4,Healthcare,0,Post-IPO,173,"United States",1/6/2023
TCR2,Boston,30.0,2022-08-31,0.2,Healthcare,0,Post-IPO,173,"United States",1/20/2023
Teachmint,"Bengaluru, Non-U.S.",45.0,2022-11-30,0.05,Education,0,"Series B",118,India,12/1/2022
Teachmint,"Bengaluru, Non-U.S.",70.0,2023-05-05,,Education,0,"Series B",118,India,5/5/2023
Teads,"New York City",180.0,2025-12-04,0.1,Marketing,0,Unknown,123,"United States",12/10/2025
TealBook,"Toronto, Non-U.S.",34.0,2022-11-17,0.19,Other,0,"Series B",73,Canada,11/17/2022
Teampay,"New York City",30.0,2023-04-26,0.33,Finance,0,"Series B",79,"United States",4/28/2023
Teamwork,"Cork, Non-U.S.",21.0,2020-05-22,,Other,0,Unknown,0,Ireland,5/24/2020
TechAdvance,"Lagos, Non-U.S.",,2020-04-08,,Finance,0,Unknown,1,Nigeria,5/15/2020
TechCrunch,"SF Bay Area",,2025-01-14,,Media,0,Acquired,0,"United States",1/17/2025
TechCrunch,"SF Bay Area",7.0,2024-01-30,,Media,0,Acquired,0,"United States",1/31/2024
TechTarget,Boston,60.0,2022-12-08,0.05,Marketing,0,Post-IPO,115,"United States",12/11/2022
Tekion,"Bengaluru, Non-U.S.",300.0,2023-08-02,0.1,Other,0,"Series D",435,India,8/3/2023
"Teladoc Health","New York City",300.0,2023-01-18,0.06,Healthcare,0,Post-IPO,172,"United States",1/18/2023
Telenav,"Cluj-Napoca, Non-U.S.",172.0,2023-05-12,,Transportation,0,Post-IPO,30,Romania,5/12/2023
Teleport,"SF Bay Area",15.0,2022-07-01,0.06,Infrastructure,0,"Series C",169,"United States",7/2/2022
Tempo,"SF Bay Area",,2022-10-03,,Fitness,0,"Series C",298,"United States",10/8/2022
"Tempo Automation","SF Bay Area",,2023-08-22,,Other,0,Post-IPO,154,"United States",8/23/2023
"Tempo Automation","SF Bay Area",54.0,2022-08-17,,Other,0,"Series C",74,"United States",8/17/2022
"Tempo Automation","SF Bay Area",62.0,2023-07-13,,Other,0,Post-IPO,154,"United States",7/17/2023
"Tempus Ex","SF Bay Area",,2022-05-30,,Data,0,Unknown,36,"United States",6/16/2022
"Ten Square Games","WrocÅ‚aw, Non-U.S.",120.0,2023-04-17,0.25,Consumer,0,Seed,0,Poland,4/18/2023
Tenable,Baltimore,,2024-02-07,0.05,Security,0,Post-IPO,565,"United States",2/8/2024
Tencent,"Shenzen, Non-U.S.",,2022-11-15,,Consumer,0,Post-IPO,12600,China,11/17/2022
Tencent,"Shenzen, Non-U.S.",300.0,2023-02-17,,Consumer,0,Post-IPO,12600,China,2/17/2023
Tenstorrent,"Toronto, Non-U.S.",80.0,2025-12-09,0.07,Hardware,0,"Series D",1000,Canada,12/12/2025
TenureX,"Tel Aviv, Non-U.S.",,2023-02-06,,Finance,0,Seed,6,Israel,2/7/2023
Teradata,"San Diego",,2024-08-06,0.13,Data,0,Post-IPO,0,"United States",8/7/2024
Terminus,Atlanta,,2022-05-27,,Marketing,0,"Series C",120,"United States",5/28/2022
Terminus,Atlanta,,2022-05-27,,Marketing,0,Unknown,192,"United States",2/19/2023
Tesla,Austin,,2022-06-03,0.1,Transportation,0,Post-IPO,20200,"United States",11/10/2022
Tesla,Austin,14000.0,2024-04-15,0.1,Transportation,0,Post-IPO,20200,"United States",4/15/2024
Tesla,Austin,500.0,2024-04-30,,Transportation,0,Post-IPO,20200,"United States",5/1/2024
Tessera,"New York City",,2023-05-12,1.0,Crypto,0,"Series A",43,"United States",5/15/2023
Textio,Seattle,14.0,2024-03-14,0.16,Recruiting,0,Unknown,42,"United States",3/15/2024
Textio,Seattle,15.0,2025-01-15,,Recruiting,0,Unknown,42,"United States",1/17/2025
Textio,Seattle,15.0,2023-04-03,0.12,Recruiting,0,Unknown,42,"United States",4/4/2023
Textio,Seattle,30.0,2020-03-27,0.2,Recruiting,0,Unknown,41,"United States",3/28/2020
TextNow,"Waterloo, Non-U.S.",22.0,2022-07-28,,Consumer,0,Seed,1,Canada,8/4/2022
"The Appraisal Lane","Montevideo, Non-U.S.",,2020-08-07,,Transportation,0,Seed,2,Uruguay,8/11/2020
"The Athletic","SF Bay Area",46.0,2020-06-05,0.08,Media,0,"Series D",139,"United States",6/5/2020
"The Gist","Tel Aviv, Non-U.S.",,2025-09-03,1.0,Other,0,Seed,7,Israel,9/8/2025
"The Good Glamm Group","New Delhi, Non-U.S.",150.0,2024-04-18,0.15,Retail,0,Unknown,180,India,4/18/2024
"The Grommet",Boston,40.0,2022-06-09,1.0,Retail,0,Acquired,5,"United States",6/10/2022
"The Guild",Austin,38.0,2020-03-23,0.22,Travel,0,"Series B",36,"United States",3/28/2020
"The Iconic","Sydney, Non-U.S.",69.0,2023-02-23,0.06,Retail,0,Unknown,0,Australia,2/24/2023
"The Meet Group","New Hope",,2023-03-24,,Consumer,0,Acquired,0,"United States",3/29/2023
"The Messenger",Miami,,2024-01-31,1.0,Media,0,Unknown,0,"United States",2/1/2024
"The Messenger","New York City",24.0,2024-01-02,,Media,0,Unknown,0,"United States",1/3/2024
"The Modist","Dubai, Non-U.S.",,2020-04-02,1.0,Retail,0,Unknown,0,"United Arab Emirates",4/5/2020
"The Mom Project",Chicago,54.0,2022-07-14,0.15,HR,0,"Series C",115,"United States",7/15/2022
"The Muse","New York City",,2020-04-03,,Recruiting,0,"Series B",28,"United States",4/7/2020
"The Org","New Delhi, New York City",13.0,2022-08-03,,HR,0,"Series B",39,"United States",8/4/2022
"The Predictive Index",Boston,40.0,2022-08-02,,HR,0,Acquired,71,"United States",8/8/2022
"The Predictive Index",Boston,59.0,2020-04-02,0.25,HR,0,Acquired,65,"United States",4/3/2020
"The RealReal","SF Bay Area",230.0,2023-02-16,0.07,Retail,0,Post-IPO,356,"United States",2/16/2023
"The RealReal","SF Bay Area",235.0,2020-04-14,0.1,Retail,0,Post-IPO,358,"United States",4/15/2020
"The Sill","New York City",20.0,2020-05-28,0.25,Retail,0,"Series A",7,"United States",5/29/2020
"The Trade Desk","Los Angeles",,2025-12-17,,Marketing,0,Post-IPO,257,"United States",12/19/2025
"The Wing","New York City",,2020-04-03,0.5,"Real Estate",0,"Series C",117,"United States",4/4/2020
"The Wing","New York City",,2022-08-31,1.0,"Real Estate",0,"Series C",117,"United States",8/31/2022
"The Wing","New York City",56.0,2020-07-01,,"Real Estate",0,"Series C",117,"United States",7/9/2020
"The Zebra",Austin,40.0,2022-05-24,,Finance,0,"Series D",256,"United States",5/25/2022
"The Zebra",Austin,50.0,2022-11-15,,Finance,0,"Series D",256,"United States",11/17/2022
theGist,"Tel Aviv, Non-U.S.",,2025-09-03,1.0,Other,0,Seed,7,Israel,12/8/2025
Thepeer,"Lagos, Non-U.S.",,2024-04-02,1.0,Finance,0,Seed,2,Nigeria,4/2/2024
TheSkimm,"New York City",17.0,2023-02-01,0.1,Media,0,"Series C",28,"United States",2/3/2023
TheSkimm,"New York City",22.0,2023-05-03,0.13,Media,0,"Series C",28,"United States",5/8/2023
TheSkimm,"New York City",26.0,2020-05-01,0.2,Media,0,"Series C",28,"United States",5/2/2020
TheWrap,"Los Angeles",,2020-09-29,,Media,0,"Series B",4,"United States",9/30/2020
Thimble,"New York City",20.0,2022-07-05,0.33,Finance,0,"Series A",28,"United States",7/6/2022
Thinkific,"Vancouver, Non-U.S.",,2022-12-05,,Education,0,Post-IPO,22,Canada,12/19/2022
Thinkific,"Vancouver, Non-U.S.",100.0,2022-03-29,0.2,Education,0,Post-IPO,22,Canada,3/30/2022
Thinkific,"Vancouver, Non-U.S.",76.0,2023-01-10,0.19,Education,0,Post-IPO,22,Canada,1/10/2023
Thinx,"New York City",95.0,2024-01-31,,Retail,0,Acquired,26,"United States",1/31/2024
ThirdLove,"New York City",10.0,2020-03-27,,Retail,0,"Series B",68,"United States",4/2/2020
ThirdLove,"SF Bay Area",65.0,2020-04-02,0.3,Retail,0,"Series B",68,"United States",4/2/2020
"Thirty Madison","New York City",,2022-08-18,0.1,Healthcare,0,"Series C",209,"United States",8/18/2022
"Thirty Madison","New York City",24.0,2022-05-14,,Healthcare,0,Acquired,209,"United States",5/16/2022
ThoughtSpot,"SF Bay Area",,2020-05-06,,Data,0,"Series E",743,"United States",5/8/2020
Thoughtworks,Chicago,500.0,2023-03-01,0.04,Other,0,Post-IPO,748,"United States",3/2/2023
Thoughtworks,Chicago,579.0,2023-08-08,0.05,Other,0,Post-IPO,748,"United States",10/17/2023
Thrasio,Boston,,2022-05-02,,Retail,0,Unknown,3400,"United States",5/2/2022
Thread,"London, Non-U.S.",30.0,2022-11-30,0.5,Retail,0,Acquired,40,"United Kingdom",12/11/2022
ThredUp,Chicago,,2022-08-15,0.15,Retail,0,Post-IPO,305,"United States",8/16/2022
ThredUp,Chicago,243.0,2021-02-09,,Retail,0,"Series F",305,"United States",2/9/2021
Thrive,"Mumbai, Non-U.S.",,2024-12-14,1.0,Food,0,"Series A",0,India,12/18/2024
Thriver,"Toronto, Non-U.S.",75.0,2020-08-06,0.5,Food,0,"Series B",53,Canada,8/7/2020
Thumbtack,"SF Bay Area",160.0,2022-12-13,0.14,Consumer,0,"Series I",698,"United States",12/13/2022
Thumbtack,"SF Bay Area",250.0,2020-03-30,0.3,Consumer,0,"Series F",423,"United States",3/30/2020
Thursday,"London, Non-U.S.",,2024-01-16,0.7,Consumer,0,Seed,3,"United Kingdom",1/16/2024
Tia,"New York City",,2025-10-17,0.23,Healthcare,0,"Series B",133,"United States",10/25/2025
Tibber,"FÃ¸rde, Non-U.S.",50.0,2023-06-27,,Energy,0,"Series C",181,Norway,6/27/2023
Tickertape,"Bengaluru, Non-U.S.",29.0,2023-04-27,0.29,Finance,0,Seed,5,India,4/28/2023
Ticketmaster,"Los Angeles",350.0,2026-05-07,0.08,Consumer,0,Acquired,0,"United States",5/9/2026
TicketSwap,"Amsterdam, Non-U.S.",,2020-05-14,0.3,Consumer,0,Unknown,8,Netherlands,7/13/2023
Tidal,"New York City",,2024-10-31,,Consumer,0,Acquired,0,"United States",10/31/2024
Tidal,"New York City",40.0,2023-12-06,0.1,Consumer,0,Acquired,0,"United States",12/7/2023
Tidepool,"SF Bay Area",18.0,2020-11-17,0.4,Healthcare,0,Unknown,0,"United States",1/9/2021
Tiendanube,"Buenos Aires",50.0,2022-10-17,0.05,Marketing,0,Unknown,0,Argentina,11/6/2022
"Tier Mobility","Berlin, Non-U.S.",,2023-11-28,0.22,Transportation,0,"Series D",646,Germany,11/29/2023
"Tier Mobility","Berlin, Non-U.S.",180.0,2022-08-23,0.16,Transportation,0,"Series D",646,Germany,8/23/2022
"Tier Mobility","Berlin, Non-U.S.",80.0,2023-01-25,0.07,Transportation,0,"Series D",646,Germany,1/26/2023
TIFIN,Boulder,24.0,2022-06-14,0.1,Crypto,0,"Series D",204,"United States",6/15/2022
Tiki,"Singapore, Non-U.S.",,2023-06-11,1.0,Consumer,0,Unknown,0,Singapore,6/14/2023
TikTok,"Dublin, Non-U.S.",,2025-07-02,,Consumer,0,Acquired,0,Ireland,7/2/2025
TikTok,"Dublin, Non-U.S.",250.0,2024-04-11,,Consumer,0,Acquired,0,Ireland,4/12/2024
TikTok,"Dublin, Non-U.S.",300.0,2025-03-06,,Consumer,0,Acquired,0,Ireland,3/7/2025
TikTok,"Dublin, Non-U.S.",300.0,2026-07-01,,Consumer,0,Acquired,0,Ireland,7/5/2026
TikTok,"London, Non-U.S.",,2025-08-22,,Consumer,0,Acquired,0,"United Kingdom",8/23/2025
TikTok,"Los Angeles",,2023-01-20,,Consumer,0,Acquired,0,"United States",1/24/2023
TikTok,"Los Angeles",,2022-07-18,,Consumer,0,Acquired,0,"United States",7/19/2022
TikTok,"Los Angeles",1000.0,2024-05-21,,Consumer,0,Acquired,0,"United States",6/14/2024
TikTok,"Los Angeles",60.0,2024-01-22,,Consumer,0,Acquired,0,"United States",1/23/2024
"TikTok India","Mumbai, Non-U.S.",40.0,2023-02-10,,Consumer,0,Acquired,9400,India,2/10/2023
Tilia,"SF Bay Area",28.0,2023-07-19,0.32,Finance,0,Unknown,32,"United States",8/14/2023
"Till Payments","Sydney, Non-U.S.",120.0,2023-01-10,,Finance,0,"Series C",95,Australia,1/11/2023
"Tilting Point","New York City",60.0,2023-01-31,0.14,Consumer,0,Unknown,235,"United States",2/1/2023
"Times Internet","Gurugram, Non-U.S.",100.0,2023-08-18,0.05,Media,0,Subsidiary,0,India,8/19/2023
Tipalti,"SF Bay Area",,2025-07-24,,Finance,0,"Series F",565,"United States",7/26/2025
Tipalti,"SF Bay Area",100.0,2026-01-15,,Finance,0,"Series F",565,"United States",1/19/2026
Tipalti,"SF Bay Area",123.0,2023-01-11,0.11,Finance,0,"Series F",565,"United States",1/12/2023
"Titan Medical","Toronto, Non-U.S.",48.0,2023-02-10,0.72,Healthcare,0,Post-IPO,278,Canada,3/10/2023
Toast,Boston,1300.0,2020-04-07,0.5,Food,0,"Series F",902,"United States",4/7/2020
Toast,Boston,550.0,2024-02-15,0.1,Food,0,Post-IPO,962,"United States",2/15/2024
Tokopedia,"Jakarta, Non-U.S.",,2026-07-01,0.9,Retail,0,Acquired,2800,Indonesia,7/3/2026
Tome,"SF Bay Area",12.0,2024-04-16,0.25,AI,0,"Series B",75,"United States",4/16/2024
Tome,"SF Bay Area",12.0,2024-10-02,0.31,Sales,0,"Series B",75,"United States",10/2/2024
"Tome Biosciences",Boston,131.0,2024-08-26,1.0,Healthcare,0,"Series A",213,"United States",8/28/2024
Tomo,Stamford,44.0,2022-05-31,0.33,Finance,0,"Series A",110,"United States",6/1/2022
Tomorrow,"Hamburg, Non-U.S.",30.0,2022-12-16,0.25,Finance,0,Unknown,29,Germany,12/18/2022
Tomorrow,Seattle,,2025-04-28,1.0,Hardware,0,Unknown,0,"United States",5/3/2025
TomTom,"Amsterdam, Non-U.S.",300.0,2025-06-30,0.1,Other,0,Post-IPO,430,Netherlands,7/7/2025
TomTom,"Amsterdam, Non-U.S.",500.0,2022-06-01,0.1,Transportation,0,Post-IPO,0,Netherlands,1/24/2023
TomTom,"Lodz, Non-U.S.",45.0,2023-12-12,,Transportation,0,Post-IPO,0,Poland,12/19/2023
Tonal,"SF Bay Area",262.0,2022-07-13,0.35000000000000003,Fitness,0,"Series E",450,"United States",7/13/2022
Tonik,"Singapore, Non-U.S.",,2024-03-01,,Finance,0,"Series B",175,Singapore,3/3/2024
Tonkean,"SF Bay Area",23.0,2022-06-15,0.23,Other,0,"Series B",83,"United States",6/15/2022
"Tools for Humanity","SF Bay Area",,2026-06-08,,AI,0,"Series C",244,"United States",6/8/2026
Toothsi,"Mumbai, Non-U.S.",20.0,2023-05-12,,Healthcare,0,"Series C",87,India,5/14/2023
"Top Hat","Toronto, Non-U.S.",16.0,2020-05-12,0.03,Education,0,"Series D",104,Canada,5/12/2020
"Top Hat","Toronto, Non-U.S.",35.0,2024-02-02,0.07,Education,0,"Series E",234,Canada,2/2/2024
"Top Hat","Toronto, Non-U.S.",42.0,2023-08-04,0.07,Education,0,"Series E",234,Canada,8/5/2023
Toplyne,"Bengaluru, Non-U.S.",,2024-10-11,1.0,Sales,0,"Series A",17,India,10/11/2024
Toppr,"Mumbai, Non-U.S.",350.0,2022-06-29,,Education,0,Acquired,112,India,6/30/2022
Toptal,"SF Bay Area",,2024-10-10,,Recruiting,0,Unknown,0,"United States",10/10/2024
Tor,Boston,13.0,2020-04-17,0.37,Security,0,Unknown,1,"United States",4/18/2020
Torii,"Ra'anana, Non-U.S.",28.0,2023-06-29,0.3,Other,0,"Series B",65,Israel,7/1/2023
Toshiba,"Tokyo, Non-U.S.",4000.0,2024-05-16,,Manufacturing,0,Unknown,0,Japan,5/24/2024
Totango,"SF Bay Area",,2024-03-07,,Support,0,Acquired,147,"United States",3/8/2024
Toucan,"Los Angeles",,2023-03-09,1.0,Education,0,"Series A",0,"United States",3/10/2023
TouchBistro,"Toronto, Non-U.S.",131.0,2020-04-14,0.23,Food,0,"Series E",224,Canada,4/14/2020
Tract,"London, Non-U.S.",,2025-04-03,,"Real Estate",0,Unknown,0,"United Kingdom",4/6/2025
Tractable,"London, Non-U.S.",,2023-05-23,,Finance,0,"Series D",119,"United Kingdom",5/25/2023
Tractive,"Vienna, Non-U.S.",,2026-06-22,,Hardware,0,Acquired,38,Austria,6/30/2026
"Trade Republic","Berlin, Non-U.S.",,2024-06-23,,Finance,0,Unknown,1300,Germany,6/23/2024
"Trade Republic","Berlin, Non-U.S.",,2022-06-09,,Finance,0,"Series C",1200,Germany,6/9/2022
TradeWindow,"Auckland, Non-U.S.",25.0,2023-03-15,0.3,Finance,0,"Series B",24,"New Zealand",3/15/2023
Transfix,"New York City",24.0,2020-04-29,0.1,Logistics,0,"Series D",128,"United States",4/29/2020
"Transmit Security",Boston,27.0,2022-07-05,0.07,Security,0,"Series A",583,"United States",7/6/2022
TravelBank,"SF Bay Area",20.0,2020-03-24,,Travel,0,"Series B",35,"United States",4/1/2020
Traveloka,"Jakarta, Non-U.S.",100.0,2020-04-03,0.1,Travel,0,Unknown,0,Indonesia,4/7/2020
TravelTriangle,"Gurugram, Non-U.S.",250.0,2020-03-28,0.5,Travel,0,"Series D",47,India,4/1/2020
Trax,"Singapore, Non-U.S.",100.0,2022-06-20,0.12,Retail,0,"Series E",1000,Singapore,6/21/2022
Trax,"Singapore, Non-U.S.",80.0,2022-11-22,0.08,Retail,0,"Series E",1000,Singapore,11/22/2022
Trax,"Tel Aviv, Non-U.S.",120.0,2020-05-03,0.1,Retail,0,"Series D",386,Israel,5/17/2020
Tray.io,"SF Bay Area",,2022-06-21,0.1,Data,0,"Series C",109,"United States",6/22/2022
"Treasure Financial","SF Bay Area",14.0,2024-01-09,0.6,Finance,0,"Series A",14,"United States",1/30/2024
"Treasury Prime","SF Bay Area",40.0,2024-02-28,0.4,Finance,0,"Series C",71,"United States",2/29/2024
Treehouse,Portland,41.0,2021-09-14,0.9,Education,0,"Series B",12,"United States",10/27/2021
Trell,"Bengaluru, Non-U.S.",300.0,2022-03-15,0.5,Retail,0,"Series B",62,India,5/7/2022
Trellix,"SF Bay Area",,2023-07-07,,Security,0,Unknown,35,"United States",7/11/2023
"Trend Micro","Sydney, Non-U.S.",45.0,2026-05-12,,Security,0,Post-IPO,0,Australia,6/16/2026
"Trend Micro","Tokyo, Non-U.S.",,2024-01-09,0.02,Security,0,Unknown,0,Japan,1/10/2024
Trendsales,"Copenhagen, Non-U.S.",79.0,2024-04-08,1.0,Retail,0,Acquired,0,Denmark,4/10/2024
Tricida,"SF Bay Area",,2022-11-14,0.5700000000000001,Healthcare,0,Post-IPO,624,"United States",1/19/2023
Trigo,"Tel Aviv, Non-U.S.",30.0,2024-01-04,0.15,Retail,0,"Series C",199,Israel,1/5/2024
TripActions,"SF Bay Area",300.0,2020-03-25,0.25,Travel,0,"Series D",981,"United States",3/28/2020
TripAdvisor,Boston,,2023-08-02,,Travel,0,Post-IPO,3,"United States",8/3/2023
TripAdvisor,Boston,,2025-11-05,0.2,Travel,0,Post-IPO,3,"United States",11/7/2025
TripAdvisor,Boston,125.0,2023-11-12,0.04,Travel,0,Post-IPO,3,"United States",12/22/2023
TripAdvisor,Boston,75.0,2025-02-04,,Travel,0,Post-IPO,3,"United States",2/5/2025
TripAdvisor,Boston,900.0,2020-04-28,0.25,Travel,0,Post-IPO,3,"United States",4/28/2020
Tripbam,Dallas,10.0,2020-04-03,0.25,Travel,0,Unknown,0,"United States",4/4/2020
Triplebyte,"SF Bay Area",15.0,2020-03-23,0.17,Recruiting,0,"Series B",48,"United States",3/28/2020
TripleLift,"New York City",,2025-07-11,,Marketing,0,Acquired,16,"United States",7/18/2025
TripleLift,"New York City",100.0,2023-02-10,0.2,Marketing,0,Acquired,16,"United States",2/13/2023
TripleLift,"New York City",23.0,2020-04-02,0.07,Marketing,0,"Series B",16,"United States",4/10/2020
Tripwire,Portland,,2022-05-12,,Security,0,Acquired,29,"United States",5/12/2022
Trivago,"Dusseldorf, Non-U.S.",,2020-05-04,,Travel,0,Acquired,55,Germany,5/7/2020
"TRM Labs","SF Bay Area",16.0,2023-04-18,0.09,Crypto,0,"Series B",149,"United States",5/5/2023
Tropic,"New York City",26.0,2023-10-20,,Finance,0,"Series B",67,"United States",10/20/2023
Tropic,"New York City",40.0,2024-05-31,,Finance,0,"Series B",67,"United States",6/1/2024
"Trove Recommerce","SF Bay Area",13.0,2020-04-15,,Retail,0,"Series C",34,"United States",4/22/2020
"Trove Recommerce","SF Bay Area",130.0,2024-01-31,,Retail,0,"Series E",152,"United States",2/2/2024
"Truck It In","Karachi, Non-U.S.",,2022-06-01,0.3,Logistics,0,Seed,17,Pakistan,6/1/2022
Truckstop.com,Boise,,2023-03-02,,Logistics,0,Acquired,0,"United States",3/4/2023
"True Anomaly",Denver,30.0,2024-04-25,0.25,Aerospace,0,"Series B",158,"United States",4/26/2024
Truecaller,"Stockholm, Non-U.S.",70.0,2026-05-07,,Consumer,0,Post-IPO,101,Sweden,5/7/2026
TrueCar,"Los Angeles",100.0,2026-02-24,0.3,Transportation,0,Post-IPO,340,"United States",2/25/2026
TrueCar,"Los Angeles",102.0,2023-06-14,0.24,Transportation,0,Post-IPO,340,"United States",6/15/2023
TrueCar,"Los Angeles",219.0,2020-05-28,0.3,Transportation,0,Post-IPO,340,"United States",5/29/2020
TrueLayer,"London, Non-U.S.",40.0,2022-09-16,0.1,Finance,0,"Series E",271,"United Kingdom",9/16/2022
TrueLayer,"London, Non-U.S.",71.0,2024-11-15,0.25,Finance,0,"Series E",321,"United Kingdom",11/21/2024
Truepill,"SF Bay Area",,2022-04-14,,Healthcare,0,"Series D",255,"United States",5/11/2022
Truepill,"SF Bay Area",,2022-09-30,,Healthcare,0,"Series D",255,"United States",9/30/2022
Truepill,"SF Bay Area",150.0,2022-06-08,0.15,Healthcare,0,"Series D",255,"United States",6/10/2022
Truepill,"SF Bay Area",175.0,2022-08-11,0.33,Healthcare,0,"Series D",255,"United States",8/12/2022
Truiloo,"Vancouver, Non-U.S.",24.0,2022-09-23,0.05,Security,0,"Series D",474,Canada,9/19/2022
"Truss Works","SF Bay Area",,2023-09-20,,"Real Estate",0,Unknown,0,"United States",9/25/2023
Trustly,"Stockholm, Non-U.S.",120.0,2022-02-17,,Finance,0,Acquired,28,Sweden,5/17/2022
Trybe,"Sao Paulo, Non-U.S.",128.0,2023-06-09,0.35,Education,0,"Series B",40,Brazil,6/12/2023
Trybe,"Sao Paulo, Non-U.S.",47.0,2022-08-10,0.1,Education,0,"Series B",40,Brazil,8/24/2022
Tufin,Boston,55.0,2022-08-21,0.1,Security,0,Acquired,21,"United States",8/22/2022
"Tuft & Needle",Phoenix,,2020-03-19,,Retail,0,Acquired,0,"United States",4/5/2020
Tul,"Bogota, Non-U.S.",100.0,2023-01-17,,Construction,0,"Series B",218,Colombia,1/19/2023
"Tulip Retail","Toronto, Non-U.S.",14.0,2020-04-15,,Retail,0,"Series B",51,Canada,4/16/2020
"Tulip Retail","Toronto, Non-U.S.",25.0,2023-11-21,,Retail,0,"Series C",79,Canada,11/23/2023
Turnitin,"SF Bay Area",15.0,2024-03-07,0.02,Education,0,Acquired,0,"United States",3/7/2024
Turnitin,"SF Bay Area",51.0,2022-10-06,0.05,Education,0,Acquired,0,"United States",10/8/2022
Turntide,"SF Bay Area",,2022-07-28,0.2,Energy,0,Unknown,491,"United States",7/29/2022
Turo,"SF Bay Area",108.0,2020-03-31,0.3,Transportation,0,"Series E",467,"United States",4/1/2020
Turo,"SF Bay Area",150.0,2025-04-16,0.17,Transportation,0,"Series E",467,"United States",4/16/2025
Turso,"London, Non-U.S.",,2025-01-21,,Product,0,Seed,7,"United Kingdom",1/29/2025
TuSimple,"San Diego",,2023-05-18,0.3,Transportation,0,Post-IPO,648,"United States",5/18/2023
TuSimple,"San Diego",150.0,2023-12-04,,Transportation,0,Post-IPO,648,"United States",12/5/2023
TuSimple,"San Diego",350.0,2022-12-21,0.25,Transportation,0,Post-IPO,648,"United States",12/18/2022
TutorMundi,"Sao Paulo, Non-U.S.",4.0,2020-04-24,1.0,Education,0,"Series A",2,Brazil,5/3/2020
Twelve,"SF Bay Area",,2024-10-25,,Energy,0,Unknown,844,"United States",10/31/2024
Twig,"London, Non-U.S.",,2024-02-02,1.0,Finance,0,Unknown,41,"United Kingdom",2/3/2024
Twiga,"Nairobi, Non-U.S.",211.0,2022-11-16,0.21,Food,0,"Series C",157,Kenya,11/30/2022
Twiga,"Nairobi, Non-U.S.",283.0,2023-08-20,0.33,Food,0,"Series C",157,Kenya,8/22/2023
Twilio,"SF Bay Area",,2023-12-04,0.05,Other,0,Post-IPO,614,"United States",12/4/2023
Twilio,"SF Bay Area",1500.0,2023-02-13,0.17,Other,0,Post-IPO,614,"United States",2/13/2023
Twilio,"SF Bay Area",800.0,2022-09-14,0.11,Other,0,Post-IPO,614,"United States",9/14/2022
"Twine Solutions","Tel Aviv, Non-U.S.",30.0,2023-01-05,0.33,Hardware,0,Unknown,50,Israel,1/9/2023
TwinStrand,Seattle,,2022-10-05,0.5,Healthcare,0,"Series B",73,"United States",10/7/2022
"Twist Bioscience","SF Bay Area",270.0,2023-05-05,0.25,Healthcare,0,Post-IPO,503,"United States",5/5/2023
Twitch,"SF Bay Area",,2023-10-03,,Consumer,0,Acquired,35,"United States",10/4/2023
Twitch,"SF Bay Area",500.0,2024-01-09,0.35,Consumer,0,Acquired,35,"United States",1/9/2024
Twitter,"SF Bay Area",,2022-07-07,,Consumer,0,Post-IPO,5700,"United States",7/7/2022
Twitter,"SF Bay Area",200.0,2023-02-25,0.1,Consumer,0,Post-IPO,12900,"United States",2/26/2023
Twitter,"SF Bay Area",3700.0,2022-11-04,0.5,Consumer,0,Post-IPO,12900,"United States",11/4/2022
Twitter,"SF Bay Area",40.0,2023-01-05,,Consumer,0,Post-IPO,12900,"United States",1/6/2023
Typeform,"Barcelona, Non-U.S.",,2022-11-15,,Marketing,0,"Series C",187,Spain,11/17/2022
TytoCare,"New York City",20.0,2023-07-06,0.1,Healthcare,0,"Series D",156,"United States",7/7/2023
TytoCare,"New York City",35.0,2025-07-17,0.22,Healthcare,0,"Series E",206,"United States",10/6/2025
tZero,"New York City",,2020-07-30,,Finance,0,Acquired,472,"United States",7/30/2020
UalÃ¡,"Buenos Aires, Non-U.S.",53.0,2022-11-30,0.03,Finance,0,"Series D",544,Argentina,12/1/2022
Uber,"Amsterdam, Non-U.S.",225.0,2020-06-12,0.25,Transportation,0,Post-IPO,24700,Netherlands,6/27/2020
Uber,Bengaluru,600.0,2020-05-26,0.23,Transportation,0,Post-IPO,24700,India,5/26/2020
Uber,"SF Bay Area",,2026-07-22,,Transportation,0,Post-IPO,25200,"United States",7/24/2026
Uber,"SF Bay Area",,2026-06-03,0.01,Transportation,0,Post-IPO,25200,"United States",6/4/2026
Uber,"SF Bay Area",200.0,2023-06-21,,Transportation,0,Post-IPO,25200,"United States",6/22/2023
Uber,"SF Bay Area",3000.0,2020-05-18,0.13,Transportation,0,Post-IPO,24700,"United States",5/18/2020
Uber,"SF Bay Area",3700.0,2020-05-06,0.14,Transportation,0,Post-IPO,24700,"United States",5/6/2020
Uber,"Vilnius, Non-U.S.",60.0,2022-09-07,,Transportation,0,Post-IPO,24700,Lithuania,9/9/2022
"Uber Freight","SF Bay Area",150.0,2023-01-23,0.03,Logistics,0,Subsidiary,2700,"United States",1/24/2023
"Uber Freight","SF Bay Area",40.0,2024-01-09,,Logistics,0,Subsidiary,2700,"United States",1/11/2024
"Uber Freight","SF Bay Area",40.0,2023-07-13,,Logistics,0,Subsidiary,2700,"United States",7/14/2023
Uberflip,"Toronto, Non-U.S.",31.0,2022-08-05,0.17,Marketing,0,"Series A",42,Canada,8/5/2022
Udaan,"Bengaluru, Non-U.S.",100.0,2023-12-18,0.1,Retail,0,Unknown,1500,India,12/19/2023
Udaan,"Bengaluru, Non-U.S.",180.0,2022-06-27,0.04,Retail,0,Unknown,1500,India,6/28/2022
Udaan,"Bengaluru, Non-U.S.",350.0,2022-11-04,,Retail,0,Unknown,1500,India,11/5/2022
Udacity,"SF Bay Area",55.0,2022-10-11,0.13,Education,0,Unknown,235,"United States",10/11/2022
Udayy,"Gurugram, Non-U.S.",100.0,2022-06-01,1.0,Education,0,Seed,2,India,6/1/2022
Udemy,"SF Bay Area",,2023-02-14,0.1,Education,0,Post-IPO,311,"United States",2/15/2023
Udemy,"SF Bay Area",280.0,2024-09-11,,Education,0,Post-IPO,311,"United States",9/18/2024
UiPath,"New York City",210.0,2022-06-27,0.05,Data,0,Post-IPO,2000,"United States",6/27/2022
UiPath,"New York City",241.0,2022-11-15,0.06,Data,0,Post-IPO,2000,"United States",11/17/2022
UIPath,"New York City",420.0,2024-07-09,0.1,Other,0,Post-IPO,2000,"United States",7/10/2024
UKG,Boston,2200.0,2024-07-03,0.14,HR,0,Unknown,0,"United States",7/3/2024
UKG,Boston,950.0,2026-04-15,,HR,0,Unknown,0,"United States",4/17/2026
UKG,Miami,265.0,2023-03-06,,HR,0,Unknown,0,"United States",3/8/2023
UKG,"Montevideo, Non-U.S.",300.0,2025-11-18,,HR,0,Unknown,0,Uruguay,11/23/2025
Ula,"Jakarta, Non-U.S.",134.0,2022-11-30,0.23,Retail,0,"Series B",140,Indonesia,12/1/2022
Uleet,Columbus,,2023-11-15,1.0,Healthcare,0,Unknown,0,"United States",11/16/2023
"Una Brands","Singapore, Non-U.S.",,2022-06-28,0.1,Retail,0,"Series A",55,Singapore,6/29/2022
Unacademy,"Bengaluru, Non-U.S.",,2023-03-30,0.12,Education,0,"Series H",838,India,3/30/2023
Unacademy,"Bengaluru, Non-U.S.",1000.0,2022-04-07,0.17,Education,0,"Series H",838,India,4/7/2022
Unacademy,"Bengaluru, Non-U.S.",150.0,2022-06-18,0.03,Education,0,"Series H",838,India,6/19/2022
Unacademy,"Bengaluru, Non-U.S.",250.0,2024-07-02,,Education,0,"Series H",838,India,7/3/2024
Unacademy,"Bengaluru, Non-U.S.",350.0,2022-11-07,0.1,Education,0,"Series H",838,India,11/7/2022
Unbabel,"Lisbon, Non-U.S.",66.0,2025-01-20,0.25,Support,0,"Series C",91,Portugal,1/29/2025
Unbabel,"Lisbon, Non-U.S.",80.0,2020-04-08,0.35000000000000003,Support,0,"Series C",91,Portugal,4/9/2020
Unbounce,"Vancouver, Non-U.S.",,2024-07-16,,Marketing,0,Acquired,39,Canada,7/25/2024
Unbounce,"Vancouver, Non-U.S.",47.0,2022-08-03,0.2,Marketing,0,"Series A",39,Canada,8/3/2022
Uncapped,"London, Non-U.S.",29.0,2022-05-27,0.26,Finance,0,Unknown,118,"United Kingdom",5/28/2022
"Unchained Capital",Austin,,2022-11-18,0.15,Crypto,0,"Series A",33,"United States",1/24/2023
Unico,"Sao Paulo, Non-U.S.",110.0,2023-01-17,0.1,Other,0,"Series D",336,Brazil,1/18/2023
Unico,"Sao Paulo, Non-U.S.",50.0,2022-10-24,0.04,Other,0,"Series D",336,Brazil,1/18/2023
Uniphore,"SF Bay Area",76.0,2023-01-03,0.1,Support,0,"Series E",620,"United States",1/6/2023
Unison,"SF Bay Area",89.0,2020-04-08,0.45,Finance,0,"Series B",40,"United States",4/4/2020
Unit,"New York City",,2024-06-17,0.15,Finance,0,"Series C",170,"United States",6/19/2024
"Unite Us","New York City",,2023-08-21,,Healthcare,0,"Series C",196,"United States",9/9/2023
Unity,"SF Bay Area",,2025-02-11,,Other,0,Post-IPO,1300,"United States",2/12/2025
Unity,"SF Bay Area",1800.0,2024-01-08,0.25,Other,0,Post-IPO,1300,"United States",1/8/2024
Unity,"SF Bay Area",200.0,2022-06-29,0.04,Other,0,Post-IPO,1300,"United States",6/30/2022
Unity,"SF Bay Area",265.0,2023-11-28,0.04,Other,0,Post-IPO,1300,"United States",11/29/2023
Unity,"SF Bay Area",284.0,2023-01-17,0.03,Other,0,Post-IPO,1300,"United States",1/17/2023
Unity,"SF Bay Area",50.0,2023-06-06,,Other,0,Post-IPO,1300,"United States",6/8/2023
Unity,"SF Bay Area",600.0,2023-05-03,0.08,Other,0,Post-IPO,1300,"United States",5/3/2023
Unity,"Utrecht, Non-U.S.",300.0,2022-12-09,0.1,Retail,0,Acquired,0,Netherlands,2/5/2024
"Universal Standard","New York City",,2020-03-25,,Retail,0,"Series A",8,"United States",4/1/2020
"Uno Health","New York City",,2023-10-13,,Healthcare,0,Unknown,0,"United States",10/17/2023
"Unstoppable Domains","SF Bay Area",42.0,2022-07-14,0.25,Crypto,0,"Series B",7,"United States",7/26/2022
Updater,"New York City",,2022-08-16,,Other,0,Unknown,467,"United States",8/17/2022
UpGrad,"Mumbai, Non-U.S.",120.0,2023-03-06,,Education,0,Unknown,631,India,3/7/2023
UpScalio,Gurugram,25.0,2023-01-05,0.15,Retail,0,"Series B",62,India,1/6/2023
UPshow,Chicago,19.0,2020-04-24,0.3,Marketing,0,"Series A",7,"United States",4/25/2020
"Upside Foods","SF Bay Area",26.0,2024-07-01,,Food,0,Unknown,598,"United States",7/3/2024
Upstart,"SF Bay Area",140.0,2022-11-01,0.07,Finance,0,Post-IPO,144,"United States",11/1/2022
Upstart,"SF Bay Area",365.0,2023-01-31,0.2,Finance,0,Post-IPO,144,"United States",1/31/2023
Upwork,"SF Bay Area",,2024-10-23,0.21,Other,0,Post-IPO,168,"United States",10/24/2024
Upwork,"SF Bay Area",137.0,2023-05-03,0.15,Other,0,Post-IPO,168,"United States",5/3/2023
Upwork,"SF Bay Area",151.0,2026-05-07,0.24,Other,0,Post-IPO,168,"United States",5/7/2026
"Urban Sports Club","Berlin, Non-U.S.",55.0,2022-09-01,0.15,Fitness,0,Unknown,95,Germany,9/1/2022
"Ursa Major",Denver,,2023-06-07,,Aerospace,0,"Series D",233,"United States",6/9/2023
Usermind,Seattle,15.0,2020-04-01,0.25,Marketing,0,"Series C",46,"United States",4/2/2020
UserTesting,"SF Bay Area",63.0,2023-03-03,,Marketing,0,Acquired,152,"United States",3/4/2023
uShip,Austin,65.0,2020-03-31,0.37,Logistics,0,"Series D",69,"United States",4/1/2020
"Utopia Music","Zug, Non-U.S.",,2022-11-24,,Media,0,"Series B",0,Switzerland,11/25/2022
"Utopia Music","Zug, Non-U.S.",,2023-04-17,0.15,Other,0,"Series B",0,Switzerland,7/23/2023
Vacasa,Portland,,2020-03-20,,Travel,0,"Series C",526,"United States",3/28/2020
Vacasa,Portland,1300.0,2023-01-24,0.17,Travel,0,Post-IPO,834,"United States",1/25/2023
Vacasa,Portland,320.0,2024-02-28,0.05,Travel,0,Post-IPO,834,"United States",2/29/2024
Vacasa,Portland,800.0,2024-05-09,0.13,Travel,0,Post-IPO,834,"United States",5/10/2024
"Vah Vah!","Bengaluru, Non-U.S.",150.0,2023-04-30,,Education,0,Seed,2,India,7/19/2023
Validity,Boston,130.0,2020-05-06,0.33,Data,0,"Private Equity",0,"United States",5/7/2020
Vallai,"Paris, Non-U.S.",,2023-05-02,1.0,Data,0,Seed,0,France,5/4/2023
VanHack,"Vancouver, Non-U.S.",,2022-10-11,,HR,0,Seed,0,Canada,10/14/2022
Vanta,"SF Bay Area",,2022-12-08,0.14,Security,0,"Series B",203,"United States",12/11/2022
Varo,"SF Bay Area",75.0,2022-07-20,,Finance,0,"Series E",992,"United States",7/20/2022
Varo,"SF Bay Area",97.0,2023-05-11,,Finance,0,"Series E",992,"United States",5/17/2023
Varonis,"New York City",110.0,2022-11-06,0.05,Security,0,Post-IPO,30,"United States",11/6/2022
"Vedanta Biosciences",Boston,,2022-08-10,0.2,Healthcare,0,"Series D",301,"United States",8/17/2022
Vedantu,"Bengaluru, Non-U.S.",100.0,2022-08-02,,Education,0,"Series E",292,India,8/3/2022
Vedantu,"Bengaluru, Non-U.S.",200.0,2022-05-05,0.03,Education,0,"Series E",292,India,5/7/2022
Vedantu,"Bengaluru, Non-U.S.",385.0,2022-12-07,,Education,0,"Series E",292,India,12/7/2022
Vedantu,"Bengaluru, Non-U.S.",424.0,2022-05-18,0.07,Education,0,"Series E",292,India,5/18/2022
Vee,"Tel Aviv, Non-U.S.",16.0,2022-07-31,0.32,HR,0,Seed,15,Israel,8/2/2022
Vee,"Tel Aviv, Non-U.S.",17.0,2022-10-25,0.5,HR,0,Seed,15,Israel,10/25/2022
Veeam,Columbus,200.0,2023-03-23,,Data,0,Acquired,500,"United States",3/24/2023
Veeam,Columbus,300.0,2024-01-12,,Data,0,Acquired,500,"United States",1/13/2024
Veem,"SF Bay Area",30.0,2020-05-14,,Finance,0,Unknown,69,"United States",5/15/2020
Veev,"SF Bay Area",,2023-11-26,1.0,Construction,0,"Series D",597,"United States",11/27/2023
Veev,"SF Bay Area",100.0,2022-11-11,0.3,"Real Estate",0,"Series D",597,"United States",11/12/2022
Veho,Boulder,65.0,2024-01-25,0.19,Logistics,0,"Series B",299,"United States",1/26/2024
Velo3D,"SF Bay Area",42.0,2024-08-26,,Manufacturing,0,Post-IPO,305,"United States",9/2/2024
Velocity,"Bengaluru, Non-U.S.",,2023-09-15,0.14,Finance,0,"Series A",30,India,9/20/2023
"Velodyne Lidar","SF Bay Area",140.0,2020-04-03,,Transportation,0,Unknown,225,"United States",4/5/2020
"Velodyne Lidar","SF Bay Area",220.0,2023-02-24,,Transportation,0,Acquired,575,"United States",2/24/2023
Venafi,"Salt Lake City",,2022-11-30,,Security,0,Acquired,167,"United States",12/18/2022
Vendasta,"Saskatoon, Non-U.S.",,2023-09-29,,Marketing,0,"Series D",178,Canada,9/29/2023
Vendasta,"Saskatoon, Non-U.S.",,2022-08-18,0.05,Marketing,0,"Series D",178,Canada,8/20/2022
Vendease,"Lagos, Non-U.S.",120.0,2025-02-19,0.44,Food,0,"Series A",43,Nigeria,2/21/2025
Vendease,"Lagos, Non-U.S.",27.0,2022-11-25,0.09,Food,0,"Series A",43,Nigeria,11/30/2022
Vendease,"Lagos, Non-U.S.",68.0,2024-09-30,0.2,Food,0,"Series A",43,Nigeria,2/21/2025
Vendr,Boston,,2024-01-12,,Other,0,"Series B",216,"United States",1/13/2024
Vendr,Boston,100.0,2023-05-31,0.25,Other,0,"Series B",216,"United States",5/31/2023
Venminder,Louisville,100.0,2024-10-21,,Security,0,Acquired,49,"United States",10/23/2024
Venngage,"Toronto, Non-U.S.",11.0,2023-01-24,0.2,Marketing,0,Unknown,0,Canada,1/25/2023
Verbit,"New York City",,2024-03-05,,Data,0,"Series E",569,"United States",3/5/2024
Verbit,"New York City",22.0,2025-09-10,,Data,0,"Series E",569,"United States",12/8/2025
Verbit,"New York City",60.0,2023-07-27,0.06,Data,0,"Series E",569,"United States",7/27/2023
Verbit,"New York City",80.0,2022-07-05,0.1,Data,0,"Series E",569,"United States",7/5/2022
Veriff,"Tallinn, Non-U.S.",101.0,2023-08-23,0.21,Security,0,"Series C",192,Estonia,8/23/2023
Veriff,"Tallinn, Non-U.S.",63.0,2020-05-04,0.21,Security,0,"Series A",7,Estonia,5/5/2020
Veriff,"Tallinn, Non-U.S.",66.0,2023-02-09,0.12,Security,0,"Series C",192,Estonia,2/9/2023
Verily,"SF Bay Area",,2024-03-22,,Healthcare,0,Subsidiary,3500,"United States",3/24/2024
Verily,"SF Bay Area",,2025-08-26,,Healthcare,0,Subsidiary,3500,"United States",8/30/2025
Verily,"SF Bay Area",250.0,2023-01-11,0.15,Healthcare,0,Subsidiary,3500,"United States",1/11/2023
Verily,"SF Bay Area",58.0,2026-06-09,,Healthcare,0,Subsidiary,3500,"United States",6/10/2026
"Verint Systems","New York City",,2026-03-02,,Security,0,Acquired,213,"United States",3/7/2026
Veritone,"Los Angeles",111.0,2026-06-10,0.25,AI,0,Post-IPO,514,"United States",6/19/2026
Verse,"Barcelona, Non-U.S.",,2023-08-07,1.0,Finance,0,Acquired,38,Spain,8/29/2023
"VerSe Innovation","Bengaluru, Non-U.S.",150.0,2022-11-25,0.05,Media,0,"Series J",1700,India,11/28/2022
"VerSe Innovation","Bengaluru, Non-U.S.",350.0,2025-05-18,,Media,0,"Series J",1700,India,5/22/2025
VerticalScope,"Toronto, Non-U.S.",60.0,2023-02-01,0.22,Media,0,Post-IPO,0,Canada,2/1/2023
"Vesalius Therapeutics",Boston,29.0,2022-09-19,0.43,Healthcare,0,"Series B",75,"United States",9/21/2022
"Veson Nautical",Boston,,2025-11-18,0.2,Other,0,"Private Equity",0,"United States",11/23/2025
Vesta,Atlanta,56.0,2020-08-05,,Sales,0,Unknown,20,"United States",8/6/2020
Vesttoo,"Tel Aviv, Non-U.S.",150.0,2023-08-01,0.75,Finance,0,"Series C",110,Israel,8/3/2023
Vezeeta,"Dubai, Non-U.S.",50.0,2022-06-28,0.1,Healthcare,0,"Series D",71,"United Arab Emirates",6/29/2022
Vial,"SF Bay Area",40.0,2023-01-13,,Healthcare,0,"Series B",101,"United States",1/14/2023
Viamo,"Accra, Non-U.S.",,2022-08-31,,Other,0,Unknown,0,Ghana,12/21/2022
Viant,"Los Angeles",46.0,2022-12-13,0.13,Marketing,0,Post-IPO,0,"United States",12/21/2022
Viaplay,"Stockholm, Non-U.S.",450.0,2023-07-20,0.25,Media,0,Unknown,0,Sweden,7/11/2023
Viasat,"San Diego",300.0,2023-04-12,0.04,Other,0,Post-IPO,366,"United States",4/25/2023
Viasat,"San Diego",800.0,2023-11-02,0.1,Other,0,Post-IPO,366,"United States",11/2/2023
Viber,"Luxembourg, Non-U.S.",45.0,2022-11-15,0.08,Consumer,0,Acquired,0,Luxembourg,11/17/2022
"Vibrent Health","Washington D.C.",,2023-02-23,0.13,Healthcare,0,Unknown,0,"United States",2/26/2023
"Vicarious Surgical",Boston,,2023-02-15,0.14,Healthcare,0,Post-IPO,185,"United States",2/16/2023
"Vice Media","New York City",,2024-02-22,,Media,0,Unknown,1600,"United States",2/24/2024
VideoAmp,"Los Angeles",,2022-09-19,0.02,Marketing,0,"Series F",456,"United States",9/21/2022
VideoAmp,"Los Angeles",,2024-01-04,0.2,Marketing,0,"Series F",456,"United States",1/5/2024
VideoAmp,"Los Angeles",21.0,2020-04-08,0.1,Marketing,0,"Series C",106,"United States",4/10/2020
VideoAmp,"Los Angeles",40.0,2023-09-14,0.1,Marketing,0,"Series F",456,"United States",9/20/2023
View,"SF Bay Area",,2020-04-15,,Energy,0,"Series H",1800,"United States",4/16/2020
View,"SF Bay Area",170.0,2023-04-03,0.23,Other,0,Post-IPO,2300,"United States",4/5/2023
Vimeo,"New York City",,2026-01-21,,Consumer,0,Post-IPO,450,"United States",1/23/2026
Vimeo,"New York City",,2026-04-03,,Consumer,0,Post-IPO,450,"United States",4/4/2026
Vimeo,"New York City",,2022-07-18,0.06,Consumer,0,Post-IPO,450,"United States",7/18/2022
Vimeo,"New York City",,2025-09-03,0.1,Consumer,0,Post-IPO,450,"United States",9/8/2025
Vimeo,"New York City",,2023-01-04,0.11,Consumer,0,Post-IPO,450,"United States",1/4/2023
"VinFast US","Los Angeles",80.0,2023-02-06,,Transportation,0,Subsidiary,0,"United States",2/8/2023
Vipps,"Vilnius, Non-U.S.",,2024-01-30,,Finance,0,Unknown,0,Lithuania,2/1/2024
"Virgin Hyperloop","Los Angeles",111.0,2022-02-21,0.5,Transportation,0,Unknown,368,"United States",2/22/2022
Virgio,"Bengaluru, Non-U.S.",20.0,2023-10-25,0.33,Retail,0,"Series A",0,India,10/9/2023
"Virta Health","SF Bay Area",65.0,2020-04-07,,Healthcare,0,"Series C",175,"United States",4/7/2020
Virtudent,Boston,70.0,2020-05-01,,Healthcare,0,"Series A",10,"United States",5/1/2020
Vise,"New York City",25.0,2022-05-04,,Finance,0,"Series C",128,"United States",5/4/2022
"Vista Group","Auckland, Non-U.S.",,2023-07-05,0.06,Data,0,Post-IPO,0,"New Zealand",7/6/2023
"Vivian Health","SF Bay Area",13.0,2024-04-03,,Healthcare,0,Acquired,60,"United States",4/10/2024
VMware,"SF Bay Area",2837.0,2023-11-27,,Infrastructure,0,Acquired,393,"United States",11/29/2023
Voi,"Stockholm, Non-U.S.",100.0,2020-04-02,,Transportation,0,"Series B",167,Sweden,4/2/2020
Voi,"Stockholm, Non-U.S.",120.0,2024-02-16,0.12,Transportation,0,"Series D",515,Sweden,2/20/2024
Voi,"Stockholm, Non-U.S.",130.0,2022-12-07,0.13,Transportation,0,"Series D",515,Sweden,12/8/2022
Voi,"Stockholm, Non-U.S.",35.0,2022-06-22,0.1,Transportation,0,"Series D",515,Sweden,6/23/2022
"Volt Bank","Sydney, Non-U.S.",,2022-06-29,1.0,Finance,0,"Series E",90,Australia,6/30/2022
Volta,"SF Bay Area",,2022-09-28,0.1,Transportation,0,Post-IPO,575,"United States",10/3/2022
Volta,"SF Bay Area",,2022-10-21,0.54,Transportation,0,Post-IPO,575,"United States",10/22/2022
"Volta Trucks","Stockholm, Non-U.S.",,2023-10-18,1.0,Transportation,0,"Series C",391,Sweden,10/23/2023
Voly,"Sydney, Non-U.S.",,2022-11-10,,Food,0,Seed,13,Australia,11/17/2022
Voly,"Sydney, Non-U.S.",,2022-06-22,0.5,Food,0,Seed,13,Australia,6/23/2022
Vouch,"SF Bay Area",15.0,2022-06-23,0.07,Finance,0,"Series C",159,"United States",6/23/2022
Vowel,"New York City",,2023-06-29,1.0,Other,0,"Series A",18,"United States",6/30/2023
"Vox Media","Washington D.C.",,2024-12-05,,Media,0,"Series F",307,"United States",12/7/2024
"Vox Media","Washington D.C.",,2020-07-14,,Media,0,"Series F",308,"United States",7/15/2020
"Vox Media","Washington D.C.",,2023-11-30,0.04,Media,0,"Series F",307,"United States",11/30/2023
"Vox Media","Washington D.C.",130.0,2023-01-20,0.07,Media,0,"Series F",307,"United States",1/21/2023
"Vox Media","Washington D.C.",39.0,2022-07-27,0.02,Media,0,"Series F",307,"United States",7/29/2022
"Voyage SMS","Los Angeles",8.0,2022-06-23,0.13,Marketing,0,Unknown,10,"United States",6/30/2022
VRChat,"SF Bay Area",,2024-06-12,0.3,Consumer,0,"Series D",95,"United States",6/13/2024
Vroom,"New York City",120.0,2023-04-27,0.11,Transportation,0,Post-IPO,1300,"United States",4/28/2023
Vroom,"New York City",270.0,2022-05-09,0.14,Transportation,0,Post-IPO,1300,"United States",5/10/2022
Vroom,"New York City",275.0,2023-01-18,0.2,Transportation,0,Post-IPO,1300,"United States",1/20/2023
Vroom,"New York City",337.0,2022-08-08,,Transportation,0,Post-IPO,1300,"United States",8/9/2022
Vroom,"New York City",800.0,2024-01-23,0.9,Transportation,0,Post-IPO,1300,"United States",1/23/2024
VSCO,"SF Bay Area",24.0,2025-12-09,,Consumer,0,"Series B",90,"United States",12/10/2025
VSCO,"SF Bay Area",45.0,2020-04-14,0.35000000000000003,Consumer,0,"Series B",90,"United States",4/14/2020
VTEX,"Sao Paulo, Non-U.S.",200.0,2022-05-26,0.13,Retail,0,Post-IPO,365,Brazil,5/27/2022
VTrips,Jacksonville,75.0,2023-10-07,0.09,Travel,0,"Private Equity",0,"United States",12/22/2023
"Wahoo Fitness",Atlanta,50.0,2022-04-27,,Fitness,0,Unknown,0,"United States",6/19/2022
WalkMe,"SF Bay Area",112.0,2023-04-19,0.1,Other,0,Post-IPO,307,"United States",4/19/2023
WalkMe,"SF Bay Area",43.0,2023-01-08,0.03,Other,0,Post-IPO,307,"United States",1/9/2023
Wallbox,"Barcelona, Non-U.S.",,2023-01-19,0.15,Energy,0,Post-IPO,167,Spain,1/20/2023
Walnut,"New York City",15.0,2024-05-29,0.2,Sales,0,"Series B",56,"United States",5/31/2024
WanderJaunt,"SF Bay Area",56.0,2020-03-25,0.23,Travel,0,"Series B",26,"United States",4/1/2020
WanderJaunt,"SF Bay Area",85.0,2022-07-01,1.0,Travel,0,"Series B",26,"United States",7/2/2022
"Warby Parker","New York City",63.0,2022-08-08,,Consumer,0,Post-IPO,535,"United States",8/9/2022
Warren,"Porto Alegre, Non-U.S.",50.0,2022-08-17,,Finance,0,"Series C",104,Brazil,8/18/2022
Wattpad,"Toronto, Non-U.S.",20.0,2024-01-30,0.1,Media,0,Acquired,117,Canada,1/31/2024
Wattpad,"Toronto, Non-U.S.",42.0,2023-03-08,0.15,Media,0,Acquired,117,Canada,3/9/2023
Wave,"Dakar, Non-U.S.",300.0,2022-07-13,0.15,Finance,0,"Series A",292,Senegal,7/13/2022
"Wave Financial","Toronto, Non-U.S.",50.0,2023-03-09,,Finance,0,Acquired,79,Canada,3/10/2023
"Wave Sports and Entertainment","Los Angeles",56.0,2022-06-13,0.33,Media,0,"Series B",65,"United States",6/16/2022
Wavely,"SF Bay Area",,2022-11-10,1.0,HR,0,Unknown,0,"United States",11/11/2022
WayCool,"Chennai, Non-U.S.",200.0,2024-07-26,,Food,0,Unknown,363,India,7/26/2024
WayCool,"Chennai, Non-U.S.",300.0,2023-07-11,0.12,Food,0,Unknown,363,India,7/13/2023
WayCool,"Chennai, Non-U.S.",70.0,2024-02-26,,Food,0,Unknown,363,India,2/27/2024
Wayfair,"Berlin, Non-U.S.",730.0,2025-01-10,0.03,Retail,0,Post-IPO,1700,Germany,1/12/2025
Wayfair,Boston,1650.0,2024-01-19,0.13,Retail,0,Post-IPO,1700,"United States",1/19/2024
Wayfair,Boston,1750.0,2023-01-20,0.1,Retail,0,Post-IPO,1700,"United States",1/20/2023
Wayfair,Boston,340.0,2025-03-07,,Retail,0,Post-IPO,1700,Germany,3/7/2025
Wayfair,Boston,870.0,2022-08-19,0.05,Retail,0,Post-IPO,1700,"United States",8/19/2022
Wayflyer,"Dublin, Non-U.S.",200.0,2022-11-16,0.4,Marketing,0,Unknown,889,Ireland,11/17/2022
Waymo,"SF Bay Area",,2023-10-17,,Transportation,0,Subsidiary,5500,"United States",10/17/2023
Waymo,"SF Bay Area",209.0,2023-03-01,0.08,Transportation,0,Subsidiary,5500,"United States",3/2/2023
Waze,"SF Bay Area",,2023-06-27,,Transportation,0,Acquired,67,"United States",6/28/2023
Waze,"SF Bay Area",30.0,2020-09-09,0.054000000000000006,Transportation,0,Acquired,67,"United States",9/10/2020
WazirX,"Mumbai, Non-U.S.",60.0,2022-10-02,0.4,Crypto,0,Acquired,0,India,10/2/2022
Wealthsimple,"Toronto, Non-U.S.",159.0,2022-06-15,0.13,Finance,0,Unknown,900,Canada,6/15/2022
Webflow,"SF Bay Area",,2026-05-27,,Marketing,0,"Series C",335,"United States",5/27/2026
Webflow,"SF Bay Area",,2024-07-25,0.08,Marketing,0,"Series C",335,"United States",7/25/2024
WeDoctor,Non-U.S.,500.0,2022-03-02,,Healthcare,0,"Series F",1400,China,3/5/2022
Weedmaps,"Los Angeles",,2022-08-04,0.1,Other,0,Acquired,0,"United States",8/16/2022
Weedmaps,"Los Angeles",175.0,2022-12-06,0.25,Other,0,Acquired,0,"United States",12/7/2022
Weee!,"SF Bay Area",150.0,2022-06-15,0.1,Food,0,"Series E",863,"United States",6/19/2022
WeFit,"Hanoi, Non-U.S.",,2020-05-13,1.0,Fitness,0,Seed,1,Vietnam,5/14/2020
Wefox,"Berlin, Non-U.S.",100.0,2023-01-31,,Finance,0,"Series D",1300,Germany,2/1/2023
Wefox,"Berlin, Non-U.S.",60.0,2024-05-16,,Finance,0,"Series D",1300,Germany,5/17/2024
Wejo,"Chester, Non-U.S.",40.0,2023-03-22,0.16,Transportation,0,Post-IPO,376,"United Kingdom",3/24/2023
"Welkin Health","SF Bay Area",10.0,2020-04-24,0.33,Healthcare,0,"Series B",29,"United States",9/16/2020
Welltech,"Limassol, Non-U.S.",225.0,2026-04-03,0.3,Fitness,0,Unknown,0,Cyprus,5/7/2026
Welltech,"Limassol, Non-U.S.",80.0,2025-03-07,0.1,Fitness,0,Unknown,0,Cyprus,5/7/2026
"Western Digital","Kfar Saba, Non-U.S.",60.0,2023-05-24,0.07,Hardware,0,Post-IPO,900,Israel,6/2/2023
"Western Digital","SF Bay Area",211.0,2023-06-13,,Hardware,0,Post-IPO,900,"United States",10/20/2023
"Western Digital","SF Bay Area",251.0,2022-11-22,,Hardware,0,Post-IPO,900,"United States",2/13/2023
Westwing,"Munich, Non-U.S.",125.0,2022-09-29,,Retail,0,Post-IPO,237,Germany,10/4/2022
WeTrade,"Bengaluru, Non-U.S.",,2023-02-09,1.0,Crypto,0,Unknown,0,India,2/9/2023
WeTransfer,"Amsterdam, Non-U.S.",260.0,2024-09-08,0.75,Other,0,Acquired,64,Netherlands,9/9/2024
WeTransfer,"Amsterdam, Non-U.S.",35.0,2023-10-18,0.1,Other,0,"Series A",64,Netherlands,10/26/2023
WeWork,"London, Non-U.S.",200.0,2020-06-19,,"Real Estate",0,"Series H",19500,"United Kingdom",6/27/2020
WeWork,"New Delhi, Non-U.S.",100.0,2020-05-18,0.2,"Real Estate",0,"Series H",19500,India,5/19/2020
WeWork,"New York City",250.0,2020-03-28,,"Real Estate",0,"Series H",2250,"United States",3/29/2020
WeWork,"New York City",300.0,2023-01-19,,"Real Estate",0,Post-IPO,22200,"United States",1/19/2023
WeWork,"SF Bay Area",300.0,2020-04-29,,"Real Estate",0,"Series H",2250,"United States",4/28/2020
WeWork,"Shenzen, Non-U.S.",,2020-09-23,,"Real Estate",0,"Series H",19500,China,9/28/2020
Wex,Portland,375.0,2024-06-18,0.05,Finance,0,Post-IPO,400,"United States",6/23/2024
Whatfix,"Bengaluru, Non-U.S.",60.0,2025-12-09,0.06,AI,0,"Series E",265,India,2/7/2026
Wheel,Austin,35.0,2022-08-18,0.17,Healthcare,0,"Series C",215,"United States",9/1/2022
Wheel,Austin,56.0,2023-02-01,0.28,Healthcare,0,"Series C",215,"United States",2/2/2023
"When I Work",Minneapolis,55.0,2020-04-22,0.35000000000000003,HR,0,"Series B",24,"United States",4/23/2020
Whereby,"Oslo, Non-U.S.",,2022-08-01,,Other,0,"Series A",10,Norway,8/2/2022
Whispir,"Melbourne, Non-U.S.",,2022-11-15,0.3,Other,0,Post-IPO,68,Australia,11/17/2022
"WhiteHat Jr","Mumbai, Non-U.S.",1800.0,2021-01-06,,Education,0,Acquired,11,India,1/11/2021
"WhiteHat Jr","Mumbai, Non-U.S.",300.0,2022-06-28,,Education,0,Acquired,11,India,6/29/2022
WHOOP,Boston,,2023-01-10,0.04,Fitness,0,"Series F",404,"United States",1/12/2023
WHOOP,Boston,95.0,2022-07-21,0.15,Fitness,0,"Series F",404,"United States",7/22/2022
WhyHive,"Melbourne, Non-U.S.",,2025-04-02,1.0,Data,0,Seed,0,Australia,4/6/2025
WhyHotel,"Washington D.C.",,2020-04-01,0.5,Travel,0,"Series B",33,"United States",4/4/2020
"Wildlife Studios","Sao Paulo, Non-U.S.",300.0,2022-11-28,0.2,Consumer,0,Unknown,260,Brazil,11/29/2022
Willow,"Sydney, Non-U.S.",99.0,2022-12-23,0.22,"Real Estate",0,Unknown,0,Australia,1/9/2023
WillowTree,Charlottesville,120.0,2023-05-24,0.11,Marketing,0,Acquired,0,"United States",5/24/2023
Windsurf,"SF Bay Area",30.0,2025-08-05,,AI,0,Acquired,243,"United States",8/10/2025
"Wing Cloud","Tel Aviv, Non-U.S.",,2025-04-09,1.0,Infrastructure,0,Seed,0,Israel,4/16/2025
"Wint Wealth","Nashik, Non-U.S.",19.0,2024-02-14,0.2,Finance,0,"Series A",16,India,2/15/2024
Wise,"Tampa Bay",300.0,2025-02-10,,Finance,0,Post-IPO,300,"United States",2/26/2025
Wisense,"Tel Aviv, Non-U.S.",,2024-02-13,1.0,Transportation,0,Unknown,37,Israel,2/14/2024
WiseTech,"Sydney, Non-U.S.",,2025-07-23,,Logistics,0,Post-IPO,3000,Australia,7/24/2025
WiseTech,"Sydney, Non-U.S.",2000.0,2026-02-24,0.3,Logistics,0,Post-IPO,3000,Australia,2/25/2026
Wish,"SF Bay Area",150.0,2023-01-31,0.17,Retail,0,Post-IPO,1600,"United States",2/1/2023
Wish,"SF Bay Area",190.0,2022-03-01,0.15,Retail,0,Post-IPO,1600,"United States",5/14/2022
Wish,"SF Bay Area",255.0,2023-07-27,0.34,Retail,0,Post-IPO,1600,"United States",8/1/2023
Wistia,Boston,40.0,2022-11-10,,Marketing,0,Unknown,18,"United States",11/11/2022
Wix,"Tel Aviv, Non-U.S.",100.0,2022-08-09,,Marketing,0,Post-IPO,58,Israel,8/9/2022
Wix,"Tel Aviv, Non-U.S.",1000.0,2026-05-25,0.2,Marketing,0,Post-IPO,58,Israel,5/25/2026
Wix,"Tel Aviv, Non-U.S.",370.0,2023-02-15,0.06,Marketing,0,Post-IPO,58,Israel,2/15/2023
Wizeline,"SF Bay Area",,2022-07-22,,Product,0,Acquired,62,"United States",7/22/2022
Wonder,"New York City",130.0,2022-11-30,0.07,Food,0,"Series B",850,"United States",12/1/2022
Wonder,"New York City",,2020-04-02,,Other,0,Unknown,0,"United States",4/23/2020
Wonderschool,"SF Bay Area",,2023-02-10,,Education,0,"Series A",24,"United States",3/10/2023
Wonderschool,"SF Bay Area",50.0,2020-03-25,0.75,Education,0,"Series A",24,"United States",3/28/2020
Wondery,"Los Angeles",100.0,2025-08-04,,Media,0,Acquired,15,"United States",8/5/2025
Wonolo,"SF Bay Area",46.0,2020-04-01,0.13,Recruiting,0,"Series C",52,"United States",3/28/2020
Wordstream,Boston,26.0,2020-04-06,0.1,Marketing,0,Acquired,28,"United States",4/9/2020
Workable,Boston,25.0,2020-05-05,0.1,Recruiting,0,"Series C",84,"United States",5/6/2020
Workato,"SF Bay Area",90.0,2023-02-01,0.1,Other,0,"Series E",415,"United States",2/7/2023
Workday,"SF Bay Area",1750.0,2025-02-05,0.08,HR,0,Post-IPO,230,"United States",2/5/2025
Workday,"SF Bay Area",400.0,2026-02-04,0.02,HR,0,Post-IPO,230,"United States",2/5/2026
Workday,"SF Bay Area",525.0,2023-01-31,0.03,HR,0,Post-IPO,230,"United States",1/31/2023
Workfellow,"Espoo, Non-U.S.",,2024-02-07,1.0,HR,0,Seed,3,Finland,2/7/2024
Workfront,"Salt Lake City",,2020-05-14,,Marketing,0,"Series C",375,"United States",5/14/2020
Workhuman,"Dublin, Non-U.S.",130.0,2023-03-21,0.1,HR,0,Unknown,131,Ireland,3/21/2023
"Workit Health","Ann Arbor",100.0,2023-04-07,,Healthcare,0,"Series C",138,"United States",4/9/2023
Workmotion,"Berlin, Non-U.S.",60.0,2022-12-15,0.2,HR,0,"Series B",76,Germany,1/4/2023
WorkRamp,"SF Bay Area",35.0,2022-09-15,0.2,HR,0,"Series C",67,"United States",9/21/2022
Workrise,Austin,450.0,2022-04-05,,Energy,0,"Series E",752,"United States",3/25/2022
Worksmith,Austin,30.0,2020-11-09,0.5,Retail,0,Unknown,4,"United States",11/12/2020
Workstream,"SF Bay Area",45.0,2022-07-22,,HR,0,"Series B",58,"United States",8/3/2022
Woven,Indianapolis,5.0,2022-08-16,0.15,HR,0,"Series A",11,"United States",8/17/2022
Wyre,"SF Bay Area",,2023-01-04,1.0,Crypto,0,Unknown,29,"United States",1/6/2023
xAI,"SF Bay Area",500.0,2025-09-12,,AI,0,Unknown,22700,"United States",9/15/2025
Xendit,"Jakarta, Non-U.S.",,2024-01-22,,Finance,0,"Series D",534,Indonesia,1/25/2024
Xendit,"Jakarta, Non-U.S.",,2023-08-16,,Finance,0,"Series D",534,Indonesia,2/2/2024
Xendit,"Jakarta, Non-U.S.",,2022-10-04,0.05,Finance,0,"Series D",534,Indonesia,10/5/2022
Xendit,"Jakarta, Non-U.S.",200.0,2024-01-22,,Finance,0,"Series D",534,Indonesia,2/2/2024
Xentral,"Munich, Non-U.S.",20.0,2022-12-10,0.1,Product,0,"Series B",94,Germany,12/13/2022
Xero,"Wellington, Non-U.S.",250.0,2026-02-18,,Finance,0,Post-IPO,681,"New Zealand",6/10/2026
Xero,"Wellington, Non-U.S.",800.0,2023-03-09,0.15,Finance,0,Post-IPO,681,"New Zealand",3/9/2023
Xerox,Norwalk,3000.0,2024-01-03,0.15,Hardware,0,Post-IPO,27200,"United States",2/29/2024
Xerpa,"Sao Paulo, Non-U.S.",10.0,2020-04-14,,HR,0,Unknown,5,Brazil,4/14/2020
Xiaohongshu,"Shanghai, Non-U.S.",180.0,2022-04-21,0.09,Consumer,0,"Series E",917,China,4/23/2022
Xiaomi,"Beijing, Non-U.S.",,2022-12-19,,Consumer,0,Post-IPO,7400,China,12/19/2022
"Xiaomi India","Bengaluru, Non-U.S.",30.0,2023-06-29,,Other,0,Subsidiary,0,India,6/30/2023
Xing,"Hamburg, Non-U.S.",68.0,2023-03-21,,HR,0,"Series A",0,Germany,3/21/2023
Xolo,"Tallinn, Non-U.S.",24.0,2023-09-04,,Finance,0,"Series A",11,Estonia,9/4/2023
XP,"Sao Paulo, Non-U.S.",,2023-01-17,,Finance,0,Post-IPO,0,Brazil,1/27/2023
"Xsight Labs","Tel Aviv, Non-U.S.",,2022-09-07,,Other,0,"Series D",100,Israel,9/8/2022
Yabonza,"Sydney, Non-U.S.",,2022-07-29,1.0,"Real Estate",0,Unknown,6,Australia,8/24/2022
Yahoo,"SF Bay Area",,2024-12-12,,Consumer,0,Acquired,6,"United States",12/13/2024
Yahoo,"SF Bay Area",,2023-12-05,,Consumer,0,Acquired,6,"United States",1/30/2024
Yahoo,"SF Bay Area",1600.0,2023-02-09,0.2,Consumer,0,Acquired,6,"United States",2/9/2023
Yapily,"London, Non-U.S.",,2022-12-01,,Finance,0,"Series A",69,"United Kingdom",12/3/2022
Yellow.ai,"SF Bay Area",100.0,2025-12-23,0.3,Support,0,"Series C",102,"United States",12/26/2025
Yellow.ai,"SF Bay Area",200.0,2023-03-01,,Support,0,"Series C",102,"United States",3/2/2023
Yelp,"SF Bay Area",1000.0,2020-04-09,0.17,Consumer,0,Post-IPO,56,"United States",4/9/2020
Yelp,"SF Bay Area",63.0,2020-07-13,,Consumer,0,Post-IPO,56,"United States",7/13/2020
Yext,"New York City",,2023-01-23,0.08,Marketing,0,Post-IPO,117,"United States",1/23/2023
Yext,"New York City",,2024-06-05,0.12,Marketing,0,Post-IPO,117,"United States",6/5/2024
"Yield Guild Games","New York City",35.0,2026-07-06,,Crypto,0,Unknown,36,"United States",7/8/2026
Ynsect,"Paris, Non-U.S.",17.0,2023-04-17,0.25,Food,0,"Series D",579,France,4/18/2023
Yoco,"Cape Town, Non-U.S.",,2020-04-29,,Finance,0,"Series B",23,"South Africa",5/15/2020
Yojak,"Gurugram, Non-U.S.",140.0,2022-06-02,0.5,Construction,0,Seed,3,India,6/5/2022
"Yolo Group","Tallinn, Non-U.S.",280.0,2025-09-23,,Finance,0,Unknown,0,Estonia,5/20/2026
Yonder,Austin,18.0,2020-03-20,,Media,0,"Series A",16,"United States",3/28/2020
Yotpo,"New York City",200.0,2025-08-05,0.34,Marketing,0,Unknown,436,"United States",8/5/2025
Yotpo,"New York City",70.0,2022-11-16,0.09,Marketing,0,Unknown,436,"United States",11/17/2022
YourGrocer,"Melbourne, Non-U.S.",,2022-12-19,1.0,Food,0,Unknown,2,Australia,12/27/2022
YouTube,"SF Bay Area",100.0,2024-01-17,,Media,0,Acquired,11,"United States",1/17/2024
"Yuga Labs",Miami,,2023-10-06,,Crypto,0,Unknown,450,"United States",10/6/2023
Yummly,"SF Bay Area",,2024-04-03,1.0,Food,0,Acquired,24,"United States",4/3/2024
Yupp,"SF Bay Area",,2026-03-31,1.0,AI,0,Seed,33,"United States",4/1/2026
Zak,"Sao Paulo, Non-U.S.",100.0,2022-05-16,0.4,Food,0,"Series A",29,Brazil,5/17/2022
Zalando,"Berlin, Non-U.S.",,2023-02-21,,Retail,0,Post-IPO,467,Germany,2/21/2023
Zalando,"Berlin, Non-U.S.",,2023-06-13,,Retail,0,Post-IPO,468,Germany,7/5/2023
"Zap Africa","Lagos, Non-U.S.",,2026-02-28,0.44,Finance,0,Seed,0,Nigeria,3/3/2026
"Zapata Computing",Boston,,2024-10-07,1.0,Other,0,Post-IPO,82,"United States",10/15/2024
Zapier,"SF Bay Area",,2023-06-28,0.1,Other,0,Seed,1,"United States",6/28/2023
Zapp,"London, Non-U.S.",,2022-05-25,0.1,Food,0,,300,"United Kingdom",5/27/2022
Zapp,"London, Non-U.S.",,2024-10-08,0.9,Food,0,"Series B",300,"United Kingdom",10/9/2024
Zappos,"Las Vegas",,2023-01-20,,Retail,0,Acquired,62,"United States",1/21/2023
Zappos,"Las Vegas",,2022-09-20,0.04,Retail,0,Acquired,62,"United States",9/24/2022
Zazuu,London,,2023-11-17,,Finance,0,Unknown,0,"United Kingdom",11/18/2023
"Zebra Technologies",Chicago,,2025-12-12,,Manufacturing,0,Post-IPO,2000,"United States",12/19/2025
"Zebra Technologies",Chicago,700.0,2023-08-28,0.07,Manufacturing,0,Post-IPO,2000,"United States",8/28/2023
Zeen,"SF Bay Area",,2025-07-21,1.0,Consumer,0,Unknown,9,"United States",7/22/2025
Zego,"London, Non-U.S.",85.0,2022-07-14,0.17,Finance,0,"Series C",202,"United Kingdom",7/14/2022
Zeitgold,"Berlin, Non-U.S.",75.0,2020-07-27,0.72,Finance,0,"Series B",60,Germany,8/3/2020
ZenBusiness,Austin,,2022-11-10,,Other,0,"Series C",277,"United States",11/11/2022
Zencity,"Tel Aviv, Non-U.S.",15.0,2026-06-07,,Other,0,Unknown,51,Israel,6/8/2026
Zencity,"Tel Aviv, Non-U.S.",30.0,2022-07-20,0.2,Other,0,Unknown,51,Israel,7/20/2022
Zendesk,"SF Bay Area",100.0,2026-03-24,,Support,0,Acquired,85,"United States",3/31/2026
Zendesk,"SF Bay Area",320.0,2023-05-31,0.08,Support,0,Acquired,85,"United States",6/1/2023
Zendesk,"SF Bay Area",350.0,2022-11-07,0.05,Support,0,Acquired,85,"United States",11/7/2022
Zendesk,"SF Bay Area",51.0,2025-02-21,,Support,0,Acquired,85,"United States",2/21/2025
Zendesk,"SF Bay Area",80.0,2022-08-04,,Support,0,Acquired,85,"United States",8/5/2022
Zenefits,"SF Bay Area",87.0,2020-04-23,0.15,HR,0,"Series C",583,"United States",4/24/2020
Zenius,"Jakarta, Non-U.S.",,2022-08-04,0.3,Education,0,"Series B",20,Indonesia,8/4/2022
Zenius,"Jakarta, Non-U.S.",200.0,2022-05-24,,Education,0,"Series B",20,Indonesia,5/25/2022
Zenjob,"Berlin, Non-U.S.",,2022-09-29,,HR,0,"Series D",107,Germany,9/30/2022
ZenLedger,Seattle,,2022-12-09,0.1,Crypto,0,"Series B",25,"United States",12/11/2022
Zenoti,Seattle,17.0,2020-03-31,0.04,Fitness,0,"Series C",91,"United States",3/31/2020
Zeplin,"SF Bay Area",37.0,2023-08-30,0.35,Product,0,Seed,1,"United States",8/30/2023
Zepto,"Brisbane, Non-U.S.",,2022-07-02,0.1,Finance,0,"Series A",25,Australia,7/4/2022
Zepto,"Mumbai, Non-U.S.",300.0,2025-10-18,0.05,Retail,0,"Series H",2600,India,12/2/2025
Zepz,"London, Non-U.S.",200.0,2025-02-12,0.2,Finance,0,"Series E",700,"United Kingdom",2/12/2025
Zepz,"London, Non-U.S.",30.0,2023-11-30,0.02,Finance,0,"Series E",700,"United Kingdom",12/2/2023
Zepz,"London, Non-U.S.",420.0,2023-05-16,0.26,Finance,0,"Series E",700,"United Kingdom",5/16/2023
Zerto,Boston,,2020-03-31,,Infrastructure,0,"Series E",130,"United States",4/1/2020
"Zest AI","Los Angeles",,2020-04-09,,Finance,0,Unknown,217,"United States",4/12/2020
ZestMoney,"Bengaluru, Non-U.S.",100.0,2023-04-07,0.2,Finance,0,"Series C",120,India,4/1/2023
ZestMoney,"Bengaluru, Non-U.S.",150.0,2023-12-05,1.0,Finance,0,"Series C",120,India,12/6/2023
"Zeus Living","SF Bay Area",,2023-11-07,1.0,"Real Estate",0,"Series C",151,"United States",11/7/2023
"Zeus Living","SF Bay Area",64.0,2022-10-20,0.46,"Real Estate",0,"Series C",151,"United States",10/21/2022
"Zeus Living","SF Bay Area",73.0,2020-05-12,0.5,"Real Estate",0,"Series B",79,"United States",5/12/2020
"Zeus Living","SF Bay Area",80.0,2020-03-24,0.3,"Real Estate",0,"Series B",79,"United States",3/28/2020
Zhihu,"Beijing, Non-U.S.",,2022-12-20,0.1,Consumer,0,"Series F",892,China,12/21/2022
Zilch,"London, Non-U.S.",,2022-11-26,,Finance,0,Unknown,389,"United Kingdom",11/29/2022
Zilingo,"Singapore, Non-U.S.",100.0,2020-07-09,0.12,Retail,0,"Series D",307,Singapore,7/9/2020
Zilingo,"Singapore, Non-U.S.",44.0,2020-04-17,0.05,Retail,0,"Series D",307,Singapore,4/19/2020
Zillow,Seattle,,2025-01-10,,"Real Estate",0,Post-IPO,97,"United States",1/15/2025
Zillow,Seattle,200.0,2026-02-02,,"Real Estate",0,Post-IPO,97,"United States",2/5/2026
Zillow,Seattle,2000.0,2021-11-02,0.25,"Real Estate",0,Post-IPO,97,"United States",11/2/2021
Zillow,Seattle,23.0,2023-11-07,,"Real Estate",0,Post-IPO,97,"United States",11/8/2023
Zillow,Seattle,300.0,2022-10-26,0.05,"Real Estate",0,Post-IPO,97,"United States",10/26/2022
Zinier,"SF Bay Area",,2020-11-25,,HR,0,"Series C",120,"United States",12/1/2020
Zip,"Sydney, Non-U.S.",300.0,2023-07-02,0.2,Finance,0,Post-IPO,896,Australia,7/5/2023
Zipcar,Boston,100.0,2020-03-27,0.2,Transportation,0,Acquired,107,"United States",3/28/2020
Zipcar,Boston,126.0,2026-02-02,,Transportation,0,Acquired,107,"United States",2/10/2026
ZipRecruiter,"Los Angeles",270.0,2023-05-31,0.2,Recruiting,0,Post-IPO,769,"United States",5/31/2023
ZipRecruiter,"Los Angeles",400.0,2020-03-29,0.39,Recruiting,0,"Series B",219,"United States",3/29/2020
ZipRecruiter,"Tel Aviv, Non-U.S.",80.0,2025-09-16,,Recruiting,0,Post-IPO,769,"United States",9/16/2025
Ziroom,"Beijing, Non-U.S.",,2022-06-10,0.2,"Real Estate",0,Unknown,2100,China,6/11/2022
Zoe,"London, Non-U.S.",,2024-04-11,0.2,Healthcare,0,"Series B",89,"United Kingdom",4/12/2024
Zola,"New York City",,2020-04-08,0.2,Retail,0,"Series D",140,"United States",4/8/2020
Zomato,"Gurugram, Non-U.S.",100.0,2022-11-19,0.04,Food,0,"Series J",914,India,11/20/2022
Zomato,"Gurugram, Non-U.S.",520.0,2020-05-15,0.13,Food,0,"Series J",914,India,5/15/2020
Zomato,"Gurugram, Non-U.S.",600.0,2025-04-01,,Food,0,"Series J",914,India,12/9/2025
Zomato,"Jakarta, Non-U.S.",,2020-10-20,,Food,0,"Series J",914,Indonesia,10/22/2020
"Zonar Systems",Seattle,,2025-03-09,,Logistics,0,Acquired,50,"United States",3/12/2025
Zondacrypto,"Tallinn, Non-U.S.",,2026-04-21,,Crypto,0,,0,Estonia,7/13/2026
Zoom,"SF Bay Area",1300.0,2023-02-07,0.15,Other,0,Post-IPO,276,"United States",2/7/2023
Zoom,"SF Bay Area",150.0,2024-02-01,0.02,Other,0,Post-IPO,276,"United States",2/1/2024
ZoomInfo,Portland,600.0,2026-05-10,0.2,Sales,0,Post-IPO,7,"United States",5/11/2026
ZoomInfo,"Vancouver, Non-U.S.",120.0,2023-06-02,0.03,Sales,0,Post-IPO,7,Canada,6/2/2023
ZoomInfo,"Vancouver, Non-U.S.",150.0,2025-06-09,0.04,Sales,0,Post-IPO,7,Canada,6/10/2025
Zoomo,"Sydney, Non-U.S.",27.0,2023-05-02,0.08,Transportation,0,"Series B",105,Australia,5/2/2023
Zoomo,"Sydney, Non-U.S.",65.0,2022-10-04,0.16,Transportation,0,"Series B",105,Australia,10/5/2022
Zoopla,"London, Non-U.S.",50.0,2022-12-23,,"Real Estate",0,"Series C",25,"United Kingdom",12/30/2022
Zoox,"SF Bay Area",100.0,2020-04-13,0.1,Transportation,0,"Series B",955,"United States",4/14/2020
Zoox,"SF Bay Area",120.0,2020-04-03,,Transportation,0,"Series B",955,"United States",4/7/2020
Zopper,"Noida, Non-U.S.",100.0,2025-04-17,,Finance,0,"Series D",125,India,4/18/2025
Zscaler,"SF Bay Area",177.0,2023-03-02,0.03,Security,0,Post-IPO,148,"United States",3/3/2023
Zulily,Seattle,,2023-03-07,,Retail,0,Acquired,194,"United States",3/10/2023
Zulily,Seattle,,2022-05-16,,Retail,0,Acquired,194,"United States",5/17/2022
Zulily,Seattle,,2023-06-16,,Retail,0,Acquired,194,"United States",6/17/2023
Zulily,Seattle,839.0,2023-12-08,1.0,Retail,0,Acquired,194,"United States",12/8/2023
Zum,"SF Bay Area",28.0,2020-04-20,,Transportation,0,"Series C",71,"United States",4/23/2020
Zume,"SF Bay Area",,2023-06-02,1.0,Food,0,Unknown,423,"United States",6/4/2023
Zume,"SF Bay Area",200.0,2020-04-15,0.67,Food,0,Unknown,423,"United States",4/15/2020
Zumper,"SF Bay Area",45.0,2022-06-16,0.15,"Real Estate",0,"Series D",178,"United States",6/16/2022
Zuora,"SF Bay Area",,2024-01-31,0.08,Finance,0,Post-IPO,647,"United States",2/2/2024
Zuora,"SF Bay Area",,2022-12-06,0.11,Finance,0,Post-IPO,647,"United States",12/7/2022
Zupee,"New Delhi, Non-U.S.",170.0,2025-09-11,0.3,Consumer,0,"Series B",121,India,9/15/2025
Zupee,"New Delhi, Non-U.S.",200.0,2026-01-30,,Consumer,0,"Series B",121,India,2/3/2026
Zwift,"Los Angeles",,2024-02-05,,Fitness,0,"Series C",619,"United States",2/6/2024
Zwift,"Los Angeles",,2020-03-23,,Fitness,0,"Series B",164,"United States",4/2/2020
Zwift,"Los Angeles",150.0,2022-05-12,,Fitness,0,"Series C",619,"United States",5/12/2022
Zwift,"Los Angeles",80.0,2023-03-07,0.15,Fitness,0,"Series C",619,"United States",3/8/2023
Zylo,Indianapolis,,2023-08-18,0.1,Other,0,"Series C",72,"United States",8/19/2023
Zymergen,"SF Bay Area",,2020-05-13,0.1,Other,0,"Series C",574,"United States",5/29/2020
Zymergen,"SF Bay Area",120.0,2021-09-23,,Other,0,Post-IPO,974,"United States",9/25/2021
Zymergen,"SF Bay Area",27.0,2023-05-03,,Other,0,Acquired,974,"United States",5/5/2023
Zymergen,"SF Bay Area",80.0,2022-07-25,,Other,0,Acquired,974,"United States",8/26/2022
Zymergen,"SF Bay Area",80.0,2022-08-26,,Other,0,Acquired,974,"United States",8/26/2022
Zywave,Milwaukee,,2022-12-07,,Finance,0,Acquired,0,"United States",12/9/2022
